Running search (timeout is 1000000 iterations):

Progress Update: 

Lowest Cost Discovered (121)     Lowest Known Correct Cost (2)     
                                                                   
._Z11transform32jj:              ._Z11transform32jj:               
movzbq %sil, %r8                 movl %edi, %eax                   
xorl %eax, %eax                  subl %esi, %eax                   
retq                             retq                              

********************************************************************************

Progress Update: 

Lowest Cost Discovered (120)     Lowest Known Correct Cost (2)     
                                                                   
._Z11transform32jj:              ._Z11transform32jj:               
xorl %eax, %eax                  movl %edi, %eax                   
andl %edi, %esi                  subl %esi, %eax                   
movzbl %sil, %edx                retq                              
retq                                                               

********************************************************************************

Progress Update: 

Lowest Cost Discovered (118)     Lowest Known Correct Cost (2)     
                                                                   
._Z11transform32jj:              ._Z11transform32jj:               
movzbl %sil, %esi                movl %edi, %eax                   
xorl %eax, %eax                  subl %esi, %eax                   
addl %esi, %edi                  retq                              
retq                                                               

********************************************************************************

Progress Update: 

Lowest Cost Discovered (108)     Lowest Known Correct Cost (2)     
                                                                   
._Z11transform32jj:              ._Z11transform32jj:               
xorl %eax, %eax                  movl %edi, %eax                   
movzbq %sil, %rsi                subl %esi, %eax                   
sbbl %esi, %edi                  retq                              
retq                                                               

********************************************************************************

Progress Update: 

Lowest Cost Discovered (11)     Lowest Known Correct Cost (2)     
                                                                  
._Z11transform32jj:             ._Z11transform32jj:               
xorl %eax, %eax                 movl %edi, %eax                   
movzbq %sil, %rax               subl %esi, %eax                   
sbbl %esi, %edi                 retq                              
retq                                                              

********************************************************************************

Progress Update: 

Lowest Cost Discovered (3)     Lowest Known Correct Cost (2)     
                                                                 
._Z11transform32jj:            ._Z11transform32jj:               
subl %esi, %edi                movl %edi, %eax                   
movsbl %dil, %eax              subl %esi, %eax                   
xaddq %rax, %rdi               retq                              
retq                                                             

********************************************************************************

Progress Update: 

Lowest Cost Discovered (2)     Lowest Known Correct Cost (2)     
                                                                 
._Z11transform32jj:            ._Z11transform32jj:               
subl %esi, %edi                movl %edi, %eax                   
movq %rdi, %rax                subl %esi, %eax                   
retq                           retq                              

********************************************************************************

Statistics Update: 

Iterations:                    100000
Elapsed Time:                  0.324604s
Iterations/s:                  308068

Starting cost:                 127
Lowest cost:                   2
Lowest correct cost:           2

Move Type       Proposed     Succeeded     Accepted     
                                                        
Add Nops        0%           0%            0%           
Delete          0%           0%            0%           
Instruction     14.365%      2.331%        0.603%       
Opcode          14.245%      6.464%        3.019%       
OpcodeWidth     14.357%      4.837%        3.026%       
Operand         14.162%      7.333%        4.772%       
Local Swap      14.237%      2.43%         0.988%       
Global Swap     14.421%      3.851%        1.663%       
Rotate          14.213%      4.117%        1.816%       
                                                        
Total           100%         31.363%       15.887%      

********************************************************************************

Statistics Update: 

Iterations:                    200000
Elapsed Time:                  0.618423s
Iterations/s:                  323403

Starting cost:                 127
Lowest cost:                   2
Lowest correct cost:           2

Move Type       Proposed     Succeeded     Accepted     
                                                        
Add Nops        0%           0%            0%           
Delete          0%           0%            0%           
Instruction     14.335%      2.32%         0.7085%      
Opcode          14.2805%     6.216%        2.88%        
OpcodeWidth     14.2945%     4.8955%       3.195%       
Operand         14.2285%     7.31%         4.7795%      
Local Swap      14.3275%     2.516%        0.945%       
Global Swap     14.368%      3.9615%       1.5935%      
Rotate          14.166%      4.154%        1.7135%      
                                                        
Total           100%         31.373%       15.815%      

********************************************************************************

Statistics Update: 

Iterations:                    300000
Elapsed Time:                  0.912506s
Iterations/s:                  328765

Starting cost:                 127
Lowest cost:                   2
Lowest correct cost:           2

Move Type       Proposed     Succeeded     Accepted      
                                                         
Add Nops        0%           0%            0%            
Delete          0%           0%            0%            
Instruction     14.2833%     2.27867%      0.728667%     
Opcode          14.322%      6.09167%      2.82633%      
OpcodeWidth     14.336%      4.89%         3.21167%      
Operand         14.217%      7.36767%      4.85833%      
Local Swap      14.2987%     2.538%        0.928667%     
Global Swap     14.3677%     4.01533%      1.55833%      
Rotate          14.1753%     4.18033%      1.71233%      
                                                         
Total           100%         31.3617%      15.8243%      

********************************************************************************

Statistics Update: 

Iterations:                    400000
Elapsed Time:                  1.20643s
Iterations/s:                  331557

Starting cost:                 127
Lowest cost:                   2
Lowest correct cost:           2

Move Type       Proposed     Succeeded     Accepted     
                                                        
Add Nops        0%           0%            0%           
Delete          0%           0%            0%           
Instruction     14.2658%     2.245%        0.74775%     
Opcode          14.2915%     6.03025%      2.83475%     
OpcodeWidth     14.329%      4.88025%      3.232%       
Operand         14.2188%     7.3385%       4.84075%     
Local Swap      14.2812%     2.5635%       0.934%       
Global Swap     14.3615%     4.03925%      1.54625%     
Rotate          14.2523%     4.245%        1.71175%     
                                                        
Total           100%         31.3418%      15.8473%     

********************************************************************************

Statistics Update: 

Iterations:                    500000
Elapsed Time:                  1.49774s
Iterations/s:                  333835

Starting cost:                 127
Lowest cost:                   2
Lowest correct cost:           2

Move Type       Proposed     Succeeded     Accepted     
                                                        
Add Nops        0%           0%            0%           
Delete          0%           0%            0%           
Instruction     14.252%      2.2306%       0.7488%      
Opcode          14.3066%     6.007%        2.846%       
OpcodeWidth     14.335%      4.8724%       3.2348%      
Operand         14.2452%     7.3584%       4.8544%      
Local Swap      14.2666%     2.5402%       0.9286%      
Global Swap     14.329%      4.0094%       1.52%        
Rotate          14.2656%     4.2352%       1.6886%      
                                                        
Total           100%         31.2532%      15.8212%     

********************************************************************************

Statistics Update: 

Iterations:                    600000
Elapsed Time:                  1.79189s
Iterations/s:                  334843

Starting cost:                 127
Lowest cost:                   2
Lowest correct cost:           2

Move Type       Proposed     Succeeded     Accepted      
                                                         
Add Nops        0%           0%            0%            
Delete          0%           0%            0%            
Instruction     14.2377%     2.23%         0.748167%     
Opcode          14.32%       5.9845%       2.853%        
OpcodeWidth     14.3057%     4.86233%      3.23117%      
Operand         14.2863%     7.39683%      4.89017%      
Local Swap      14.2812%     2.5445%       0.932667%     
Global Swap     14.3085%     3.97867%      1.51183%      
Rotate          14.2607%     4.22767%      1.68133%      
                                                         
Total           100%         31.2245%      15.8483%      

********************************************************************************

Statistics Update: 

Iterations:                    700000
Elapsed Time:                  2.08529s
Iterations/s:                  335685

Starting cost:                 127
Lowest cost:                   2
Lowest correct cost:           2

Move Type       Proposed     Succeeded     Accepted      
                                                         
Add Nops        0%           0%            0%            
Delete          0%           0%            0%            
Instruction     14.2239%     2.21757%      0.746286%     
Opcode          14.307%      5.97271%      2.83986%      
OpcodeWidth     14.3066%     4.85871%      3.22871%      
Operand         14.3193%     7.40429%      4.89257%      
Local Swap      14.2736%     2.54014%      0.932714%     
Global Swap     14.323%      3.988%        1.50657%      
Rotate          14.2467%     4.22843%      1.67171%      
                                                         
Total           100%         31.2099%      15.8184%      

********************************************************************************

Statistics Update: 

Iterations:                    800000
Elapsed Time:                  2.37977s
Iterations/s:                  336167

Starting cost:                 127
Lowest cost:                   2
Lowest correct cost:           2

Move Type       Proposed     Succeeded     Accepted      
                                                         
Add Nops        0%           0%            0%            
Delete          0%           0%            0%            
Instruction     14.2203%     2.22025%      0.747125%     
Opcode          14.2915%     5.96%         2.83462%      
OpcodeWidth     14.3131%     4.86525%      3.231%        
Operand         14.2993%     7.38887%      4.88162%      
Local Swap      14.2851%     2.54838%      0.934625%     
Global Swap     14.3129%     3.99412%      1.50188%      
Rotate          14.2779%     4.24225%      1.67687%      
                                                         
Total           100%         31.2191%      15.8078%      

********************************************************************************

Statistics Update: 

Iterations:                    900000
Elapsed Time:                  2.67358s
Iterations/s:                  336627

Starting cost:                 127
Lowest cost:                   2
Lowest correct cost:           2

Move Type       Proposed     Succeeded     Accepted      
                                                         
Add Nops        0%           0%            0%            
Delete          0%           0%            0%            
Instruction     14.2034%     2.22367%      0.75%         
Opcode          14.311%      5.96067%      2.83711%      
OpcodeWidth     14.29%       4.87722%      3.24433%      
Operand         14.3058%     7.37444%      4.87544%      
Local Swap      14.2948%     2.54556%      0.929889%     
Global Swap     14.3122%     3.99822%      1.50289%      
Rotate          14.2828%     4.24433%      1.68022%      
                                                         
Total           100%         31.2241%      15.8199%      

********************************************************************************

Statistics Update: 

Iterations:                    1000000
Elapsed Time:                  2.96679s
Iterations/s:                  337065

Starting cost:                 127
Lowest cost:                   2
Lowest correct cost:           2

Move Type       Proposed     Succeeded     Accepted     
                                                        
Add Nops        0%           0%            0%           
Delete          0%           0%            0%           
Instruction     14.2214%     2.2202%       0.7598%      
Opcode          14.3083%     5.9468%       2.8443%      
OpcodeWidth     14.2957%     4.883%        3.2476%      
Operand         14.3102%     7.3792%       4.8774%      
Local Swap      14.2851%     2.5374%       0.9239%      
Global Swap     14.3016%     3.9992%       1.4993%      
Rotate          14.2777%     4.247%        1.6682%      
                                                        
Total           100%         31.2128%      15.8205%     

********************************************************************************

Line no: 0 (0, 4)
Line no: 1 (0, 4)
Line no: 2 (0, 4)
Line no: 3 (0, 4)
Line no: 0 (0, 4)
Line no: 1 (0, 4)
Line no: 2 (0, 4)
Line no: 3 (0, 4)
Checking for leakage on path:

Line map: 4
Examining BB: 1
Instr at index 1, line 0: movl %edi, %eax
Leakage as of index 0: 1
Instr at index 1, line 1: movl %edi, %eax
Leakage as of index 1: 1
Instr at index 1, line 2: movl %edi, %eax
Leakage as of index 2: 1
Instr at index 1, line 3: movl %edi, %eax
Leakage as of index 3: 1
Unable to discover a new correct rewrite before timing out... 

********************************************************************************

Restarting search
Running search (timeout is 1000000 iterations):

Progress Update: 

Lowest Cost Discovered (122)     Lowest Known Correct Cost (2)     
                                                                   
._Z11transform32jj:              ._Z11transform32jj:               
movzbq %sil, %r11                movl %edi, %eax                   
rolw $0x1, %si                   subl %esi, %eax                   
xorq %rax, %rax                  retq                              
retq                                                               

********************************************************************************

Progress Update: 

Lowest Cost Discovered (121)     Lowest Known Correct Cost (2)     
                                                                   
._Z11transform32jj:              ._Z11transform32jj:               
xorq %rax, %rax                  movl %edi, %eax                   
movzbl %sil, %r11d               subl %esi, %eax                   
andl $0x5, %esi                  retq                              
retq                                                               

********************************************************************************

Progress Update: 

Lowest Cost Discovered (117)     Lowest Known Correct Cost (2)     
                                                                   
._Z11transform32jj:              ._Z11transform32jj:               
xorq %rax, %rax                  movl %edi, %eax                   
movzbl %sil, %r11d               subl %esi, %eax                   
shll $0x5, %esi                  retq                              
retq                                                               

********************************************************************************

Progress Update: 

Lowest Cost Discovered (116)     Lowest Known Correct Cost (2)     
                                                                   
._Z11transform32jj:              ._Z11transform32jj:               
movzbl %sil, %ecx                movl %edi, %eax                   
xorq %rax, %rax                  subl %esi, %eax                   
sall $0x7, %esi                  retq                              
retq                                                               

********************************************************************************

Progress Update: 

Lowest Cost Discovered (114)     Lowest Known Correct Cost (2)     
                                                                   
._Z11transform32jj:              ._Z11transform32jj:               
xorl %eax, %eax                  movl %edi, %eax                   
sbbq $0x40, %rsi                 subl %esi, %eax                   
incl %esi                        retq                              
retq                                                               

********************************************************************************

Progress Update: 

Lowest Cost Discovered (112)     Lowest Known Correct Cost (2)     
                                                                   
._Z11transform32jj:              ._Z11transform32jj:               
orl $0x80, %edi                  movl %edi, %eax                   
sbbl $0x40, %esi                 subl %esi, %eax                   
xorq %rax, %rax                  retq                              
retq                                                               

********************************************************************************

Progress Update: 

Lowest Cost Discovered (111)     Lowest Known Correct Cost (2)     
                                                                   
._Z11transform32jj:              ._Z11transform32jj:               
xorl $0x8, %edi                  movl %edi, %eax                   
sbbl $0x40, %esi                 subl %esi, %eax                   
xorq %rax, %rax                  retq                              
retq                                                               

********************************************************************************

Progress Update: 

Lowest Cost Discovered (110)     Lowest Known Correct Cost (2)     
                                                                   
._Z11transform32jj:              ._Z11transform32jj:               
xorq %rax, %rax                  movl %edi, %eax                   
adcl $0x6, %edi                  subl %esi, %eax                   
subl $0x40, %esi                 retq                              
retq                                                               

********************************************************************************

Progress Update: 

Lowest Cost Discovered (34)     Lowest Known Correct Cost (2)     
                                                                  
._Z11transform32jj:             ._Z11transform32jj:               
subl $0x2, %edi                 movl %edi, %eax                   
sbbl %esi, %edi                 subl %esi, %eax                   
xorl %eax, %eax                 retq                              
retq                                                              

********************************************************************************

Progress Update: 

Lowest Cost Discovered (30)     Lowest Known Correct Cost (2)     
                                                                  
._Z11transform32jj:             ._Z11transform32jj:               
subq $0xfffffffc, %rdi          movl %edi, %eax                   
sbbl %esi, %edi                 subl %esi, %eax                   
xorl %eax, %eax                 retq                              
retq                                                              

********************************************************************************

Progress Update: 

Lowest Cost Discovered (22)     Lowest Known Correct Cost (2)     
                                                                  
._Z11transform32jj:             ._Z11transform32jj:               
subq $0xfffffffc, %rdi          movl %edi, %eax                   
xorl %eax, %eax                 subl %esi, %eax                   
sbbl %esi, %edi                 retq                              
retq                                                              

********************************************************************************

Progress Update: 

Lowest Cost Discovered (11)     Lowest Known Correct Cost (2)     
                                                                  
._Z11transform32jj:             ._Z11transform32jj:               
subl %esi, %edi                 movl %edi, %eax                   
subq $0x0, %rdi                 subl %esi, %eax                   
xorl %eax, %eax                 retq                              
retq                                                              

********************************************************************************

Progress Update: 

Lowest Cost Discovered (3)     Lowest Known Correct Cost (2)     
                                                                 
._Z11transform32jj:            ._Z11transform32jj:               
xorq %rax, %rax                movl %edi, %eax                   
subl %esi, %edi                subl %esi, %eax                   
xorl %edi, %eax                retq                              
retq                                                             

********************************************************************************

Progress Update: 

Lowest Cost Discovered (2)     Lowest Known Correct Cost (2)     
                                                                 
._Z11transform32jj:            ._Z11transform32jj:               
movq %rdi, %rax                movl %edi, %eax                   
subl %esi, %eax                subl %esi, %eax                   
retq                           retq                              

********************************************************************************

Statistics Update: 

Iterations:                    100000
Elapsed Time:                  0.283068s
Iterations/s:                  353272

Starting cost:                 127
Lowest cost:                   2
Lowest correct cost:           2

Move Type       Proposed     Succeeded     Accepted     
                                                        
Add Nops        0%           0%            0%           
Delete          0%           0%            0%           
Instruction     14.153%      2.699%        0.648%       
Opcode          14.277%      7.204%        3.757%       
OpcodeWidth     14.356%      4.478%        2.549%       
Operand         14.279%      8.156%        4.596%       
Local Swap      14.318%      1.395%        1.139%       
Global Swap     14.365%      2.09%         1.73%        
Rotate          14.252%      2.367%        1.931%       
                                                        
Total           100%         28.389%       16.35%       

********************************************************************************

Statistics Update: 

Iterations:                    200000
Elapsed Time:                  0.575018s
Iterations/s:                  347815

Starting cost:                 127
Lowest cost:                   2
Lowest correct cost:           2

Move Type       Proposed     Succeeded     Accepted     
                                                        
Add Nops        0%           0%            0%           
Delete          0%           0%            0%           
Instruction     14.2295%     2.532%        0.707%       
Opcode          14.171%      6.535%        3.2565%      
OpcodeWidth     14.3895%     4.762%        2.905%       
Operand         14.2105%     7.8625%       4.6855%      
Local Swap      14.2945%     1.7045%       1.0095%      
Global Swap     14.425%      2.6645%       1.5645%      
Rotate          14.28%       2.938%        1.7565%      
                                                        
Total           100%         28.9985%      15.8845%     

********************************************************************************

Statistics Update: 

Iterations:                    300000
Elapsed Time:                  0.88531s
Iterations/s:                  338865

Starting cost:                 127
Lowest cost:                   2
Lowest correct cost:           2

Move Type       Proposed     Succeeded     Accepted      
                                                         
Add Nops        0%           0%            0%            
Delete          0%           0%            0%            
Instruction     14.2063%     2.441%        0.729667%     
Opcode          14.2297%     6.40067%      3.196%        
OpcodeWidth     14.384%      4.83667%      3.02333%      
Operand         14.2053%     7.72833%      4.81167%      
Local Swap      14.3253%     2.02033%      1.01433%      
Global Swap     14.4137%     3.125%        1.583%        
Rotate          14.2357%     3.38733%      1.772%        
                                                         
Total           100%         29.9393%      16.13%        

********************************************************************************

Statistics Update: 

Iterations:                    400000
Elapsed Time:                  1.18949s
Iterations/s:                  336278

Starting cost:                 127
Lowest cost:                   2
Lowest correct cost:           2

Move Type       Proposed     Succeeded     Accepted     
                                                        
Add Nops        0%           0%            0%           
Delete          0%           0%            0%           
Instruction     14.2305%     2.3825%       0.745%       
Opcode          14.216%      6.271%        3.07675%     
OpcodeWidth     14.3413%     4.83575%      3.06075%     
Operand         14.1913%     7.617%        4.82525%     
Local Swap      14.3277%     2.1705%       0.994%       
Global Swap     14.3885%     3.361%        1.56575%     
Rotate          14.3048%     3.63425%      1.761%       
                                                        
Total           100%         30.272%       16.0285%     

********************************************************************************

Statistics Update: 

Iterations:                    500000
Elapsed Time:                  1.46481s
Iterations/s:                  341341

Starting cost:                 127
Lowest cost:                   2
Lowest correct cost:           2

Move Type       Proposed     Succeeded     Accepted     
                                                        
Add Nops        0%           0%            0%           
Delete          0%           0%            0%           
Instruction     14.2706%     2.4504%       0.7334%      
Opcode          14.2268%     6.359%        3.1348%      
OpcodeWidth     14.3014%     4.7974%       3.0106%      
Operand         14.207%      7.7168%       4.782%       
Local Swap      14.3016%     1.9772%       0.971%       
Global Swap     14.3638%     3.0904%       1.5578%      
Rotate          14.3288%     3.3614%       1.7326%      
                                                        
Total           100%         29.7526%      15.9222%     

********************************************************************************

Statistics Update: 

Iterations:                    600000
Elapsed Time:                  1.74751s
Iterations/s:                  343345

Starting cost:                 127
Lowest cost:                   2
Lowest correct cost:           2

Move Type       Proposed     Succeeded     Accepted      
                                                         
Add Nops        0%           0%            0%            
Delete          0%           0%            0%            
Instruction     14.2567%     2.48783%      0.7205%       
Opcode          14.2562%     6.75083%      3.49983%      
OpcodeWidth     14.2743%     4.672%        2.89117%      
Operand         14.1953%     7.82667%      4.74917%      
Local Swap      14.3057%     1.83217%      0.956167%     
Global Swap     14.3608%     2.87533%      1.54267%      
Rotate          14.351%      3.15617%      1.72083%      
                                                         
Total           100%         29.601%       16.0803%      

********************************************************************************

Statistics Update: 

Iterations:                    700000
Elapsed Time:                  2.03945s
Iterations/s:                  343230

Starting cost:                 127
Lowest cost:                   2
Lowest correct cost:           2

Move Type       Proposed     Succeeded     Accepted      
                                                         
Add Nops        0%           0%            0%            
Delete          0%           0%            0%            
Instruction     14.266%      2.46343%      0.718143%     
Opcode          14.265%      6.644%        3.384%        
OpcodeWidth     14.2866%     4.70243%      2.92443%      
Operand         14.1916%     7.762%        4.73229%      
Local Swap      14.28%       1.87814%      0.945143%     
Global Swap     14.352%      2.95014%      1.52457%      
Rotate          14.3589%     3.23157%      1.698%        
                                                         
Total           100%         29.6317%      15.9266%      

********************************************************************************

Statistics Update: 

Iterations:                    800000
Elapsed Time:                  2.34611s
Iterations/s:                  340989

Starting cost:                 127
Lowest cost:                   2
Lowest correct cost:           2

Move Type       Proposed     Succeeded     Accepted      
                                                         
Add Nops        0%           0%            0%            
Delete          0%           0%            0%            
Instruction     14.254%      2.44787%      0.706625%     
Opcode          14.2878%     6.67975%      3.385%        
OpcodeWidth     14.2867%     4.70725%      2.932%        
Operand         14.2104%     7.7355%       4.75537%      
Local Swap      14.2764%     1.934%        0.951%        
Global Swap     14.3407%     3.04675%      1.53388%      
Rotate          14.344%      3.33387%      1.70475%      
                                                         
Total           100%         29.885%       15.9686%      

********************************************************************************

Statistics Update: 

Iterations:                    900000
Elapsed Time:                  2.6544s
Iterations/s:                  339060

Starting cost:                 127
Lowest cost:                   2
Lowest correct cost:           2

Move Type       Proposed     Succeeded     Accepted      
                                                         
Add Nops        0%           0%            0%            
Delete          0%           0%            0%            
Instruction     14.2621%     2.42833%      0.720667%     
Opcode          14.2738%     6.60956%      3.34278%      
OpcodeWidth     14.2928%     4.74711%      2.97967%      
Operand         14.2133%     7.68567%      4.75844%      
Local Swap      14.288%      2.00278%      0.945333%     
Global Swap     14.3319%     3.16256%      1.52522%      
Rotate          14.3381%     3.44989%      1.70556%      
                                                         
Total           100%         30.0859%      15.9777%      

********************************************************************************

Statistics Update: 

Iterations:                    1000000
Elapsed Time:                  2.96109s
Iterations/s:                  337714

Starting cost:                 127
Lowest cost:                   2
Lowest correct cost:           2

Move Type       Proposed     Succeeded     Accepted     
                                                        
Add Nops        0%           0%            0%           
Delete          0%           0%            0%           
Instruction     14.2673%     2.4014%       0.7302%      
Opcode          14.2651%     6.5425%       3.2925%      
OpcodeWidth     14.2916%     4.7736%       3.0194%      
Operand         14.2047%     7.6345%       4.758%       
Local Swap      14.2978%     2.063%        0.9474%      
Global Swap     14.3411%     3.2651%       1.525%       
Rotate          14.3324%     3.5421%       1.7055%      
                                                        
Total           100%         30.2222%      15.978%      

********************************************************************************

Line no: 0 (0, 4)
Line no: 1 (0, 4)
Line no: 2 (0, 4)
Line no: 3 (0, 4)
Line no: 0 (0, 4)
Line no: 1 (0, 4)
Line no: 2 (0, 4)
Line no: 3 (0, 4)
Checking for leakage on path:

Line map: 4
Examining BB: 1
Instr at index 1, line 0: movl %edi, %eax
Leakage as of index 0: 1
Instr at index 1, line 1: movl %edi, %eax
Leakage as of index 1: 1
Instr at index 1, line 2: movl %edi, %eax
Leakage as of index 2: 1
Instr at index 1, line 3: movl %edi, %eax
Leakage as of index 3: 1
Unable to discover a new correct rewrite before timing out... 

********************************************************************************

Restarting search
Running search (timeout is 1000000 iterations):

Progress Update: 

Lowest Cost Discovered (126)     Lowest Known Correct Cost (2)     
                                                                   
._Z11transform32jj:              ._Z11transform32jj:               
xorq %rax, %rax                  movl %edi, %eax                   
addw $0xfff0, %ax                subl %esi, %eax                   
retq                             retq                              

********************************************************************************

Progress Update: 

Lowest Cost Discovered (122)     Lowest Known Correct Cost (2)     
                                                                   
._Z11transform32jj:              ._Z11transform32jj:               
xorq %rax, %rax                  movl %edi, %eax                   
addw $0xf0, %ax                  subl %esi, %eax                   
retq                             retq                              

********************************************************************************

Progress Update: 

Lowest Cost Discovered (118)     Lowest Known Correct Cost (2)     
                                                                   
._Z11transform32jj:              ._Z11transform32jj:               
xorq %rax, %rax                  movl %edi, %eax                   
addq $0xf0, %rax                 subl %esi, %eax                   
retq                             retq                              

********************************************************************************

Progress Update: 

Lowest Cost Discovered (116)     Lowest Known Correct Cost (2)     
                                                                   
._Z11transform32jj:              ._Z11transform32jj:               
xorl %eax, %eax                  movl %edi, %eax                   
btl %edi, %esi                   subl %esi, %eax                   
adcq $0xf0, %rax                 retq                              
retq                                                               

********************************************************************************

Progress Update: 

Lowest Cost Discovered (114)     Lowest Known Correct Cost (2)     
                                                                   
._Z11transform32jj:              ._Z11transform32jj:               
xorl %eax, %eax                  movl %edi, %eax                   
btw %di, %si                     subl %esi, %eax                   
adcq $0xf0, %rax                 retq                              
retq                                                               

********************************************************************************

Progress Update: 

Lowest Cost Discovered (111)     Lowest Known Correct Cost (2)     
                                                                   
._Z11transform32jj:              ._Z11transform32jj:               
xorl %eax, %eax                  movl %edi, %eax                   
imulw %di, %si                   subl %esi, %eax                   
adcq $0xf0, %rax                 retq                              
retq                                                               

********************************************************************************

Progress Update: 

Lowest Cost Discovered (108)     Lowest Known Correct Cost (2)     
                                                                   
._Z11transform32jj:              ._Z11transform32jj:               
xorl %eax, %eax                  movl %edi, %eax                   
imull %edi, %edi                 subl %esi, %eax                   
adcb $0xf0, %al                  retq                              
retq                                                               

********************************************************************************

Progress Update: 

Lowest Cost Discovered (105)     Lowest Known Correct Cost (2)     
                                                                   
._Z11transform32jj:              ._Z11transform32jj:               
imull %edi, %edi                 movl %edi, %eax                   
movzbl %sil, %eax                subl %esi, %eax                   
shldl $0xf8, %edi, %esi          retq                              
retq                                                               

********************************************************************************

Progress Update: 

Lowest Cost Discovered (104)     Lowest Known Correct Cost (2)     
                                                                   
._Z11transform32jj:              ._Z11transform32jj:               
movzbl %sil, %eax                movl %edi, %eax                   
shldl $0xf8, %edi, %esi          subl %esi, %eax                   
imull %edi, %edi                 retq                              
retq                                                               

********************************************************************************

Progress Update: 

Lowest Cost Discovered (11)        Lowest Known Correct Cost (2)     
                                                                     
._Z11transform32jj:                ._Z11transform32jj:               
subl %esi, %edi                    movl %edi, %eax                   
movzbq %sil, %rax                  subl %esi, %eax                   
imull $0xfffffffd, %edi, %r10d     retq                              
retq                                                                 

********************************************************************************

Progress Update: 

Lowest Cost Discovered (10)       Lowest Known Correct Cost (2)     
                                                                    
._Z11transform32jj:               ._Z11transform32jj:               
subl %esi, %edi                   movl %edi, %eax                   
imull $0xfffffffa, %esi, %eax     subl %esi, %eax                   
retq                              retq                              

********************************************************************************

Progress Update: 

Lowest Cost Discovered (3)     Lowest Known Correct Cost (2)     
                                                                 
._Z11transform32jj:            ._Z11transform32jj:               
imull $0x6, %edi, %eax         movl %edi, %eax                   
subq %rsi, %rdi                subl %esi, %eax                   
movl %edi, %eax                retq                              
retq                                                             

********************************************************************************

Progress Update: 

Lowest Cost Discovered (2)     Lowest Known Correct Cost (2)     
                                                                 
._Z11transform32jj:            ._Z11transform32jj:               
subl %esi, %edi                movl %edi, %eax                   
movl %edi, %eax                subl %esi, %eax                   
retq                           retq                              

********************************************************************************

Statistics Update: 

Iterations:                    100000
Elapsed Time:                  0.307198s
Iterations/s:                  325523

Starting cost:                 127
Lowest cost:                   2
Lowest correct cost:           2

Move Type       Proposed     Succeeded     Accepted     
                                                        
Add Nops        0%           0%            0%           
Delete          0%           0%            0%           
Instruction     14.25%       2.504%        0.697%       
Opcode          14.084%      7.041%        3.624%       
OpcodeWidth     14.331%      5.334%        3.434%       
Operand         14.624%      8.235%        4.939%       
Local Swap      14.302%      1.773%        1.092%       
Global Swap     14.349%      2.839%        1.767%       
Rotate          14.06%       3.102%        1.962%       
                                                        
Total           100%         30.828%       17.515%      

********************************************************************************

Statistics Update: 

Iterations:                    200000
Elapsed Time:                  0.581749s
Iterations/s:                  343791

Starting cost:                 127
Lowest cost:                   2
Lowest correct cost:           2

Move Type       Proposed     Succeeded     Accepted     
                                                        
Add Nops        0%           0%            0%           
Delete          0%           0%            0%           
Instruction     14.2555%     2.6235%       0.665%       
Opcode          14.104%      6.7935%       3.3215%      
OpcodeWidth     14.252%      5.1585%       3.283%       
Operand         14.4905%     8.1755%       4.741%       
Local Swap      14.3315%     1.4695%       1.0095%      
Global Swap     14.3045%     2.325%        1.61%        
Rotate          14.262%      2.616%        1.831%       
                                                        
Total           100%         29.1615%      16.461%      

********************************************************************************

Statistics Update: 

Iterations:                    300000
Elapsed Time:                  0.848835s
Iterations/s:                  353426

Starting cost:                 127
Lowest cost:                   2
Lowest correct cost:           2

Move Type       Proposed     Succeeded     Accepted     
                                                        
Add Nops        0%           0%            0%           
Delete          0%           0%            0%           
Instruction     14.2773%     2.66233%      0.656%       
Opcode          14.216%      6.603%        3.08033%     
OpcodeWidth     14.2627%     5.02867%      3.17233%     
Operand         14.3737%     8.04867%      4.623%       
Local Swap      14.311%      1.38833%      1.00633%     
Global Swap     14.334%      2.153%        1.565%       
Rotate          14.2253%     2.46067%      1.771%       
                                                        
Total           100%         28.3447%      15.874%      

********************************************************************************

Statistics Update: 

Iterations:                    400000
Elapsed Time:                  1.1163s
Iterations/s:                  358327

Starting cost:                 127
Lowest cost:                   2
Lowest correct cost:           2

Move Type       Proposed     Succeeded     Accepted     
                                                        
Add Nops        0%           0%            0%           
Delete          0%           0%            0%           
Instruction     14.3085%     2.657%        0.64525%     
Opcode          14.19%       6.44875%      2.9425%      
OpcodeWidth     14.2203%     5.00525%      3.15075%     
Operand         14.3697%     8.06175%      4.6105%      
Local Swap      14.2683%     1.32875%      0.98575%     
Global Swap     14.3525%     2.06325%      1.51675%     
Rotate          14.2907%     2.38125%      1.73175%     
                                                        
Total           100%         27.946%       15.5832%     

********************************************************************************

Statistics Update: 

Iterations:                    500000
Elapsed Time:                  1.41265s
Iterations/s:                  353945

Starting cost:                 127
Lowest cost:                   2
Lowest correct cost:           2

Move Type       Proposed     Succeeded     Accepted     
                                                        
Add Nops        0%           0%            0%           
Delete          0%           0%            0%           
Instruction     14.2926%     2.5812%       0.6586%      
Opcode          14.2184%     6.3812%       2.9232%      
OpcodeWidth     14.2412%     4.9792%       3.1634%      
Operand         14.3208%     7.9492%       4.6544%      
Local Swap      14.2818%     1.4966%       0.9682%      
Global Swap     14.3484%     2.347%        1.4958%      
Rotate          14.2968%     2.6634%       1.6994%      
                                                        
Total           100%         28.3978%      15.563%      

********************************************************************************

Statistics Update: 

Iterations:                    600000
Elapsed Time:                  1.71566s
Iterations/s:                  349720

Starting cost:                 127
Lowest cost:                   2
Lowest correct cost:           2

Move Type       Proposed     Succeeded     Accepted      
                                                         
Add Nops        0%           0%            0%            
Delete          0%           0%            0%            
Instruction     14.3177%     2.53617%      0.679667%     
Opcode          14.2602%     6.32%         2.90283%      
OpcodeWidth     14.2583%     4.97367%      3.17667%      
Operand         14.302%      7.859%        4.68733%      
Local Swap      14.253%      1.64467%      0.957167%     
Global Swap     14.3238%     2.598%        1.47633%      
Rotate          14.285%      2.9065%       1.67333%      
                                                         
Total           100%         28.838%       15.5533%      

********************************************************************************

Statistics Update: 

Iterations:                    700000
Elapsed Time:                  2.01928s
Iterations/s:                  346658

Starting cost:                 127
Lowest cost:                   2
Lowest correct cost:           2

Move Type       Proposed     Succeeded     Accepted      
                                                         
Add Nops        0%           0%            0%            
Delete          0%           0%            0%            
Instruction     14.3209%     2.49214%      0.690714%     
Opcode          14.2599%     6.25814%      2.89043%      
OpcodeWidth     14.28%       4.959%        3.18314%      
Operand         14.2849%     7.77771%      4.70157%      
Local Swap      14.2476%     1.775%        0.950857%     
Global Swap     14.3434%     2.80443%      1.47786%      
Rotate          14.2634%     3.09257%      1.65886%      
                                                         
Total           100%         29.159%       15.5534%      

********************************************************************************

Statistics Update: 

Iterations:                    800000
Elapsed Time:                  2.32028s
Iterations/s:                  344785

Starting cost:                 127
Lowest cost:                   2
Lowest correct cost:           2

Move Type       Proposed     Succeeded     Accepted      
                                                         
Add Nops        0%           0%            0%            
Delete          0%           0%            0%            
Instruction     14.3183%     2.45538%      0.69875%      
Opcode          14.2571%     6.22888%      2.87775%      
OpcodeWidth     14.2701%     4.95113%      3.194%        
Operand         14.2861%     7.71087%      4.71462%      
Local Swap      14.2605%     1.86062%      0.942625%     
Global Swap     14.3402%     2.94275%      1.465%        
Rotate          14.2676%     3.2285%       1.65138%      
                                                         
Total           100%         29.3781%      15.5441%      

********************************************************************************

Statistics Update: 

Iterations:                    900000
Elapsed Time:                  2.62444s
Iterations/s:                  342930

Starting cost:                 127
Lowest cost:                   2
Lowest correct cost:           2

Move Type       Proposed     Succeeded     Accepted      
                                                         
Add Nops        0%           0%            0%            
Delete          0%           0%            0%            
Instruction     14.3013%     2.42411%      0.704667%     
Opcode          14.2761%     6.18867%      2.85844%      
OpcodeWidth     14.2723%     4.94356%      3.20222%      
Operand         14.2763%     7.65189%      4.71678%      
Local Swap      14.2567%     1.95067%      0.945556%     
Global Swap     14.3378%     3.067%        1.46944%      
Rotate          14.2794%     3.35367%      1.66156%      
                                                         
Total           100%         29.5796%      15.5587%      

********************************************************************************

Statistics Update: 

Iterations:                    1000000
Elapsed Time:                  2.91347s
Iterations/s:                  343233

Starting cost:                 127
Lowest cost:                   2
Lowest correct cost:           2

Move Type       Proposed     Succeeded     Accepted     
                                                        
Add Nops        0%           0%            0%           
Delete          0%           0%            0%           
Instruction     14.2938%     2.4395%       0.6983%      
Opcode          14.2829%     6.2815%       2.9358%      
OpcodeWidth     14.2634%     4.9166%       3.1636%      
Operand         14.2792%     7.6956%       4.7297%      
Local Swap      14.2825%     1.9233%       0.9427%      
Global Swap     14.3071%     3.0099%       1.4571%      
Rotate          14.2911%     3.3036%       1.6508%      
                                                        
Total           100%         29.57%        15.578%      

********************************************************************************

Line no: 0 (0, 4)
Line no: 1 (0, 4)
Line no: 2 (0, 4)
Line no: 3 (0, 4)
Line no: 0 (0, 4)
Line no: 1 (0, 4)
Line no: 2 (0, 4)
Line no: 3 (0, 4)
Checking for leakage on path:

Line map: 4
Examining BB: 1
Instr at index 1, line 0: movl %edi, %eax
Leakage as of index 0: 1
Instr at index 1, line 1: movl %edi, %eax
Leakage as of index 1: 1
Instr at index 1, line 2: movl %edi, %eax
Leakage as of index 2: 1
Instr at index 1, line 3: movl %edi, %eax
Leakage as of index 3: 1
Unable to discover a new correct rewrite before timing out... 

********************************************************************************

Restarting search
Running search (timeout is 1000000 iterations):

Progress Update: 

Lowest Cost Discovered (124)     Lowest Known Correct Cost (2)     
                                                                   
._Z11transform32jj:              ._Z11transform32jj:               
movsbl %sil, %r9d                movl %edi, %eax                   
xorq %rax, %rax                  subl %esi, %eax                   
retq                             retq                              

********************************************************************************

Progress Update: 

Lowest Cost Discovered (122)     Lowest Known Correct Cost (2)     
                                                                   
._Z11transform32jj:              ._Z11transform32jj:               
xorq %rax, %rax                  movl %edi, %eax                   
setnle %dl                       subl %esi, %eax                   
movzbl %sil, %r9d                retq                              
retq                                                               

********************************************************************************

Progress Update: 

Lowest Cost Discovered (121)     Lowest Known Correct Cost (2)     
                                                                   
._Z11transform32jj:              ._Z11transform32jj:               
bswap %esi                       movl %edi, %eax                   
xorq %rax, %rax                  subl %esi, %eax                   
subb %ah, %ah                    retq                              
retq                                                               

********************************************************************************

Progress Update: 

Lowest Cost Discovered (115)     Lowest Known Correct Cost (2)     
                                                                   
._Z11transform32jj:              ._Z11transform32jj:               
xorq %rax, %rax                  movl %edi, %eax                   
orl %eax, %edi                   subl %esi, %eax                   
bswap %esi                       retq                              
retq                                                               

********************************************************************************

Progress Update: 

Lowest Cost Discovered (113)     Lowest Known Correct Cost (2)     
                                                                   
._Z11transform32jj:              ._Z11transform32jj:               
bswap %esi                       movl %edi, %eax                   
xorq %rax, %rax                  subl %esi, %eax                   
xorb $0xff, %al                  retq                              
retq                                                               

********************************************************************************

Progress Update: 

Lowest Cost Discovered (111)     Lowest Known Correct Cost (2)     
                                                                   
._Z11transform32jj:              ._Z11transform32jj:               
movq $0xff, %rax                 movl %edi, %eax                   
bswap %esi                       subl %esi, %eax                   
shrq $0xfe, %rdi                 retq                              
retq                                                               

********************************************************************************

Progress Update: 

Lowest Cost Discovered (108)     Lowest Known Correct Cost (2)     
                                                                   
._Z11transform32jj:              ._Z11transform32jj:               
movq $0xff, %rax                 movl %edi, %eax                   
salb $0x1, %sil                  subl %esi, %eax                   
bswap %esi                       retq                              
retq                                                               

********************************************************************************

Progress Update: 

Lowest Cost Discovered (106)     Lowest Known Correct Cost (2)     
                                                                   
._Z11transform32jj:              ._Z11transform32jj:               
movq $0xff, %rax                 movl %edi, %eax                   
bswap %esi                       subl %esi, %eax                   
xchgw %si, %ax                   retq                              
retq                                                               

********************************************************************************

Progress Update: 

Lowest Cost Discovered (104)     Lowest Known Correct Cost (2)     
                                                                   
._Z11transform32jj:              ._Z11transform32jj:               
roll $0x2, %edi                  movl %edi, %eax                   
movl $0x40, %eax                 subl %esi, %eax                   
xorb $0xfd, %ah                  retq                              
retq                                                               

********************************************************************************

Progress Update: 

Lowest Cost Discovered (11)     Lowest Known Correct Cost (2)     
                                                                  
._Z11transform32jj:             ._Z11transform32jj:               
subl %esi, %edi                 movl %edi, %eax                   
movl $0xffffffff, %eax          subl %esi, %eax                   
xorb %al, %ah                   retq                              
retq                                                              

********************************************************************************

Progress Update: 

Lowest Cost Discovered (10)        Lowest Known Correct Cost (2)     
                                                                     
._Z11transform32jj:                ._Z11transform32jj:               
movq $0xfffffffffffffffb, %rax     movl %edi, %eax                   
subl %esi, %edi                    subl %esi, %eax                   
retq                               retq                              

********************************************************************************

Progress Update: 

Lowest Cost Discovered (3)     Lowest Known Correct Cost (2)     
                                                                 
._Z11transform32jj:            ._Z11transform32jj:               
movq %rdi, %rax                movl %edi, %eax                   
subl %esi, %eax                subl %esi, %eax                   
xorb $0x20, %dil               retq                              
retq                                                             

********************************************************************************

Progress Update: 

Lowest Cost Discovered (2)     Lowest Known Correct Cost (2)     
                                                                 
._Z11transform32jj:            ._Z11transform32jj:               
movq %rdi, %rax                movl %edi, %eax                   
subl %esi, %eax                subl %esi, %eax                   
retq                           retq                              

********************************************************************************

Statistics Update: 

Iterations:                    100000
Elapsed Time:                  0.306969s
Iterations/s:                  325765

Starting cost:                 127
Lowest cost:                   2
Lowest correct cost:           2

Move Type       Proposed     Succeeded     Accepted     
                                                        
Add Nops        0%           0%            0%           
Delete          0%           0%            0%           
Instruction     14.458%      2.66%         0.503%       
Opcode          14.245%      7.218%        3.414%       
OpcodeWidth     14.17%       5.231%        2.955%       
Operand         14.326%      8.329%        4.731%       
Local Swap      14.169%      1.787%        1.313%       
Global Swap     14.307%      2.691%        1.928%       
Rotate          14.325%      2.961%        2.203%       
                                                        
Total           100%         30.877%       17.047%      

********************************************************************************

Statistics Update: 

Iterations:                    200000
Elapsed Time:                  0.607748s
Iterations/s:                  329084

Starting cost:                 127
Lowest cost:                   2
Lowest correct cost:           2

Move Type       Proposed     Succeeded     Accepted     
                                                        
Add Nops        0%           0%            0%           
Delete          0%           0%            0%           
Instruction     14.3255%     2.525%        0.6175%      
Opcode          14.223%      7.0835%       3.452%       
OpcodeWidth     14.2645%     5.1575%       3.108%       
Operand         14.3445%     8.0195%       4.753%       
Local Swap      14.2045%     1.913%        1.0535%      
Global Swap     14.366%      3.011%        1.644%       
Rotate          14.272%      3.2745%       1.905%       
                                                        
Total           100%         30.984%       16.533%      

********************************************************************************

Statistics Update: 

Iterations:                    300000
Elapsed Time:                  0.912385s
Iterations/s:                  328809

Starting cost:                 127
Lowest cost:                   2
Lowest correct cost:           2

Move Type       Proposed     Succeeded     Accepted      
                                                         
Add Nops        0%           0%            0%            
Delete          0%           0%            0%            
Instruction     14.227%      2.406%        0.659333%     
Opcode          14.188%      6.69633%      3.223%        
OpcodeWidth     14.289%      5.108%        3.193%        
Operand         14.3613%     7.821%        4.82033%      
Local Swap      14.316%      2.145%        1.013%        
Global Swap     14.35%       3.34233%      1.576%        
Rotate          14.2687%     3.61233%      1.808%        
                                                         
Total           100%         31.131%       16.2927%      

********************************************************************************

Statistics Update: 

Iterations:                    400000
Elapsed Time:                  1.19588s
Iterations/s:                  334482

Starting cost:                 127
Lowest cost:                   2
Lowest correct cost:           2

Move Type       Proposed     Succeeded     Accepted     
                                                        
Add Nops        0%           0%            0%           
Delete          0%           0%            0%           
Instruction     14.2495%     2.4045%       0.6785%      
Opcode          14.22%       6.524%        3.1115%      
OpcodeWidth     14.2895%     5.07075%      3.182%       
Operand         14.3215%     7.71625%      4.7685%      
Local Swap      14.2803%     2.078%        0.9785%      
Global Swap     14.3692%     3.2495%       1.53575%     
Rotate          14.27%       3.5185%       1.755%       
                                                        
Total           100%         30.5615%      16.0098%     

********************************************************************************

Statistics Update: 

Iterations:                    500000
Elapsed Time:                  1.49548s
Iterations/s:                  334340

Starting cost:                 127
Lowest cost:                   2
Lowest correct cost:           2

Move Type       Proposed     Succeeded     Accepted     
                                                        
Add Nops        0%           0%            0%           
Delete          0%           0%            0%           
Instruction     14.2406%     2.3614%       0.6896%      
Opcode          14.2426%     6.3736%       3.017%       
OpcodeWidth     14.293%      5.0274%       3.1774%      
Operand         14.32%       7.6298%       4.7848%      
Local Swap      14.2512%     2.1676%       0.9574%      
Global Swap     14.3694%     3.3692%       1.5042%      
Rotate          14.2832%     3.652%        1.7192%      
                                                        
Total           100%         30.581%       15.8496%     

********************************************************************************

Statistics Update: 

Iterations:                    600000
Elapsed Time:                  1.79733s
Iterations/s:                  333829

Starting cost:                 127
Lowest cost:                   2
Lowest correct cost:           2

Move Type       Proposed     Succeeded     Accepted      
                                                         
Add Nops        0%           0%            0%            
Delete          0%           0%            0%            
Instruction     14.2265%     2.325%        0.692333%     
Opcode          14.2552%     6.2995%       2.96817%      
OpcodeWidth     14.2753%     4.98617%      3.16383%      
Operand         14.3317%     7.58383%      4.80683%      
Local Swap      14.2775%     2.2525%       0.958667%     
Global Swap     14.3633%     3.48433%      1.49383%      
Rotate          14.2705%     3.75033%      1.71017%      
                                                         
Total           100%         30.6817%      15.7938%      

********************************************************************************

Statistics Update: 

Iterations:                    700000
Elapsed Time:                  2.09835s
Iterations/s:                  333595

Starting cost:                 127
Lowest cost:                   2
Lowest correct cost:           2

Move Type       Proposed     Succeeded     Accepted      
                                                         
Add Nops        0%           0%            0%            
Delete          0%           0%            0%            
Instruction     14.2309%     2.293%        0.689571%     
Opcode          14.2576%     6.24829%      2.95129%      
OpcodeWidth     14.2777%     4.95786%      3.16171%      
Operand         14.2983%     7.52157%      4.77957%      
Local Swap      14.307%      2.304%        0.955%        
Global Swap     14.3687%     3.57529%      1.49029%      
Rotate          14.2599%     3.82757%      1.69814%      
                                                         
Total           100%         30.7276%      15.7256%      

********************************************************************************

Statistics Update: 

Iterations:                    800000
Elapsed Time:                  2.39831s
Iterations/s:                  333568

Starting cost:                 127
Lowest cost:                   2
Lowest correct cost:           2

Move Type       Proposed     Succeeded     Accepted     
                                                        
Add Nops        0%           0%            0%           
Delete          0%           0%            0%           
Instruction     14.2184%     2.28%         0.6995%      
Opcode          14.2751%     6.20862%      2.9325%      
OpcodeWidth     14.2914%     4.95475%      3.16575%     
Operand         14.3072%     7.49062%      4.792%       
Local Swap      14.285%      2.32287%      0.951%       
Global Swap     14.3682%     3.6195%       1.48537%     
Rotate          14.2546%     3.86375%      1.683%       
                                                        
Total           100%         30.7401%      15.7091%     

********************************************************************************

Statistics Update: 

Iterations:                    900000
Elapsed Time:                  2.6997s
Iterations/s:                  333371

Starting cost:                 127
Lowest cost:                   2
Lowest correct cost:           2

Move Type       Proposed     Succeeded     Accepted      
                                                         
Add Nops        0%           0%            0%            
Delete          0%           0%            0%            
Instruction     14.2406%     2.27578%      0.704111%     
Opcode          14.2567%     6.18133%      2.91789%      
OpcodeWidth     14.2894%     4.96244%      3.17644%      
Operand         14.3017%     7.47089%      4.795%        
Local Swap      14.287%      2.34033%      0.950111%     
Global Swap     14.3736%     3.63678%      1.47378%      
Rotate          14.2511%     3.89789%      1.66722%      
                                                         
Total           100%         30.7654%      15.6846%      

********************************************************************************

Statistics Update: 

Iterations:                    1000000
Elapsed Time:                  2.99581s
Iterations/s:                  333800

Starting cost:                 127
Lowest cost:                   2
Lowest correct cost:           2

Move Type       Proposed     Succeeded     Accepted     
                                                        
Add Nops        0%           0%            0%           
Delete          0%           0%            0%           
Instruction     14.2379%     2.2694%       0.7075%      
Opcode          14.2741%     6.1658%       2.8986%      
OpcodeWidth     14.2847%     4.9421%       3.17%        
Operand         14.2982%     7.4363%       4.7884%      
Local Swap      14.2831%     2.3512%       0.9441%      
Global Swap     14.3686%     3.6601%       1.4701%      
Rotate          14.2534%     3.9185%       1.656%       
                                                        
Total           100%         30.7434%      15.6347%     

********************************************************************************

Line no: 0 (0, 4)
Line no: 1 (0, 4)
Line no: 2 (0, 4)
Line no: 3 (0, 4)
Line no: 0 (0, 4)
Line no: 1 (0, 4)
Line no: 2 (0, 4)
Line no: 3 (0, 4)
Checking for leakage on path:

Line map: 4
Examining BB: 1
Instr at index 1, line 0: movl %edi, %eax
Leakage as of index 0: 1
Instr at index 1, line 1: movl %edi, %eax
Leakage as of index 1: 1
Instr at index 1, line 2: movl %edi, %eax
Leakage as of index 2: 1
Instr at index 1, line 3: movl %edi, %eax
Leakage as of index 3: 1
Unable to discover a new correct rewrite before timing out... 

********************************************************************************

Restarting search
Running search (timeout is 1000000 iterations):

Progress Update: 

Lowest Cost Discovered (125)     Lowest Known Correct Cost (2)     
                                                                   
._Z11transform32jj:              ._Z11transform32jj:               
xorl %eax, %eax                  movl %edi, %eax                   
orw %di, %ax                     subl %esi, %eax                   
bsfq %rsi, %rdx                  retq                              
retq                                                               

********************************************************************************

Progress Update: 

Lowest Cost Discovered (123)     Lowest Known Correct Cost (2)     
                                                                   
._Z11transform32jj:              ._Z11transform32jj:               
movw %di, %r8w                   movl %edi, %eax                   
xorq %rax, %rax                  subl %esi, %eax                   
adcb $0xe0, %al                  retq                              
retq                                                               

********************************************************************************

Progress Update: 

Lowest Cost Discovered (121)     Lowest Known Correct Cost (2)     
                                                                   
._Z11transform32jj:              ._Z11transform32jj:               
sarl $0x1, %esi                  movl %edi, %eax                   
xorq %rax, %rax                  subl %esi, %eax                   
adcb $0xe0, %al                  retq                              
retq                                                               

********************************************************************************

Progress Update: 

Lowest Cost Discovered (119)     Lowest Known Correct Cost (2)     
                                                                   
._Z11transform32jj:              ._Z11transform32jj:               
sarl $0x1, %esi                  movl %edi, %eax                   
xorq %rax, %rax                  subl %esi, %eax                   
xorb $0xe0, %al                  retq                              
retq                                                               

********************************************************************************

Progress Update: 

Lowest Cost Discovered (118)     Lowest Known Correct Cost (2)     
                                                                   
._Z11transform32jj:              ._Z11transform32jj:               
sarl $0x80, %esi                 movl %edi, %eax                   
xorq %rax, %rax                  subl %esi, %eax                   
xorb $0xe0, %al                  retq                              
retq                                                               

********************************************************************************

Progress Update: 

Lowest Cost Discovered (117)     Lowest Known Correct Cost (2)     
                                                                   
._Z11transform32jj:              ._Z11transform32jj:               
xorq %rax, %rax                  movl %edi, %eax                   
sbbl $0xffffff80, %esi           subl %esi, %eax                   
orb $0xe0, %al                   retq                              
retq                                                               

********************************************************************************

Progress Update: 

Lowest Cost Discovered (114)     Lowest Known Correct Cost (2)     
                                                                   
._Z11transform32jj:              ._Z11transform32jj:               
sarl $0x80, %esi                 movl %edi, %eax                   
xorq %rax, %rax                  subl %esi, %eax                   
orb $0xf9, %al                   retq                              
retq                                                               

********************************************************************************

Progress Update: 

Lowest Cost Discovered (109)     Lowest Known Correct Cost (2)     
                                                                   
._Z11transform32jj:              ._Z11transform32jj:               
xorl %eax, %eax                  movl %edi, %eax                   
addb $0xf9, %al                  subl %esi, %eax                   
xorl %edi, %esi                  retq                              
retq                                                               

********************************************************************************

Progress Update: 

Lowest Cost Discovered (107)     Lowest Known Correct Cost (2)     
                                                                   
._Z11transform32jj:              ._Z11transform32jj:               
xorl %edi, %esi                  movl %edi, %eax                   
movq $0xf9, %rax                 subl %esi, %eax                   
sall $0x1, %edi                  retq                              
retq                                                               

********************************************************************************

Progress Update: 

Lowest Cost Discovered (106)     Lowest Known Correct Cost (2)     
                                                                   
._Z11transform32jj:              ._Z11transform32jj:               
xorl %edi, %esi                  movl %edi, %eax                   
sall $0xf0, %edi                 subl %esi, %eax                   
movq $0xf9, %rax                 retq                              
retq                                                               

********************************************************************************

Progress Update: 

Lowest Cost Discovered (105)     Lowest Known Correct Cost (2)     
                                                                   
._Z11transform32jj:              ._Z11transform32jj:               
xorl %edi, %esi                  movl %edi, %eax                   
shrl $0xf0, %edi                 subl %esi, %eax                   
movl $0xf9, %eax                 retq                              
retq                                                               

********************************************************************************

Progress Update: 

Lowest Cost Discovered (104)     Lowest Known Correct Cost (2)     
                                                                   
._Z11transform32jj:              ._Z11transform32jj:               
xorl %edi, %esi                  movl %edi, %eax                   
sarl $0x1, %edi                  subl %esi, %eax                   
movq $0xf9, %rax                 retq                              
retq                                                               

********************************************************************************

Progress Update: 

Lowest Cost Discovered (103)     Lowest Known Correct Cost (2)     
                                                                   
._Z11transform32jj:              ._Z11transform32jj:               
movl $0xfffffff9, %eax           movl %edi, %eax                   
crc32b %sil, %rsi                subl %esi, %eax                   
notb %ah                         retq                              
retq                                                               

********************************************************************************

Progress Update: 

Lowest Cost Discovered (101)      Lowest Known Correct Cost (2)     
                                                                    
._Z11transform32jj:               ._Z11transform32jj:               
imull $0xfffffffb, %esi, %r8d     movl %edi, %eax                   
sall $0x2, %edi                   subl %esi, %eax                   
imull $0x2, %edi, %eax            retq                              
retq                                                                

********************************************************************************

Progress Update: 

Lowest Cost Discovered (99)       Lowest Known Correct Cost (2)     
                                                                    
._Z11transform32jj:               ._Z11transform32jj:               
roll $0x2, %edi                   movl %edi, %eax                   
imull $0x2, %edi, %eax            subl %esi, %eax                   
imull $0xfffffffb, %edi, %r8d     retq                              
retq                                                                

********************************************************************************

Progress Update: 

Lowest Cost Discovered (98)     Lowest Known Correct Cost (2)     
                                                                  
._Z11transform32jj:             ._Z11transform32jj:               
roll $0x2, %edi                 movl %edi, %eax                   
imull $0x2, %edi, %eax          subl %esi, %eax                   
adcq $0x4, %rax                 retq                              
retq                                                              

********************************************************************************

Progress Update: 

Lowest Cost Discovered (96)     Lowest Known Correct Cost (2)     
                                                                  
._Z11transform32jj:             ._Z11transform32jj:               
roll $0x2, %edi                 movl %edi, %eax                   
imulq $0x2, %rdi, %rax          subl %esi, %eax                   
adcl $0x7, %eax                 retq                              
retq                                                              

********************************************************************************

Progress Update: 

Lowest Cost Discovered (95)      Lowest Known Correct Cost (2)     
                                                                   
._Z11transform32jj:              ._Z11transform32jj:               
roll $0x2, %edi                  movl %edi, %eax                   
imull $0x2, %edi, %eax           subl %esi, %eax                   
leaq -0x1(%edi,%esi,1), %r11     retq                              
retq                                                               

********************************************************************************

Progress Update: 

Lowest Cost Discovered (19)     Lowest Known Correct Cost (2)     
                                                                  
._Z11transform32jj:             ._Z11transform32jj:               
notq %rsi                       movl %edi, %eax                   
addl %edi, %esi                 subl %esi, %eax                   
imull $0x2, %edi, %eax          retq                              
retq                                                              

********************************************************************************

Progress Update: 

Lowest Cost Discovered (11)       Lowest Known Correct Cost (2)     
                                                                    
._Z11transform32jj:               ._Z11transform32jj:               
imulq $0xffffff80, %rdi, %rax     movl %edi, %eax                   
notl %esi                         subl %esi, %eax                   
adcl %edi, %esi                   retq                              
retq                                                                

********************************************************************************

Statistics Update: 

Iterations:                    100000
Elapsed Time:                  0.324516s
Iterations/s:                  308151

Starting cost:                 127
Lowest cost:                   11
Lowest correct cost:           2

Move Type       Proposed     Succeeded     Accepted     
                                                        
Add Nops        0%           0%            0%           
Delete          0%           0%            0%           
Instruction     14.301%      2.596%        0.054%       
Opcode          14.393%      8.61%         3.597%       
OpcodeWidth     14.298%      5.985%        2.488%       
Operand         14.266%      8.134%        3.52%        
Local Swap      14.294%      2.033%        1.087%       
Global Swap     14.291%      3.062%        1.671%       
Rotate          14.157%      3.387%        1.677%       
                                                        
Total           100%         33.807%       14.094%      

********************************************************************************

Progress Update: 

Lowest Cost Discovered (3)     Lowest Known Correct Cost (2)     
                                                                 
._Z11transform32jj:            ._Z11transform32jj:               
movswl %di, %r11d              movl %edi, %eax                   
subl %esi, %edi                subl %esi, %eax                   
imulq $0x1, %rdi, %rax         retq                              
retq                                                             

********************************************************************************

Statistics Update: 

Iterations:                    200000
Elapsed Time:                  0.631613s
Iterations/s:                  316650

Starting cost:                 127
Lowest cost:                   3
Lowest correct cost:           2

Move Type       Proposed     Succeeded     Accepted     
                                                        
Add Nops        0%           0%            0%           
Delete          0%           0%            0%           
Instruction     14.289%      2.665%        0.0635%      
Opcode          14.296%      8.6845%       3.5685%      
OpcodeWidth     14.192%      6.0535%       2.5625%      
Operand         14.2685%     7.987%        3.534%       
Local Swap      14.3315%     1.933%        1.11%        
Global Swap     14.3485%     2.933%        1.662%       
Rotate          14.2745%     3.315%        1.7015%      
                                                        
Total           100%         33.571%       14.202%      

********************************************************************************

Progress Update: 

Lowest Cost Discovered (2)     Lowest Known Correct Cost (2)     
                                                                 
._Z11transform32jj:            ._Z11transform32jj:               
subl %esi, %edi                movl %edi, %eax                   
movq %rdi, %rax                subl %esi, %eax                   
retq                           retq                              

********************************************************************************

Statistics Update: 

Iterations:                    300000
Elapsed Time:                  0.936478s
Iterations/s:                  320349

Starting cost:                 127
Lowest cost:                   2
Lowest correct cost:           2

Move Type       Proposed     Succeeded     Accepted      
                                                         
Add Nops        0%           0%            0%            
Delete          0%           0%            0%            
Instruction     14.29%       2.54067%      0.313667%     
Opcode          14.2513%     7.779%        3.37367%      
OpcodeWidth     14.2027%     5.678%        2.805%        
Operand         14.2443%     7.77867%      3.96633%      
Local Swap      14.3503%     2.149%        1.05533%      
Global Swap     14.3427%     3.27767%      1.61033%      
Rotate          14.3187%     3.61867%      1.668%        
                                                         
Total           100%         32.8217%      14.7923%      

********************************************************************************

Statistics Update: 

Iterations:                    400000
Elapsed Time:                  1.24188s
Iterations/s:                  322092

Starting cost:                 127
Lowest cost:                   2
Lowest correct cost:           2

Move Type       Proposed     Succeeded     Accepted     
                                                        
Add Nops        0%           0%            0%           
Delete          0%           0%            0%           
Instruction     14.2737%     2.4675%       0.4365%      
Opcode          14.2573%     7.286%        3.24375%     
OpcodeWidth     14.2082%     5.479%        2.92625%     
Operand         14.2523%     7.66725%      4.188%       
Local Swap      14.333%      2.25875%      1.0335%      
Global Swap     14.341%      3.488%        1.59325%     
Rotate          14.3345%     3.814%        1.68125%     
                                                        
Total           100%         32.4605%      15.1025%     

********************************************************************************

Statistics Update: 

Iterations:                    500000
Elapsed Time:                  1.54618s
Iterations/s:                  323378

Starting cost:                 127
Lowest cost:                   2
Lowest correct cost:           2

Move Type       Proposed     Succeeded     Accepted     
                                                        
Add Nops        0%           0%            0%           
Delete          0%           0%            0%           
Instruction     14.2782%     2.433%        0.489%       
Opcode          14.2768%     7.0334%       3.1606%      
OpcodeWidth     14.227%      5.3956%       3.0058%      
Operand         14.261%      7.6416%       4.3168%      
Local Swap      14.2964%     2.2888%       1.0138%      
Global Swap     14.3332%     3.5606%       1.5768%      
Rotate          14.3274%     3.8734%       1.6788%      
                                                        
Total           100%         32.2264%      15.2416%     

********************************************************************************

Statistics Update: 

Iterations:                    600000
Elapsed Time:                  1.8132s
Iterations/s:                  330906

Starting cost:                 127
Lowest cost:                   2
Lowest correct cost:           2

Move Type       Proposed     Succeeded     Accepted      
                                                         
Add Nops        0%           0%            0%            
Delete          0%           0%            0%            
Instruction     14.2983%     2.48417%      0.510167%     
Opcode          14.254%      6.9465%       3.14517%      
OpcodeWidth     14.2278%     5.25667%      2.95067%      
Operand         14.237%      7.67767%      4.34767%      
Local Swap      14.2918%     2.10333%      0.9985%       
Global Swap     14.3317%     3.26967%      1.55367%      
Rotate          14.3593%     3.58133%      1.67133%      
                                                         
Total           100%         31.3193%      15.1772%      

********************************************************************************

Statistics Update: 

Iterations:                    700000
Elapsed Time:                  2.10031s
Iterations/s:                  333285

Starting cost:                 127
Lowest cost:                   2
Lowest correct cost:           2

Move Type       Proposed     Succeeded     Accepted      
                                                         
Add Nops        0%           0%            0%            
Delete          0%           0%            0%            
Instruction     14.3101%     2.51486%      0.529286%     
Opcode          14.2334%     7.23771%      3.49671%      
OpcodeWidth     14.2396%     5.09414%      2.83714%      
Operand         14.251%      7.81286%      4.42743%      
Local Swap      14.2831%     1.96229%      0.987429%     
Global Swap     14.3283%     3.063%        1.54629%      
Rotate          14.3544%     3.37729%      1.67943%      
                                                         
Total           100%         31.0621%      15.5037%      

********************************************************************************

Statistics Update: 

Iterations:                    800000
Elapsed Time:                  2.37476s
Iterations/s:                  336876

Starting cost:                 127
Lowest cost:                   2
Lowest correct cost:           2

Move Type       Proposed     Succeeded     Accepted      
                                                         
Add Nops        0%           0%            0%            
Delete          0%           0%            0%            
Instruction     14.3224%     2.55213%      0.545875%     
Opcode          14.2545%     7.23663%      3.53563%      
OpcodeWidth     14.2214%     5.02425%      2.82762%      
Operand         14.2586%     7.83087%      4.42762%      
Local Swap      14.2591%     1.857%        0.974625%     
Global Swap     14.3269%     2.90175%      1.53087%      
Rotate          14.3571%     3.21875%      1.6755%       
                                                         
Total           100%         30.6214%      15.5177%      

********************************************************************************

Statistics Update: 

Iterations:                    900000
Elapsed Time:                  2.63735s
Iterations/s:                  341252

Starting cost:                 127
Lowest cost:                   2
Lowest correct cost:           2

Move Type       Proposed     Succeeded     Accepted      
                                                         
Add Nops        0%           0%            0%            
Delete          0%           0%            0%            
Instruction     14.3258%     2.57222%      0.561111%     
Opcode          14.2408%     7.09056%      3.41889%      
OpcodeWidth     14.2072%     4.97878%      2.828%        
Operand         14.2676%     7.84244%      4.42967%      
Local Swap      14.253%      1.77967%      0.965444%     
Global Swap     14.3364%     2.77944%      1.51811%      
Rotate          14.3692%     3.08856%      1.66078%      
                                                         
Total           100%         30.1317%      15.382%       

********************************************************************************

Statistics Update: 

Iterations:                    1000000
Elapsed Time:                  2.90432s
Iterations/s:                  344315

Starting cost:                 127
Lowest cost:                   2
Lowest correct cost:           2

Move Type       Proposed     Succeeded     Accepted     
                                                        
Add Nops        0%           0%            0%           
Delete          0%           0%            0%           
Instruction     14.3264%     2.586%        0.5681%      
Opcode          14.2397%     6.9857%       3.3374%      
OpcodeWidth     14.2055%     4.9675%       2.8484%      
Operand         14.27%       7.8509%       4.4326%      
Local Swap      14.2546%     1.7134%       0.9587%      
Global Swap     14.3313%     2.6803%       1.5121%      
Rotate          14.3725%     2.9968%       1.6623%      
                                                        
Total           100%         29.7806%      15.3196%     

********************************************************************************

Line no: 0 (0, 4)
Line no: 1 (0, 4)
Line no: 2 (0, 4)
Line no: 3 (0, 4)
Line no: 0 (0, 4)
Line no: 1 (0, 4)
Line no: 2 (0, 4)
Line no: 3 (0, 4)
Checking for leakage on path:

Line map: 4
Examining BB: 1
Instr at index 1, line 0: movl %edi, %eax
Leakage as of index 0: 1
Instr at index 1, line 1: movl %edi, %eax
Leakage as of index 1: 1
Instr at index 1, line 2: movl %edi, %eax
Leakage as of index 2: 1
Instr at index 1, line 3: movl %edi, %eax
Leakage as of index 3: 1
Unable to discover a new correct rewrite before timing out... 

********************************************************************************

Restarting search
Running search (timeout is 1000000 iterations):

Progress Update: 

Lowest Cost Discovered (123)     Lowest Known Correct Cost (2)     
                                                                   
._Z11transform32jj:              ._Z11transform32jj:               
xorq %rax, %rax                  movl %edi, %eax                   
sall $0x1, %edi                  subl %esi, %eax                   
retq                             retq                              

********************************************************************************

Progress Update: 

Lowest Cost Discovered (120)     Lowest Known Correct Cost (2)     
                                                                   
._Z11transform32jj:              ._Z11transform32jj:               
shrl $0x1, %edi                  movl %edi, %eax                   
xorq %rax, %rax                  subl %esi, %eax                   
retq                             retq                              

********************************************************************************

Progress Update: 

Lowest Cost Discovered (118)     Lowest Known Correct Cost (2)     
                                                                   
._Z11transform32jj:              ._Z11transform32jj:               
xorq %rax, %rax                  movl %edi, %eax                   
addw $0xfff9, %ax                subl %esi, %eax                   
shrl $0x1, %edi                  retq                              
retq                                                               

********************************************************************************

Progress Update: 

Lowest Cost Discovered (117)     Lowest Known Correct Cost (2)     
                                                                   
._Z11transform32jj:              ._Z11transform32jj:               
rorl $0x1, %edi                  movl %edi, %eax                   
xorl %esi, %edi                  subl %esi, %eax                   
xorq %rax, %rax                  retq                              
retq                                                               

********************************************************************************

Progress Update: 

Lowest Cost Discovered (116)     Lowest Known Correct Cost (2)     
                                                                   
._Z11transform32jj:              ._Z11transform32jj:               
movq $0xfc, %r10                 movl %edi, %eax                   
shrl $0x2, %esi                  subl %esi, %eax                   
xorl %eax, %eax                  retq                              
retq                                                               

********************************************************************************

Progress Update: 

Lowest Cost Discovered (113)     Lowest Known Correct Cost (2)     
                                                                   
._Z11transform32jj:              ._Z11transform32jj:               
xorl %eax, %eax                  movl %edi, %eax                   
movl $0xfffffff8, %r10d          subl %esi, %eax                   
shrl $0x6, %esi                  retq                              
retq                                                               

********************************************************************************

Progress Update: 

Lowest Cost Discovered (112)     Lowest Known Correct Cost (2)     
                                                                   
._Z11transform32jj:              ._Z11transform32jj:               
sarl $0x6, %esi                  movl %edi, %eax                   
xorq %rax, %rax                  subl %esi, %eax                   
subl $0xfffffff8, %edi           retq                              
retq                                                               

********************************************************************************

Progress Update: 

Lowest Cost Discovered (111)     Lowest Known Correct Cost (2)     
                                                                   
._Z11transform32jj:              ._Z11transform32jj:               
rorl $0x6, %esi                  movl %edi, %eax                   
xorq %rax, %rax                  subl %esi, %eax                   
sbbl $0xfa, %edi                 retq                              
retq                                                               

********************************************************************************

Progress Update: 

Lowest Cost Discovered (110)     Lowest Known Correct Cost (2)     
                                                                   
._Z11transform32jj:              ._Z11transform32jj:               
xorq %rax, %rax                  movl %edi, %eax                   
roll $0x3, %edi                  subl %esi, %eax                   
crc32b %sil, %esi                retq                              
retq                                                               

********************************************************************************

Progress Update: 

Lowest Cost Discovered (106)     Lowest Known Correct Cost (2)     
                                                                   
._Z11transform32jj:              ._Z11transform32jj:               
xorq %rax, %rax                  movl %edi, %eax                   
crc32b %sil, %eax                subl %esi, %eax                   
roll $0x3, %edi                  retq                              
retq                                                               

********************************************************************************

Progress Update: 

Lowest Cost Discovered (105)     Lowest Known Correct Cost (2)     
                                                                   
._Z11transform32jj:              ._Z11transform32jj:               
movl %esi, %eax                  movl %edi, %eax                   
sall $0x3, %edi                  subl %esi, %eax                   
xaddl %esi, %esi                 retq                              
retq                                                               

********************************************************************************

Progress Update: 

Lowest Cost Discovered (104)     Lowest Known Correct Cost (2)     
                                                                   
._Z11transform32jj:              ._Z11transform32jj:               
movl %esi, %eax                  movl %edi, %eax                   
imull $0xc0, %edi, %r10d         subl %esi, %eax                   
roll $0x3, %edi                  retq                              
retq                                                               

********************************************************************************

Progress Update: 

Lowest Cost Discovered (103)       Lowest Known Correct Cost (2)     
                                                                     
._Z11transform32jj:                ._Z11transform32jj:               
imull $0xfffffff0, %edi, %r10d     movl %edi, %eax                   
roll $0x3, %edi                    subl %esi, %eax                   
movl %esi, %eax                    retq                              
retq                                                                 

********************************************************************************

Progress Update: 

Lowest Cost Discovered (102)     Lowest Known Correct Cost (2)     
                                                                   
._Z11transform32jj:              ._Z11transform32jj:               
shll $0x3, %edi                  movl %edi, %eax                   
movl %edi, %eax                  subl %esi, %eax                   
shrq $0x1, %rdi                  retq                              
retq                                                               

********************************************************************************

Progress Update: 

Lowest Cost Discovered (100)     Lowest Known Correct Cost (2)     
                                                                   
._Z11transform32jj:              ._Z11transform32jj:               
shll $0x3, %edi                  movl %edi, %eax                   
movl %edi, %eax                  subl %esi, %eax                   
sarq $0x1, %rax                  retq                              
retq                                                               

********************************************************************************

Progress Update: 

Lowest Cost Discovered (97)     Lowest Known Correct Cost (2)     
                                                                  
._Z11transform32jj:             ._Z11transform32jj:               
roll $0x3, %edi                 movl %edi, %eax                   
movl %edi, %eax                 subl %esi, %eax                   
sarq $0x1, %rax                 retq                              
retq                                                              

********************************************************************************

Progress Update: 

Lowest Cost Discovered (11)     Lowest Known Correct Cost (2)     
                                                                  
._Z11transform32jj:             ._Z11transform32jj:               
subl %esi, %edi                 movl %edi, %eax                   
movl %edi, %eax                 subl %esi, %eax                   
shrq $0x1, %rax                 retq                              
retq                                                              

********************************************************************************

Progress Update: 

Lowest Cost Discovered (3)     Lowest Known Correct Cost (2)     
                                                                 
._Z11transform32jj:            ._Z11transform32jj:               
subl %esi, %edi                movl %edi, %eax                   
movl %edi, %eax                subl %esi, %eax                   
shrq $0x40, %rax               retq                              
retq                                                             

********************************************************************************

Progress Update: 

Lowest Cost Discovered (2)     Lowest Known Correct Cost (2)     
                                                                 
._Z11transform32jj:            ._Z11transform32jj:               
subl %esi, %edi                movl %edi, %eax                   
movl %edi, %eax                subl %esi, %eax                   
retq                           retq                              

********************************************************************************

Statistics Update: 

Iterations:                    100000
Elapsed Time:                  0.301276s
Iterations/s:                  331922

Starting cost:                 127
Lowest cost:                   2
Lowest correct cost:           2

Move Type       Proposed     Succeeded     Accepted     
                                                        
Add Nops        0%           0%            0%           
Delete          0%           0%            0%           
Instruction     14.124%      2.212%        0.482%       
Opcode          14.324%      5.933%        2.243%       
OpcodeWidth     14.326%      4.795%        2.616%       
Operand         14.408%      7.614%        4.142%       
Local Swap      14.078%      2.127%        0.711%       
Global Swap     14.364%      3.288%        1.092%       
Rotate          14.376%      3.752%        1.226%       
                                                        
Total           100%         29.721%       12.512%      

********************************************************************************

Statistics Update: 

Iterations:                    200000
Elapsed Time:                  0.604919s
Iterations/s:                  330623

Starting cost:                 127
Lowest cost:                   2
Lowest correct cost:           2

Move Type       Proposed     Succeeded     Accepted     
                                                        
Add Nops        0%           0%            0%           
Delete          0%           0%            0%           
Instruction     14.213%      2.21%         0.621%       
Opcode          14.335%      5.9115%       2.5495%      
OpcodeWidth     14.3665%     4.945%        3.0265%      
Operand         14.278%      7.3865%       4.4315%      
Local Swap      14.208%      2.3465%       0.823%       
Global Swap     14.2915%     3.644%        1.257%       
Rotate          14.308%      4.019%        1.4255%      
                                                        
Total           100%         30.4625%      14.134%      

********************************************************************************

Statistics Update: 

Iterations:                    300000
Elapsed Time:                  0.905356s
Iterations/s:                  331361

Starting cost:                 127
Lowest cost:                   2
Lowest correct cost:           2

Move Type       Proposed     Succeeded     Accepted      
                                                         
Add Nops        0%           0%            0%            
Delete          0%           0%            0%            
Instruction     14.2203%     2.217%        0.679%        
Opcode          14.359%      5.89567%      2.582%        
OpcodeWidth     14.329%      4.95467%      3.119%        
Operand         14.274%      7.29767%      4.534%        
Local Swap      14.2497%     2.40933%      0.863333%     
Global Swap     14.2573%     3.71533%      1.299%        
Rotate          14.3107%     4.08033%      1.47733%      
                                                         
Total           100%         30.57%        14.5537%      

********************************************************************************

Statistics Update: 

Iterations:                    400000
Elapsed Time:                  1.20783s
Iterations/s:                  331173

Starting cost:                 127
Lowest cost:                   2
Lowest correct cost:           2

Move Type       Proposed     Succeeded     Accepted     
                                                        
Add Nops        0%           0%            0%           
Delete          0%           0%            0%           
Instruction     14.261%      2.20725%      0.699%       
Opcode          14.3245%     5.9015%       2.64275%     
OpcodeWidth     14.3067%     4.93275%      3.1465%      
Operand         14.28%       7.322%        4.63%        
Local Swap      14.3038%     2.462%        0.90025%     
Global Swap     14.2335%     3.76975%      1.345%       
Rotate          14.2905%     4.096%        1.53475%     
                                                        
Total           100%         30.6913%      14.8983%     

********************************************************************************

Statistics Update: 

Iterations:                    500000
Elapsed Time:                  1.50904s
Iterations/s:                  331336

Starting cost:                 127
Lowest cost:                   2
Lowest correct cost:           2

Move Type       Proposed     Succeeded     Accepted     
                                                        
Add Nops        0%           0%            0%           
Delete          0%           0%            0%           
Instruction     14.2452%     2.2044%       0.707%       
Opcode          14.3532%     5.925%        2.701%       
OpcodeWidth     14.2854%     4.8964%       3.136%       
Operand         14.2738%     7.2858%       4.6482%      
Local Swap      14.272%      2.4792%       0.9098%      
Global Swap     14.2644%     3.8102%       1.3872%      
Rotate          14.306%      4.1312%       1.5604%      
                                                        
Total           100%         30.7322%      15.0496%     

********************************************************************************

Statistics Update: 

Iterations:                    600000
Elapsed Time:                  1.81881s
Iterations/s:                  329886

Starting cost:                 127
Lowest cost:                   2
Lowest correct cost:           2

Move Type       Proposed     Succeeded     Accepted      
                                                         
Add Nops        0%           0%            0%            
Delete          0%           0%            0%            
Instruction     14.2425%     2.22033%      0.719667%     
Opcode          14.3307%     5.98167%      2.78017%      
OpcodeWidth     14.2753%     4.92133%      3.175%        
Operand         14.2837%     7.30167%      4.67333%      
Local Swap      14.282%      2.50917%      0.923833%     
Global Swap     14.282%      3.8475%       1.40833%      
Rotate          14.3038%     4.16217%      1.58067%      
                                                         
Total           100%         30.9438%      15.261%       

********************************************************************************

Statistics Update: 

Iterations:                    700000
Elapsed Time:                  2.12045s
Iterations/s:                  330118

Starting cost:                 127
Lowest cost:                   2
Lowest correct cost:           2

Move Type       Proposed     Succeeded     Accepted      
                                                         
Add Nops        0%           0%            0%            
Delete          0%           0%            0%            
Instruction     14.2357%     2.23929%      0.726143%     
Opcode          14.3473%     5.99114%      2.78786%      
OpcodeWidth     14.2503%     4.91371%      3.179%        
Operand         14.2934%     7.29314%      4.69329%      
Local Swap      14.3007%     2.518%        0.923%        
Global Swap     14.2917%     3.84743%      1.41357%      
Rotate          14.2809%     4.157%        1.58886%      
                                                         
Total           100%         30.9597%      15.3117%      

********************************************************************************

Statistics Update: 

Iterations:                    800000
Elapsed Time:                  2.42325s
Iterations/s:                  330135

Starting cost:                 127
Lowest cost:                   2
Lowest correct cost:           2

Move Type       Proposed     Succeeded     Accepted      
                                                         
Add Nops        0%           0%            0%            
Delete          0%           0%            0%            
Instruction     14.2142%     2.233%        0.730875%     
Opcode          14.3517%     5.99338%      2.79937%      
OpcodeWidth     14.2535%     4.90688%      3.18812%      
Operand         14.3029%     7.31425%      4.72637%      
Local Swap      14.278%      2.521%        0.921%        
Global Swap     14.3206%     3.84675%      1.41562%      
Rotate          14.279%      4.15512%      1.58963%      
                                                         
Total           100%         30.9704%      15.371%       

********************************************************************************

Statistics Update: 

Iterations:                    900000
Elapsed Time:                  2.72297s
Iterations/s:                  330521

Starting cost:                 127
Lowest cost:                   2
Lowest correct cost:           2

Move Type       Proposed     Succeeded     Accepted      
                                                         
Add Nops        0%           0%            0%            
Delete          0%           0%            0%            
Instruction     14.2359%     2.24167%      0.737%        
Opcode          14.3611%     5.98522%      2.80344%      
OpcodeWidth     14.2503%     4.91056%      3.197%        
Operand         14.2918%     7.32067%      4.74122%      
Local Swap      14.2769%     2.50744%      0.922333%     
Global Swap     14.3204%     3.84033%      1.41789%      
Rotate          14.2636%     4.13267%      1.59278%      
                                                         
Total           100%         30.9386%      15.4117%      

********************************************************************************

Statistics Update: 

Iterations:                    1000000
Elapsed Time:                  3.00422s
Iterations/s:                  332865

Starting cost:                 127
Lowest cost:                   2
Lowest correct cost:           2

Move Type       Proposed     Succeeded     Accepted     
                                                        
Add Nops        0%           0%            0%           
Delete          0%           0%            0%           
Instruction     14.2302%     2.2846%       0.7335%      
Opcode          14.3498%     6.0201%       2.8167%      
OpcodeWidth     14.2601%     4.924%        3.2011%      
Operand         14.287%      7.3826%       4.7205%      
Local Swap      14.2858%     2.4033%       0.9222%      
Global Swap     14.3269%     3.6892%       1.4245%      
Rotate          14.2602%     3.9778%       1.5953%      
                                                        
Total           100%         30.6816%      15.4138%     

********************************************************************************

Line no: 0 (0, 4)
Line no: 1 (0, 4)
Line no: 2 (0, 4)
Line no: 3 (0, 4)
Line no: 0 (0, 4)
Line no: 1 (0, 4)
Line no: 2 (0, 4)
Line no: 3 (0, 4)
Checking for leakage on path:

Line map: 4
Examining BB: 1
Instr at index 1, line 0: movl %edi, %eax
Leakage as of index 0: 1
Instr at index 1, line 1: movl %edi, %eax
Leakage as of index 1: 1
Instr at index 1, line 2: movl %edi, %eax
Leakage as of index 2: 1
Instr at index 1, line 3: movl %edi, %eax
Leakage as of index 3: 1
Unable to discover a new correct rewrite before timing out... 

********************************************************************************

Restarting search
Running search (timeout is 1000000 iterations):

Progress Update: 

Lowest Cost Discovered (126)     Lowest Known Correct Cost (2)     
                                                                   
._Z11transform32jj:              ._Z11transform32jj:               
xorq %rax, %rax                  movl %edi, %eax                   
addl %esi, %eax                  subl %esi, %eax                   
retq                             retq                              

********************************************************************************

Progress Update: 

Lowest Cost Discovered (125)     Lowest Known Correct Cost (2)     
                                                                   
._Z11transform32jj:              ._Z11transform32jj:               
xorq %rax, %rax                  movl %edi, %eax                   
addl %esi, %eax                  subl %esi, %eax                   
orl %edi, %esi                   retq                              
retq                                                               

********************************************************************************

Progress Update: 

Lowest Cost Discovered (120)     Lowest Known Correct Cost (2)     
                                                                   
._Z11transform32jj:              ._Z11transform32jj:               
xorq %rax, %rax                  movl %edi, %eax                   
addl %esi, %eax                  subl %esi, %eax                   
orl %edi, %edi                   retq                              
retq                                                               

********************************************************************************

Progress Update: 

Lowest Cost Discovered (117)     Lowest Known Correct Cost (2)     
                                                                   
._Z11transform32jj:              ._Z11transform32jj:               
xorq %rax, %rax                  movl %edi, %eax                   
crc32l %esi, %eax                subl %esi, %eax                   
orl %edi, %edi                   retq                              
retq                                                               

********************************************************************************

Progress Update: 

Lowest Cost Discovered (115)     Lowest Known Correct Cost (2)     
                                                                   
._Z11transform32jj:              ._Z11transform32jj:               
xorq %rax, %rax                  movl %edi, %eax                   
crc32b %sil, %eax                subl %esi, %eax                   
orl %edi, %edi                   retq                              
retq                                                               

********************************************************************************

Progress Update: 

Lowest Cost Discovered (114)     Lowest Known Correct Cost (2)     
                                                                   
._Z11transform32jj:              ._Z11transform32jj:               
xorq %rax, %rax                  movl %edi, %eax                   
crc32b %sil, %eax                subl %esi, %eax                   
imull %edi, %edi                 retq                              
retq                                                               

********************************************************************************

Progress Update: 

Lowest Cost Discovered (107)     Lowest Known Correct Cost (2)     
                                                                   
._Z11transform32jj:              ._Z11transform32jj:               
xorq %rax, %rax                  movl %edi, %eax                   
crc32b %sil, %esi                subl %esi, %eax                   
imull %edi, %edi                 retq                              
retq                                                               

********************************************************************************

Progress Update: 

Lowest Cost Discovered (106)     Lowest Known Correct Cost (2)     
                                                                   
._Z11transform32jj:              ._Z11transform32jj:               
movl %esi, %eax                  movl %edi, %eax                   
crc32b %al, %rsi                 subl %esi, %eax                   
imull %esi, %edi                 retq                              
retq                                                               

********************************************************************************

Progress Update: 

Lowest Cost Discovered (104)     Lowest Known Correct Cost (2)     
                                                                   
._Z11transform32jj:              ._Z11transform32jj:               
crc32b %sil, %rsi                movl %edi, %eax                   
movl %edi, %eax                  subl %esi, %eax                   
imull %esi, %edi                 retq                              
retq                                                               

********************************************************************************

Progress Update: 

Lowest Cost Discovered (11)     Lowest Known Correct Cost (2)     
                                                                  
._Z11transform32jj:             ._Z11transform32jj:               
subl %esi, %edi                 movl %edi, %eax                   
movl %esi, %eax                 subl %esi, %eax                   
crc32b %sil, %rsi               retq                              
retq                                                              

********************************************************************************

Progress Update: 

Lowest Cost Discovered (6)     Lowest Known Correct Cost (2)     
                                                                 
._Z11transform32jj:            ._Z11transform32jj:               
subl %esi, %edi                movl %edi, %eax                   
movl %edi, %eax                subl %esi, %eax                   
movw $0x5, %sp                 retq                              
retq                                                             

********************************************************************************

Progress Update: 

Lowest Cost Discovered (3)     Lowest Known Correct Cost (2)     
                                                                 
._Z11transform32jj:            ._Z11transform32jj:               
subl %esi, %edi                movl %edi, %eax                   
movl $0x10, %esp               subl %esi, %eax                   
movl %edi, %eax                retq                              
retq                                                             

********************************************************************************

Progress Update: 

Lowest Cost Discovered (2)     Lowest Known Correct Cost (2)     
                                                                 
._Z11transform32jj:            ._Z11transform32jj:               
subl %esi, %edi                movl %edi, %eax                   
movl %edi, %eax                subl %esi, %eax                   
retq                           retq                              

********************************************************************************

Statistics Update: 

Iterations:                    100000
Elapsed Time:                  0.308188s
Iterations/s:                  324478

Starting cost:                 127
Lowest cost:                   2
Lowest correct cost:           2

Move Type       Proposed     Succeeded     Accepted     
                                                        
Add Nops        0%           0%            0%           
Delete          0%           0%            0%           
Instruction     14.234%      2.323%        0.651%       
Opcode          14.274%      6.204%        2.862%       
OpcodeWidth     14.342%      4.944%        3.04%        
Operand         14.324%      7.366%        4.689%       
Local Swap      14.315%      2.579%        1.078%       
Global Swap     14.317%      3.862%        1.635%       
Rotate          14.194%      4.143%        1.83%        
                                                        
Total           100%         31.421%       15.785%      

********************************************************************************

Statistics Update: 

Iterations:                    200000
Elapsed Time:                  0.617368s
Iterations/s:                  323956

Starting cost:                 127
Lowest cost:                   2
Lowest correct cost:           2

Move Type       Proposed     Succeeded     Accepted     
                                                        
Add Nops        0%           0%            0%           
Delete          0%           0%            0%           
Instruction     14.22%       2.27%         0.735%       
Opcode          14.2155%     5.985%        2.8155%      
OpcodeWidth     14.446%      4.9365%       3.151%       
Operand         14.3335%     7.4265%       4.8385%      
Local Swap      14.3205%     2.6365%       1.025%       
Global Swap     14.282%      4.0165%       1.574%       
Rotate          14.1825%     4.233%        1.805%       
                                                        
Total           100%         31.504%       15.944%      

********************************************************************************

Statistics Update: 

Iterations:                    300000
Elapsed Time:                  0.923845s
Iterations/s:                  324730

Starting cost:                 127
Lowest cost:                   2
Lowest correct cost:           2

Move Type       Proposed     Succeeded     Accepted      
                                                         
Add Nops        0%           0%            0%            
Delete          0%           0%            0%            
Instruction     14.186%      2.25333%      0.756667%     
Opcode          14.2367%     5.94933%      2.82367%      
OpcodeWidth     14.4233%     4.928%        3.178%        
Operand         14.3687%     7.453%        4.886%        
Local Swap      14.282%      2.622%        0.982%        
Global Swap     14.2867%     4.02733%      1.53767%      
Rotate          14.2167%     4.261%        1.74633%      
                                                         
Total           100%         31.494%       15.9103%      

********************************************************************************

Statistics Update: 

Iterations:                    400000
Elapsed Time:                  1.23918s
Iterations/s:                  322794

Starting cost:                 127
Lowest cost:                   2
Lowest correct cost:           2

Move Type       Proposed     Succeeded     Accepted     
                                                        
Add Nops        0%           0%            0%           
Delete          0%           0%            0%           
Instruction     14.2075%     2.25325%      0.75475%     
Opcode          14.2922%     6.20675%      3.0775%      
OpcodeWidth     14.3085%     5.0495%       3.31075%     
Operand         14.3498%     7.53375%      4.874%       
Local Swap      14.28%       2.557%        0.964%       
Global Swap     14.3038%     3.95725%      1.49225%     
Rotate          14.2583%     4.20375%      1.72325%     
                                                        
Total           100%         31.7613%      16.1965%     

********************************************************************************

Statistics Update: 

Iterations:                    500000
Elapsed Time:                  1.5373s
Iterations/s:                  325245

Starting cost:                 127
Lowest cost:                   2
Lowest correct cost:           2

Move Type       Proposed     Succeeded     Accepted     
                                                        
Add Nops        0%           0%            0%           
Delete          0%           0%            0%           
Instruction     14.2218%     2.2522%       0.7554%      
Opcode          14.2834%     6.2106%       3.0472%      
OpcodeWidth     14.303%      5.0046%       3.2694%      
Operand         14.3286%     7.4692%       4.8652%      
Local Swap      14.311%      2.533%        0.9644%      
Global Swap     14.3024%     3.903%        1.48%        
Rotate          14.2498%     4.1586%       1.6878%      
                                                        
Total           100%         31.5312%      16.0694%     

********************************************************************************

Statistics Update: 

Iterations:                    600000
Elapsed Time:                  1.84077s
Iterations/s:                  325951

Starting cost:                 127
Lowest cost:                   2
Lowest correct cost:           2

Move Type       Proposed     Succeeded     Accepted      
                                                         
Add Nops        0%           0%            0%            
Delete          0%           0%            0%            
Instruction     14.2248%     2.232%        0.758667%     
Opcode          14.3175%     6.18717%      3.011%        
OpcodeWidth     14.294%      4.98217%      3.2655%       
Operand         14.342%      7.4395%       4.87%         
Local Swap      14.2918%     2.5305%       0.961333%     
Global Swap     14.2838%     3.91467%      1.49333%      
Rotate          14.246%      4.178%        1.68117%      
                                                         
Total           100%         31.464%       16.041%       

********************************************************************************

Statistics Update: 

Iterations:                    700000
Elapsed Time:                  2.14563s
Iterations/s:                  326245

Starting cost:                 127
Lowest cost:                   2
Lowest correct cost:           2

Move Type       Proposed     Succeeded     Accepted      
                                                         
Add Nops        0%           0%            0%            
Delete          0%           0%            0%            
Instruction     14.2409%     2.22286%      0.759286%     
Opcode          14.284%      6.11857%      2.97086%      
OpcodeWidth     14.292%      4.97971%      3.27714%      
Operand         14.3386%     7.43414%      4.87943%      
Local Swap      14.3044%     2.54786%      0.963143%     
Global Swap     14.2876%     3.92371%      1.494%        
Rotate          14.2526%     4.19714%      1.69186%      
                                                         
Total           100%         31.424%       16.0357%      

********************************************************************************

Statistics Update: 

Iterations:                    800000
Elapsed Time:                  2.45396s
Iterations/s:                  326004

Starting cost:                 127
Lowest cost:                   2
Lowest correct cost:           2

Move Type       Proposed     Succeeded     Accepted      
                                                         
Add Nops        0%           0%            0%            
Delete          0%           0%            0%            
Instruction     14.233%      2.21537%      0.759125%     
Opcode          14.2803%     6.08425%      2.94775%      
OpcodeWidth     14.2979%     4.9725%       3.27888%      
Operand         14.3368%     7.42563%      4.8825%       
Local Swap      14.3104%     2.56675%      0.964375%     
Global Swap     14.276%      3.95725%      1.498%        
Rotate          14.2658%     4.23038%      1.70588%      
                                                         
Total           100%         31.4521%      16.0365%      

********************************************************************************

Statistics Update: 

Iterations:                    900000
Elapsed Time:                  2.75626s
Iterations/s:                  326530

Starting cost:                 127
Lowest cost:                   2
Lowest correct cost:           2

Move Type       Proposed     Succeeded     Accepted      
                                                         
Add Nops        0%           0%            0%            
Delete          0%           0%            0%            
Instruction     14.2398%     2.21178%      0.751556%     
Opcode          14.2747%     6.06156%      2.92122%      
OpcodeWidth     14.2821%     4.95756%      3.26467%      
Operand         14.3326%     7.41778%      4.87311%      
Local Swap      14.3067%     2.56689%      0.963%        
Global Swap     14.2689%     3.95533%      1.50189%      
Rotate          14.2953%     4.23333%      1.71256%      
                                                         
Total           100%         31.4042%      15.988%       

********************************************************************************

Statistics Update: 

Iterations:                    1000000
Elapsed Time:                  3.05636s
Iterations/s:                  327187

Starting cost:                 127
Lowest cost:                   2
Lowest correct cost:           2

Move Type       Proposed     Succeeded     Accepted     
                                                        
Add Nops        0%           0%            0%           
Delete          0%           0%            0%           
Instruction     14.2681%     2.2267%       0.733%       
Opcode          14.2766%     6.1206%       2.9223%      
OpcodeWidth     14.2768%     4.9545%       3.2515%      
Operand         14.3213%     7.3965%       4.8426%      
Local Swap      14.2951%     2.5337%       0.9596%      
Global Swap     14.267%      3.9234%       1.5072%      
Rotate          14.2951%     4.2041%       1.7096%      
                                                        
Total           100%         31.3595%      15.9258%     

********************************************************************************

Line no: 0 (0, 4)
Line no: 1 (0, 4)
Line no: 2 (0, 4)
Line no: 3 (0, 4)
Line no: 0 (0, 4)
Line no: 1 (0, 4)
Line no: 2 (0, 4)
Line no: 3 (0, 4)
Checking for leakage on path:

Line map: 4
Examining BB: 1
Instr at index 1, line 0: movl %edi, %eax
Leakage as of index 0: 1
Instr at index 1, line 1: movl %edi, %eax
Leakage as of index 1: 1
Instr at index 1, line 2: movl %edi, %eax
Leakage as of index 2: 1
Instr at index 1, line 3: movl %edi, %eax
Leakage as of index 3: 1
Unable to discover a new correct rewrite before timing out... 

********************************************************************************

Restarting search
Running search (timeout is 1000000 iterations):

Progress Update: 

Lowest Cost Discovered (126)     Lowest Known Correct Cost (2)     
                                                                   
._Z11transform32jj:              ._Z11transform32jj:               
xorq %rax, %rax                  movl %edi, %eax                   
movb $0x80, %ah                  subl %esi, %eax                   
retq                             retq                              

********************************************************************************

Progress Update: 

Lowest Cost Discovered (121)     Lowest Known Correct Cost (2)     
                                                                   
._Z11transform32jj:              ._Z11transform32jj:               
xorq %rax, %rax                  movl %edi, %eax                   
movswl %di, %ecx                 subl %esi, %eax                   
movb $0x80, %ah                  retq                              
retq                                                               

********************************************************************************

Progress Update: 

Lowest Cost Discovered (119)     Lowest Known Correct Cost (2)     
                                                                   
._Z11transform32jj:              ._Z11transform32jj:               
xorq %rax, %rax                  movl %edi, %eax                   
movzwl %di, %ecx                 subl %esi, %eax                   
sall $0xc0, %edi                 retq                              
retq                                                               

********************************************************************************

Progress Update: 

Lowest Cost Discovered (117)     Lowest Known Correct Cost (2)     
                                                                   
._Z11transform32jj:              ._Z11transform32jj:               
xorw %di, %si                    movl %edi, %eax                   
btrl %esi, %esi                  subl %esi, %eax                   
xorq %rax, %rax                  retq                              
retq                                                               

********************************************************************************

Progress Update: 

Lowest Cost Discovered (116)     Lowest Known Correct Cost (2)     
                                                                   
._Z11transform32jj:              ._Z11transform32jj:               
xorw %di, %si                    movl %edi, %eax                   
movl %esi, %esi                  subl %esi, %eax                   
xorq %rax, %rax                  retq                              
retq                                                               

********************************************************************************

Progress Update: 

Lowest Cost Discovered (110)     Lowest Known Correct Cost (2)     
                                                                   
._Z11transform32jj:              ._Z11transform32jj:               
xorw %di, %si                    movl %edi, %eax                   
xchgl %esi, %edi                 subl %esi, %eax                   
xorq %rax, %rax                  retq                              
retq                                                               

********************************************************************************

Progress Update: 

Lowest Cost Discovered (82)     Lowest Known Correct Cost (2)     
                                                                  
._Z11transform32jj:             ._Z11transform32jj:               
xorw %di, %si                   movl %edi, %eax                   
sbbl %esi, %edi                 subl %esi, %eax                   
xorq %rax, %rax                 retq                              
retq                                                              

********************************************************************************

Progress Update: 

Lowest Cost Discovered (68)     Lowest Known Correct Cost (2)     
                                                                  
._Z11transform32jj:             ._Z11transform32jj:               
orw %di, %si                    movl %edi, %eax                   
xorq %rax, %rax                 subl %esi, %eax                   
sbbl %esi, %edi                 retq                              
retq                                                              

********************************************************************************

Progress Update: 

Lowest Cost Discovered (11)     Lowest Known Correct Cost (2)     
                                                                  
._Z11transform32jj:             ._Z11transform32jj:               
xorq %rax, %rax                 movl %edi, %eax                   
sbbl %esi, %edi                 subl %esi, %eax                   
orw %di, %si                    retq                              
retq                                                              

********************************************************************************

Progress Update: 

Lowest Cost Discovered (3)     Lowest Known Correct Cost (2)     
                                                                 
._Z11transform32jj:            ._Z11transform32jj:               
xorl %eax, %eax                movl %edi, %eax                   
subl %esi, %edi                subl %esi, %eax                   
orq %rdi, %rax                 retq                              
retq                                                             

********************************************************************************

Progress Update: 

Lowest Cost Discovered (2)     Lowest Known Correct Cost (2)     
                                                                 
._Z11transform32jj:            ._Z11transform32jj:               
subl %esi, %edi                movl %edi, %eax                   
movl %edi, %eax                subl %esi, %eax                   
retq                           retq                              

********************************************************************************

Statistics Update: 

Iterations:                    100000
Elapsed Time:                  0.307339s
Iterations/s:                  325374

Starting cost:                 127
Lowest cost:                   2
Lowest correct cost:           2

Move Type       Proposed     Succeeded     Accepted     
                                                        
Add Nops        0%           0%            0%           
Delete          0%           0%            0%           
Instruction     14.247%      2.443%        0.516%       
Opcode          14.317%      7.243%        3.585%       
OpcodeWidth     14.351%      5.372%        3.366%       
Operand         14.059%      7.368%        4.449%       
Local Swap      14.333%      2.278%        0.907%       
Global Swap     14.32%       3.509%        1.442%       
Rotate          14.373%      3.739%        1.619%       
                                                        
Total           100%         31.952%       15.884%      

********************************************************************************

Statistics Update: 

Iterations:                    200000
Elapsed Time:                  0.606585s
Iterations/s:                  329714

Starting cost:                 127
Lowest cost:                   2
Lowest correct cost:           2

Move Type       Proposed     Succeeded     Accepted     
                                                        
Add Nops        0%           0%            0%           
Delete          0%           0%            0%           
Instruction     14.307%      2.4585%       0.5685%      
Opcode          14.235%      6.907%        3.3935%      
OpcodeWidth     14.249%      5.2695%       3.385%       
Operand         14.199%      7.553%        4.5455%      
Local Swap      14.3555%     2.1935%       0.8955%      
Global Swap     14.3265%     3.3785%       1.4195%      
Rotate          14.328%      3.6235%       1.5915%      
                                                        
Total           100%         31.3835%      15.799%      

********************************************************************************

Statistics Update: 

Iterations:                    300000
Elapsed Time:                  0.88779s
Iterations/s:                  337918

Starting cost:                 127
Lowest cost:                   2
Lowest correct cost:           2

Move Type       Proposed     Succeeded     Accepted      
                                                         
Add Nops        0%           0%            0%            
Delete          0%           0%            0%            
Instruction     14.2993%     2.54333%      0.636667%     
Opcode          14.2727%     6.70367%      3.23333%      
OpcodeWidth     14.295%      5.226%        3.364%        
Operand         14.22%       7.722%        4.588%        
Local Swap      14.3203%     1.933%        0.929667%     
Global Swap     14.3143%     2.97933%      1.46333%      
Rotate          14.2783%     3.21767%      1.611%        
                                                         
Total           100%         30.325%       15.826%       

********************************************************************************

Statistics Update: 

Iterations:                    400000
Elapsed Time:                  1.1873s
Iterations/s:                  336900

Starting cost:                 127
Lowest cost:                   2
Lowest correct cost:           2

Move Type       Proposed     Succeeded     Accepted     
                                                        
Add Nops        0%           0%            0%           
Delete          0%           0%            0%           
Instruction     14.2722%     2.4575%       0.65925%     
Opcode          14.2988%     6.4865%       3.10075%     
OpcodeWidth     14.2455%     5.10225%      3.286%       
Operand         14.2513%     7.58675%      4.65475%     
Local Swap      14.3247%     2.07875%      0.92825%     
Global Swap     14.3272%     3.233%        1.46025%     
Rotate          14.2803%     3.4815%       1.6285%      
                                                        
Total           100%         30.4262%      15.7178%     

********************************************************************************

Statistics Update: 

Iterations:                    500000
Elapsed Time:                  1.47888s
Iterations/s:                  338094

Starting cost:                 127
Lowest cost:                   2
Lowest correct cost:           2

Move Type       Proposed     Succeeded     Accepted     
                                                        
Add Nops        0%           0%            0%           
Delete          0%           0%            0%           
Instruction     14.2508%     2.4342%       0.6726%      
Opcode          14.2842%     6.3514%       2.999%       
OpcodeWidth     14.2788%     5.0674%       3.291%       
Operand         14.2296%     7.5708%       4.6596%      
Local Swap      14.354%      2.0836%       0.9192%      
Global Swap     14.3178%     3.2378%       1.4462%      
Rotate          14.2848%     3.4824%       1.6326%      
                                                        
Total           100%         30.2276%      15.6202%     

********************************************************************************

Statistics Update: 

Iterations:                    600000
Elapsed Time:                  1.75774s
Iterations/s:                  341347

Starting cost:                 127
Lowest cost:                   2
Lowest correct cost:           2

Move Type       Proposed     Succeeded     Accepted      
                                                         
Add Nops        0%           0%            0%            
Delete          0%           0%            0%            
Instruction     14.2112%     2.48467%      0.665333%     
Opcode          14.2565%     6.63033%      3.26167%      
OpcodeWidth     14.291%      4.945%        3.15433%      
Operand         14.253%      7.70583%      4.67033%      
Local Swap      14.3493%     1.925%        0.918%        
Global Swap     14.3395%     2.99733%      1.4415%       
Rotate          14.2995%     3.23767%      1.6185%       
                                                         
Total           100%         29.9258%      15.7297%      

********************************************************************************

Statistics Update: 

Iterations:                    700000
Elapsed Time:                  2.03309s
Iterations/s:                  344304

Starting cost:                 127
Lowest cost:                   2
Lowest correct cost:           2

Move Type       Proposed     Succeeded     Accepted      
                                                         
Add Nops        0%           0%            0%            
Delete          0%           0%            0%            
Instruction     14.2301%     2.53014%      0.673429%     
Opcode          14.2154%     6.74929%      3.38871%      
OpcodeWidth     14.269%      4.85086%      3.064%        
Operand         14.2896%     7.80343%      4.69071%      
Local Swap      14.3421%     1.80357%      0.908429%     
Global Swap     14.3526%     2.82643%      1.44443%      
Rotate          14.3011%     3.07114%      1.61214%      
                                                         
Total           100%         29.6349%      15.7819%      

********************************************************************************

Statistics Update: 

Iterations:                    800000
Elapsed Time:                  2.30474s
Iterations/s:                  347111

Starting cost:                 127
Lowest cost:                   2
Lowest correct cost:           2

Move Type       Proposed     Succeeded     Accepted     
                                                        
Add Nops        0%           0%            0%           
Delete          0%           0%            0%           
Instruction     14.2172%     2.54875%      0.67%        
Opcode          14.2308%     6.71638%      3.33812%     
OpcodeWidth     14.2659%     4.83188%      3.03863%     
Operand         14.318%      7.847%        4.69538%     
Local Swap      14.3345%     1.73713%      0.90475%     
Global Swap     14.3462%     2.71563%      1.4265%      
Rotate          14.2874%     2.95962%      1.59013%     
                                                        
Total           100%         29.3564%      15.6635%     

********************************************************************************

Statistics Update: 

Iterations:                    900000
Elapsed Time:                  2.57065s
Iterations/s:                  350106

Starting cost:                 127
Lowest cost:                   2
Lowest correct cost:           2

Move Type       Proposed     Succeeded     Accepted      
                                                         
Add Nops        0%           0%            0%            
Delete          0%           0%            0%            
Instruction     14.2182%     2.56967%      0.666667%     
Opcode          14.2318%     6.62733%      3.24689%      
OpcodeWidth     14.2674%     4.83322%      3.03356%      
Operand         14.3288%     7.85056%      4.66944%      
Local Swap      14.311%      1.67722%      0.912111%     
Global Swap     14.34%       2.61778%      1.43267%      
Rotate          14.3028%     2.87056%      1.60544%      
                                                         
Total           100%         29.0463%      15.5668%      

********************************************************************************

Statistics Update: 

Iterations:                    1000000
Elapsed Time:                  2.83162s
Iterations/s:                  353155

Starting cost:                 127
Lowest cost:                   2
Lowest correct cost:           2

Move Type       Proposed     Succeeded     Accepted     
                                                        
Add Nops        0%           0%            0%           
Delete          0%           0%            0%           
Instruction     14.2078%     2.5854%       0.6569%      
Opcode          14.2497%     6.5626%       3.1509%      
OpcodeWidth     14.2723%     4.8231%       3.0198%      
Operand         14.3003%     7.8424%       4.6441%      
Local Swap      14.3264%     1.6192%       0.9085%      
Global Swap     14.3468%     2.5383%       1.4357%      
Rotate          14.2967%     2.785%        1.602%       
                                                        
Total           100%         28.756%       15.4179%     

********************************************************************************

Line no: 0 (0, 4)
Line no: 1 (0, 4)
Line no: 2 (0, 4)
Line no: 3 (0, 4)
Line no: 0 (0, 4)
Line no: 1 (0, 4)
Line no: 2 (0, 4)
Line no: 3 (0, 4)
Checking for leakage on path:

Line map: 4
Examining BB: 1
Instr at index 1, line 0: movl %edi, %eax
Leakage as of index 0: 1
Instr at index 1, line 1: movl %edi, %eax
Leakage as of index 1: 1
Instr at index 1, line 2: movl %edi, %eax
Leakage as of index 2: 1
Instr at index 1, line 3: movl %edi, %eax
Leakage as of index 3: 1
Unable to discover a new correct rewrite before timing out... 

********************************************************************************

Restarting search
Running search (timeout is 1000000 iterations):

Progress Update: 

Lowest Cost Discovered (125)     Lowest Known Correct Cost (2)     
                                                                   
._Z11transform32jj:              ._Z11transform32jj:               
xorq %rax, %rax                  movl %edi, %eax                   
setb %dh                         subl %esi, %eax                   
addl %esi, %esi                  retq                              
retq                                                               

********************************************************************************

Progress Update: 

Lowest Cost Discovered (124)     Lowest Known Correct Cost (2)     
                                                                   
._Z11transform32jj:              ._Z11transform32jj:               
xorq %rax, %rax                  movl %edi, %eax                   
setb %dh                         subl %esi, %eax                   
btsl %esi, %esi                  retq                              
retq                                                               

********************************************************************************

Progress Update: 

Lowest Cost Discovered (122)     Lowest Known Correct Cost (2)     
                                                                   
._Z11transform32jj:              ._Z11transform32jj:               
xorq %rax, %rax                  movl %edi, %eax                   
setnbe %dh                       subl %esi, %eax                   
btsl %esi, %edi                  retq                              
retq                                                               

********************************************************************************

Progress Update: 

Lowest Cost Discovered (120)     Lowest Known Correct Cost (2)     
                                                                   
._Z11transform32jj:              ._Z11transform32jj:               
andl %esi, %edi                  movl %edi, %eax                   
xorq %rax, %rax                  subl %esi, %eax                   
setp %cl                         retq                              
retq                                                               

********************************************************************************

Progress Update: 

Lowest Cost Discovered (11)     Lowest Known Correct Cost (2)     
                                                                  
._Z11transform32jj:             ._Z11transform32jj:               
subl %esi, %edi                 movl %edi, %eax                   
xorq %rax, %rax                 subl %esi, %eax                   
andb %ah, %ah                   retq                              
retq                                                              

********************************************************************************

Progress Update: 

Lowest Cost Discovered (10)     Lowest Known Correct Cost (2)     
                                                                  
._Z11transform32jj:             ._Z11transform32jj:               
xorq %rax, %rax                 movl %edi, %eax                   
sbbl %esi, %edi                 subl %esi, %eax                   
retq                            retq                              

********************************************************************************

Progress Update: 

Lowest Cost Discovered (3)     Lowest Known Correct Cost (2)     
                                                                 
._Z11transform32jj:            ._Z11transform32jj:               
xorq %rax, %rax                movl %edi, %eax                   
sbbl %esi, %edi                subl %esi, %eax                   
xorl %edi, %eax                retq                              
retq                                                             

********************************************************************************

Progress Update: 

Lowest Cost Discovered (2)     Lowest Known Correct Cost (2)     
                                                                 
._Z11transform32jj:            ._Z11transform32jj:               
subl %esi, %edi                movl %edi, %eax                   
movq %rdi, %rax                subl %esi, %eax                   
retq                           retq                              

********************************************************************************

Statistics Update: 

Iterations:                    100000
Elapsed Time:                  0.304267s
Iterations/s:                  328658

Starting cost:                 127
Lowest cost:                   2
Lowest correct cost:           2

Move Type       Proposed     Succeeded     Accepted     
                                                        
Add Nops        0%           0%            0%           
Delete          0%           0%            0%           
Instruction     14.289%      2.274%        0.766%       
Opcode          14.036%      5.9%          2.866%       
OpcodeWidth     14.387%      4.975%        3.302%       
Operand         14.091%      7.338%        4.8%         
Local Swap      14.304%      2.513%        0.99%        
Global Swap     14.412%      3.919%        1.582%       
Rotate          14.481%      4.159%        1.677%       
                                                        
Total           100%         31.078%       15.983%      

********************************************************************************

Statistics Update: 

Iterations:                    200000
Elapsed Time:                  0.605588s
Iterations/s:                  330257

Starting cost:                 127
Lowest cost:                   2
Lowest correct cost:           2

Move Type       Proposed     Succeeded     Accepted     
                                                        
Add Nops        0%           0%            0%           
Delete          0%           0%            0%           
Instruction     14.1775%     2.221%        0.7685%      
Opcode          14.246%      5.925%        2.917%       
OpcodeWidth     14.3255%     4.91%         3.268%       
Operand         14.2255%     7.332%        4.824%       
Local Swap      14.28%       2.553%        0.9755%      
Global Swap     14.3915%     3.917%        1.506%       
Rotate          14.354%      4.129%        1.6205%      
                                                        
Total           100%         30.987%       15.8795%     

********************************************************************************

Statistics Update: 

Iterations:                    300000
Elapsed Time:                  0.906782s
Iterations/s:                  330840

Starting cost:                 127
Lowest cost:                   2
Lowest correct cost:           2

Move Type       Proposed     Succeeded     Accepted      
                                                         
Add Nops        0%           0%            0%            
Delete          0%           0%            0%            
Instruction     14.2173%     2.21633%      0.776333%     
Opcode          14.2807%     5.873%        2.82767%      
OpcodeWidth     14.3367%     4.88667%      3.243%        
Operand         14.213%      7.28533%      4.801%        
Local Swap      14.3407%     2.596%        0.974333%     
Global Swap     14.3017%     3.93967%      1.469%        
Rotate          14.31%       4.192%        1.64133%      
                                                         
Total           100%         30.989%       15.7327%      

********************************************************************************

Statistics Update: 

Iterations:                    400000
Elapsed Time:                  1.20949s
Iterations/s:                  330718

Starting cost:                 127
Lowest cost:                   2
Lowest correct cost:           2

Move Type       Proposed     Succeeded     Accepted     
                                                        
Add Nops        0%           0%            0%           
Delete          0%           0%            0%           
Instruction     14.2%        2.21275%      0.77775%     
Opcode          14.2438%     5.86925%      2.82225%     
OpcodeWidth     14.3005%     4.874%        3.2315%      
Operand         14.242%      7.32225%      4.8325%      
Local Swap      14.324%      2.563%        0.95375%     
Global Swap     14.3343%     3.96175%      1.47%        
Rotate          14.3555%     4.20575%      1.62%        
                                                        
Total           100%         31.0087%      15.7078%     

********************************************************************************

Statistics Update: 

Iterations:                    500000
Elapsed Time:                  1.5127s
Iterations/s:                  330535

Starting cost:                 127
Lowest cost:                   2
Lowest correct cost:           2

Move Type       Proposed     Succeeded     Accepted     
                                                        
Add Nops        0%           0%            0%           
Delete          0%           0%            0%           
Instruction     14.2422%     2.2052%       0.7708%      
Opcode          14.2394%     5.9076%       2.8576%      
OpcodeWidth     14.323%      4.8708%       3.2214%      
Operand         14.2654%     7.3478%       4.8406%      
Local Swap      14.2656%     2.5438%       0.9476%      
Global Swap     14.312%      3.9354%       1.4564%      
Rotate          14.3524%     4.2044%       1.6236%      
                                                        
Total           100%         31.015%       15.718%      

********************************************************************************

Statistics Update: 

Iterations:                    600000
Elapsed Time:                  1.81498s
Iterations/s:                  330583

Starting cost:                 127
Lowest cost:                   2
Lowest correct cost:           2

Move Type       Proposed     Succeeded     Accepted      
                                                         
Add Nops        0%           0%            0%            
Delete          0%           0%            0%            
Instruction     14.22%       2.20917%      0.772167%     
Opcode          14.2583%     5.89317%      2.83217%      
OpcodeWidth     14.3132%     4.88383%      3.23567%      
Operand         14.263%      7.35983%      4.85833%      
Local Swap      14.3012%     2.5465%       0.941167%     
Global Swap     14.3045%     3.92917%      1.45633%      
Rotate          14.3398%     4.19983%      1.61517%      
                                                         
Total           100%         31.0215%      15.711%       

********************************************************************************

Statistics Update: 

Iterations:                    700000
Elapsed Time:                  2.12544s
Iterations/s:                  329343

Starting cost:                 127
Lowest cost:                   2
Lowest correct cost:           2

Move Type       Proposed     Succeeded     Accepted      
                                                         
Add Nops        0%           0%            0%            
Delete          0%           0%            0%            
Instruction     14.2473%     2.23671%      0.738857%     
Opcode          14.2541%     6.06%         2.88443%      
OpcodeWidth     14.2961%     4.99229%      3.31129%      
Operand         14.2603%     7.36243%      4.82857%      
Local Swap      14.2844%     2.51129%      0.943571%     
Global Swap     14.3029%     3.89057%      1.47229%      
Rotate          14.3549%     4.16886%      1.62629%      
                                                         
Total           100%         31.2221%      15.8053%      

********************************************************************************

Statistics Update: 

Iterations:                    800000
Elapsed Time:                  2.43258s
Iterations/s:                  328868

Starting cost:                 127
Lowest cost:                   2
Lowest correct cost:           2

Move Type       Proposed     Succeeded     Accepted      
                                                         
Add Nops        0%           0%            0%            
Delete          0%           0%            0%            
Instruction     14.2506%     2.236%        0.733625%     
Opcode          14.2465%     6.10088%      2.9065%       
OpcodeWidth     14.3089%     5.02688%      3.33738%      
Operand         14.2734%     7.38312%      4.82088%      
Local Swap      14.2673%     2.4835%       0.947%        
Global Swap     14.2852%     3.86375%      1.47562%      
Rotate          14.3681%     4.15375%      1.63088%      
                                                         
Total           100%         31.2479%      15.8519%      

********************************************************************************

Statistics Update: 

Iterations:                    900000
Elapsed Time:                  2.70335s
Iterations/s:                  332921

Starting cost:                 127
Lowest cost:                   2
Lowest correct cost:           2

Move Type       Proposed     Succeeded     Accepted      
                                                         
Add Nops        0%           0%            0%            
Delete          0%           0%            0%            
Instruction     14.2357%     2.27444%      0.722667%     
Opcode          14.2413%     6.08756%      2.87122%      
OpcodeWidth     14.3021%     5.00333%      3.30033%      
Operand         14.2831%     7.42578%      4.787%        
Local Swap      14.2769%     2.36178%      0.946%        
Global Swap     14.2927%     3.67422%      1.47156%      
Rotate          14.3682%     3.96711%      1.634%        
                                                         
Total           100%         30.7942%      15.7328%      

********************************************************************************

Statistics Update: 

Iterations:                    1000000
Elapsed Time:                  2.97195s
Iterations/s:                  336479

Starting cost:                 127
Lowest cost:                   2
Lowest correct cost:           2

Move Type       Proposed     Succeeded     Accepted     
                                                        
Add Nops        0%           0%            0%           
Delete          0%           0%            0%           
Instruction     14.2353%     2.3106%       0.7169%      
Opcode          14.2323%     6.0716%       2.8339%      
OpcodeWidth     14.3023%     4.9908%       3.27%        
Operand         14.2931%     7.4892%       4.7767%      
Local Swap      14.2897%     2.251%        0.9463%      
Global Swap     14.2888%     3.4975%       1.4617%      
Rotate          14.3585%     3.7939%       1.6317%      
                                                        
Total           100%         30.4046%      15.6372%     

********************************************************************************

Line no: 0 (0, 4)
Line no: 1 (0, 4)
Line no: 2 (0, 4)
Line no: 3 (0, 4)
Line no: 0 (0, 4)
Line no: 1 (0, 4)
Line no: 2 (0, 4)
Line no: 3 (0, 4)
Checking for leakage on path:

Line map: 4
Examining BB: 1
Instr at index 1, line 0: movl %edi, %eax
Leakage as of index 0: 1
Instr at index 1, line 1: movl %edi, %eax
Leakage as of index 1: 1
Instr at index 1, line 2: movl %edi, %eax
Leakage as of index 2: 1
Instr at index 1, line 3: movl %edi, %eax
Leakage as of index 3: 1
Unable to discover a new correct rewrite before timing out... 

********************************************************************************

Restarting search
Running search (timeout is 1000000 iterations):

Progress Update: 

Lowest Cost Discovered (125)     Lowest Known Correct Cost (2)     
                                                                   
._Z11transform32jj:              ._Z11transform32jj:               
xorq %rax, %rax                  movl %edi, %eax                   
salb $0xfb, %al                  subl %esi, %eax                   
movswl %si, %ecx                 retq                              
retq                                                               

********************************************************************************

Progress Update: 

Lowest Cost Discovered (123)     Lowest Known Correct Cost (2)     
                                                                   
._Z11transform32jj:              ._Z11transform32jj:               
xorq %rax, %rax                  movl %edi, %eax                   
salb $0xfb, %al                  subl %esi, %eax                   
movzwq %si, %rcx                 retq                              
retq                                                               

********************************************************************************

Progress Update: 

Lowest Cost Discovered (118)     Lowest Known Correct Cost (2)     
                                                                   
._Z11transform32jj:              ._Z11transform32jj:               
xorq %rax, %rax                  movl %edi, %eax                   
orl $0x1, %eax                   subl %esi, %eax                   
movzwq %si, %rcx                 retq                              
retq                                                               

********************************************************************************

Progress Update: 

Lowest Cost Discovered (116)     Lowest Known Correct Cost (2)     
                                                                   
._Z11transform32jj:              ._Z11transform32jj:               
movzbq %sil, %rdi                movl %edi, %eax                   
xorl %eax, %eax                  subl %esi, %eax                   
adcw $0x5, %ax                   retq                              
retq                                                               

********************************************************************************

Progress Update: 

Lowest Cost Discovered (108)      Lowest Known Correct Cost (2)     
                                                                    
._Z11transform32jj:               ._Z11transform32jj:               
imull $0xfffffff8, %esi, %eax     movl %edi, %eax                   
movzbq %sil, %r10                 subl %esi, %eax                   
orl $0x5, %eax                    retq                              
retq                                                                

********************************************************************************

Progress Update: 

Lowest Cost Discovered (107)      Lowest Known Correct Cost (2)     
                                                                    
._Z11transform32jj:               ._Z11transform32jj:               
imull $0xfffffff8, %esi, %eax     movl %edi, %eax                   
xorq $0x5, %rax                   subl %esi, %eax                   
crc32b %sil, %rsi                 retq                              
retq                                                                

********************************************************************************

Progress Update: 

Lowest Cost Discovered (105)      Lowest Known Correct Cost (2)     
                                                                    
._Z11transform32jj:               ._Z11transform32jj:               
imull $0xfffffff8, %esi, %eax     movl %edi, %eax                   
crc32b %sil, %rsi                 subl %esi, %eax                   
addl $0x5, %edi                   retq                              
retq                                                                

********************************************************************************

Progress Update: 

Lowest Cost Discovered (104)      Lowest Known Correct Cost (2)     
                                                                    
._Z11transform32jj:               ._Z11transform32jj:               
imull $0xfffffff8, %esi, %eax     movl %edi, %eax                   
crc32b %al, %esi                  subl %esi, %eax                   
addl $0x5, %edi                   retq                              
retq                                                                

********************************************************************************

Progress Update: 

Lowest Cost Discovered (103)      Lowest Known Correct Cost (2)     
                                                                    
._Z11transform32jj:               ._Z11transform32jj:               
imull $0xfffffff8, %esi, %eax     movl %edi, %eax                   
crc32q %rax, %rsi                 subl %esi, %eax                   
subl $0xfc, %edi                  retq                              
retq                                                                

********************************************************************************

Progress Update: 

Lowest Cost Discovered (102)     Lowest Known Correct Cost (2)     
                                                                   
._Z11transform32jj:              ._Z11transform32jj:               
addl $0xffffffc0, %esi           movl %edi, %eax                   
imull $0x5, %esi, %eax           subl %esi, %eax                   
roll $0x3, %edi                  retq                              
retq                                                               

********************************************************************************

Progress Update: 

Lowest Cost Discovered (100)     Lowest Known Correct Cost (2)     
                                                                   
._Z11transform32jj:              ._Z11transform32jj:               
sall $0x3, %edi                  movl %edi, %eax                   
imull $0x5, %edi, %eax           subl %esi, %eax                   
adcl $0xffffffc0, %esi           retq                              
retq                                                               

********************************************************************************

Progress Update: 

Lowest Cost Discovered (96)       Lowest Known Correct Cost (2)     
                                                                    
._Z11transform32jj:               ._Z11transform32jj:               
sall $0x3, %edi                   movl %edi, %eax                   
imull $0xfffffffa, %edi, %eax     subl %esi, %eax                   
adcl $0xffffffc0, %esi            retq                              
retq                                                                

********************************************************************************

Progress Update: 

Lowest Cost Discovered (11)       Lowest Known Correct Cost (2)     
                                                                    
._Z11transform32jj:               ._Z11transform32jj:               
subl %esi, %edi                   movl %edi, %eax                   
imull $0xfffffffe, %edi, %eax     subl %esi, %eax                   
adcl $0x40, %esi                  retq                              
retq                                                                

********************************************************************************

Progress Update: 

Lowest Cost Discovered (3)     Lowest Known Correct Cost (2)     
                                                                 
._Z11transform32jj:            ._Z11transform32jj:               
movq %rdi, %rdx                movl %edi, %eax                   
imulq $0x1, %rdx, %rax         subl %esi, %eax                   
sbbl %esi, %eax                retq                              
retq                                                             

********************************************************************************

Progress Update: 

Lowest Cost Discovered (2)     Lowest Known Correct Cost (2)     
                                                                 
._Z11transform32jj:            ._Z11transform32jj:               
imull $0x1, %edi, %eax         movl %edi, %eax                   
subl %esi, %eax                subl %esi, %eax                   
retq                           retq                              

********************************************************************************

Statistics Update: 

Iterations:                    100000
Elapsed Time:                  0.317575s
Iterations/s:                  314886

Starting cost:                 127
Lowest cost:                   2
Lowest correct cost:           2

Move Type       Proposed     Succeeded     Accepted     
                                                        
Add Nops        0%           0%            0%           
Delete          0%           0%            0%           
Instruction     14.235%      2.885%        0.608%       
Opcode          14.31%       8.637%        4.945%       
OpcodeWidth     14.375%      5.879%        3.807%       
Operand         14.334%      8.804%        4.169%       
Local Swap      14.302%      1.349%        1.008%       
Global Swap     14.111%      2.014%        1.484%       
Rotate          14.333%      2.511%        1.831%       
                                                        
Total           100%         32.079%       17.852%      

********************************************************************************

Statistics Update: 

Iterations:                    200000
Elapsed Time:                  0.598918s
Iterations/s:                  333935

Starting cost:                 127
Lowest cost:                   2
Lowest correct cost:           2

Move Type       Proposed     Succeeded     Accepted     
                                                        
Add Nops        0%           0%            0%           
Delete          0%           0%            0%           
Instruction     14.2945%     2.864%        0.6275%      
Opcode          14.296%      8.2435%       4.6435%      
OpcodeWidth     14.2695%     5.228%        3.253%       
Operand         14.3255%     8.5795%       4.3835%      
Local Swap      14.3215%     1.2355%       0.955%       
Global Swap     14.217%      1.8955%       1.454%       
Rotate          14.276%      2.309%        1.716%       
                                                        
Total           100%         30.355%       17.0325%     

********************************************************************************

Statistics Update: 

Iterations:                    300000
Elapsed Time:                  0.863368s
Iterations/s:                  347477

Starting cost:                 127
Lowest cost:                   2
Lowest correct cost:           2

Move Type       Proposed     Succeeded     Accepted      
                                                         
Add Nops        0%           0%            0%            
Delete          0%           0%            0%            
Instruction     14.325%      2.80833%      0.623333%     
Opcode          14.2167%     7.438%        3.88167%      
OpcodeWidth     14.2733%     5.09033%      3.143%        
Operand         14.3403%     8.39333%      4.41833%      
Local Swap      14.307%      1.21633%      0.958333%     
Global Swap     14.2913%     1.85767%      1.45667%      
Rotate          14.2463%     2.23033%      1.694%        
                                                         
Total           100%         29.0343%      16.1753%      

********************************************************************************

Statistics Update: 

Iterations:                    400000
Elapsed Time:                  1.12727s
Iterations/s:                  354841

Starting cost:                 127
Lowest cost:                   2
Lowest correct cost:           2

Move Type       Proposed     Succeeded     Accepted     
                                                        
Add Nops        0%           0%            0%           
Delete          0%           0%            0%           
Instruction     14.306%      2.791%        0.633%       
Opcode          14.2555%     7.09325%      3.54975%     
OpcodeWidth     14.2873%     5.027%        3.09875%     
Operand         14.3575%     8.2695%       4.43575%     
Local Swap      14.2447%     1.18225%      0.9405%      
Global Swap     14.282%      1.81425%      1.4435%      
Rotate          14.267%      2.14625%      1.65025%     
                                                        
Total           100%         28.3235%      15.7515%     

********************************************************************************

Statistics Update: 

Iterations:                    500000
Elapsed Time:                  1.39337s
Iterations/s:                  358842

Starting cost:                 127
Lowest cost:                   2
Lowest correct cost:           2

Move Type       Proposed     Succeeded     Accepted     
                                                        
Add Nops        0%           0%            0%           
Delete          0%           0%            0%           
Instruction     14.342%      2.8016%       0.6384%      
Opcode          14.285%      6.9048%       3.385%       
OpcodeWidth     14.2982%     4.992%        3.0772%      
Operand         14.3292%     8.2096%       4.4556%      
Local Swap      14.2126%     1.165%        0.921%       
Global Swap     14.2564%     1.7924%       1.4214%      
Rotate          14.2766%     2.1172%       1.618%       
                                                        
Total           100%         27.9826%      15.5166%     

********************************************************************************

Statistics Update: 

Iterations:                    600000
Elapsed Time:                  1.65872s
Iterations/s:                  361724

Starting cost:                 127
Lowest cost:                   2
Lowest correct cost:           2

Move Type       Proposed     Succeeded     Accepted      
                                                         
Add Nops        0%           0%            0%            
Delete          0%           0%            0%            
Instruction     14.3525%     2.79483%      0.648%        
Opcode          14.2733%     6.756%        3.234%        
OpcodeWidth     14.2855%     4.96567%      3.0575%       
Operand         14.3363%     8.16467%      4.46733%      
Local Swap      14.238%      1.154%        0.916833%     
Global Swap     14.2423%     1.7875%       1.42367%      
Rotate          14.272%      2.10817%      1.62117%      
                                                         
Total           100%         27.7308%      15.3685%      

********************************************************************************

Statistics Update: 

Iterations:                    700000
Elapsed Time:                  1.91856s
Iterations/s:                  364858

Starting cost:                 127
Lowest cost:                   2
Lowest correct cost:           2

Move Type       Proposed     Succeeded     Accepted      
                                                         
Add Nops        0%           0%            0%            
Delete          0%           0%            0%            
Instruction     14.3253%     2.78357%      0.645714%     
Opcode          14.2656%     6.62914%      3.12557%      
OpcodeWidth     14.2603%     4.90414%      3.01743%      
Operand         14.3727%     8.12729%      4.46057%      
Local Swap      14.2554%     1.14314%      0.909429%     
Global Swap     14.2367%     1.78057%      1.42071%      
Rotate          14.284%      2.10143%      1.61529%      
                                                         
Total           100%         27.4693%      15.1947%      

********************************************************************************

Statistics Update: 

Iterations:                    800000
Elapsed Time:                  2.18089s
Iterations/s:                  366823

Starting cost:                 127
Lowest cost:                   2
Lowest correct cost:           2

Move Type       Proposed     Succeeded     Accepted      
                                                         
Add Nops        0%           0%            0%            
Delete          0%           0%            0%            
Instruction     14.3261%     2.78563%      0.643%        
Opcode          14.2762%     6.54475%      3.044%        
OpcodeWidth     14.2459%     4.8725%       2.98712%      
Operand         14.34%       8.07925%      4.44238%      
Local Swap      14.2759%     1.14112%      0.910875%     
Global Swap     14.2774%     1.78238%      1.42413%      
Rotate          14.2585%     2.10175%      1.61875%      
                                                         
Total           100%         27.3074%      15.0702%      

********************************************************************************

Statistics Update: 

Iterations:                    900000
Elapsed Time:                  2.44801s
Iterations/s:                  367645

Starting cost:                 127
Lowest cost:                   2
Lowest correct cost:           2

Move Type       Proposed     Succeeded     Accepted      
                                                         
Add Nops        0%           0%            0%            
Delete          0%           0%            0%            
Instruction     14.3199%     2.77156%      0.645111%     
Opcode          14.2671%     6.494%        2.99089%      
OpcodeWidth     14.2669%     4.87211%      2.98511%      
Operand         14.3394%     8.06333%      4.45767%      
Local Swap      14.2826%     1.14356%      0.914889%     
Global Swap     14.2788%     1.79022%      1.43111%      
Rotate          14.2453%     2.10622%      1.62367%      
                                                         
Total           100%         27.241%       15.0484%      

********************************************************************************

Statistics Update: 

Iterations:                    1000000
Elapsed Time:                  2.73072s
Iterations/s:                  366204

Starting cost:                 127
Lowest cost:                   2
Lowest correct cost:           2

Move Type       Proposed     Succeeded     Accepted     
                                                        
Add Nops        0%           0%            0%           
Delete          0%           0%            0%           
Instruction     14.2997%     2.7597%       0.6494%      
Opcode          14.2726%     6.6925%       3.1942%      
OpcodeWidth     14.2783%     4.8087%       2.9256%      
Operand         14.3234%     8.1007%       4.4897%      
Local Swap      14.2869%     1.1437%       0.9154%      
Global Swap     14.2952%     1.7992%       1.4389%      
Rotate          14.2439%     2.1046%       1.6249%      
                                                        
Total           100%         27.4091%      15.2381%     

********************************************************************************

Line no: 0 (0, 4)
Line no: 1 (0, 4)
Line no: 2 (0, 4)
Line no: 3 (0, 4)
Line no: 0 (0, 4)
Line no: 1 (0, 4)
Line no: 2 (0, 4)
Line no: 3 (0, 4)
Checking for leakage on path:

Line map: 4
Examining BB: 1
Instr at index 1, line 0: movl %edi, %eax
Leakage as of index 0: 1
Instr at index 1, line 1: movl %edi, %eax
Leakage as of index 1: 1
Instr at index 1, line 2: movl %edi, %eax
Leakage as of index 2: 1
Instr at index 1, line 3: movl %edi, %eax
Leakage as of index 3: 1
Unable to discover a new correct rewrite before timing out... 

********************************************************************************

Restarting search
Running search (timeout is 1000000 iterations):

Progress Update: 

Lowest Cost Discovered (122)     Lowest Known Correct Cost (2)     
                                                                   
._Z11transform32jj:              ._Z11transform32jj:               
xorq %rax, %rax                  movl %edi, %eax                   
orl %edi, %edi                   subl %esi, %eax                   
retq                             retq                              

********************************************************************************

Progress Update: 

Lowest Cost Discovered (121)     Lowest Known Correct Cost (2)     
                                                                   
._Z11transform32jj:              ._Z11transform32jj:               
xorq %rax, %rax                  movl %edi, %eax                   
xorb %sil, %al                   subl %esi, %eax                   
retq                             retq                              

********************************************************************************

Progress Update: 

Lowest Cost Discovered (120)     Lowest Known Correct Cost (2)     
                                                                   
._Z11transform32jj:              ._Z11transform32jj:               
xorq %rax, %rax                  movl %edi, %eax                   
sbbl $0x4, %edi                  subl %esi, %eax                   
cmpl $0x7, %eax                  retq                              
retq                                                               

********************************************************************************

Progress Update: 

Lowest Cost Discovered (114)     Lowest Known Correct Cost (2)     
                                                                   
._Z11transform32jj:              ._Z11transform32jj:               
xorq %rax, %rax                  movl %edi, %eax                   
subw $0x7, %ax                   subl %esi, %eax                   
subl $0xfffffff8, %edi           retq                              
retq                                                               

********************************************************************************

Progress Update: 

Lowest Cost Discovered (112)     Lowest Known Correct Cost (2)     
                                                                   
._Z11transform32jj:              ._Z11transform32jj:               
xorq %rax, %rax                  movl %edi, %eax                   
subl $0xf8, %edi                 subl %esi, %eax                   
subw $0x7, %ax                   retq                              
retq                                                               

********************************************************************************

Progress Update: 

Lowest Cost Discovered (111)     Lowest Known Correct Cost (2)     
                                                                   
._Z11transform32jj:              ._Z11transform32jj:               
xorq %rax, %rax                  movl %edi, %eax                   
subb $0x7, %al                   subl %esi, %eax                   
shrdl $0xf9, %esi, %esi          retq                              
retq                                                               

********************************************************************************

Progress Update: 

Lowest Cost Discovered (110)     Lowest Known Correct Cost (2)     
                                                                   
._Z11transform32jj:              ._Z11transform32jj:               
xorq %rax, %rax                  movl %edi, %eax                   
shrdl $0xf8, %esi, %esi          subl %esi, %eax                   
subb $0x7, %al                   retq                              
retq                                                               

********************************************************************************

Progress Update: 

Lowest Cost Discovered (108)       Lowest Known Correct Cost (2)     
                                                                     
._Z11transform32jj:                ._Z11transform32jj:               
xorq %rax, %rax                    movl %edi, %eax                   
subb $0x7, %al                     subl %esi, %eax                   
imull $0xfffffff8, %esi, %r10d     retq                              
retq                                                                 

********************************************************************************

Progress Update: 

Lowest Cost Discovered (94)     Lowest Known Correct Cost (2)     
                                                                  
._Z11transform32jj:             ._Z11transform32jj:               
xorq %rax, %rax                 movl %edi, %eax                   
sbbl %edi, %esi                 subl %esi, %eax                   
subb %sil, %al                  retq                              
retq                                                              

********************************************************************************

Progress Update: 

Lowest Cost Discovered (3)     Lowest Known Correct Cost (2)     
                                                                 
._Z11transform32jj:            ._Z11transform32jj:               
xorq %rax, %rax                movl %edi, %eax                   
sbbl %edi, %esi                subl %esi, %eax                   
subl %esi, %eax                retq                              
retq                                                             

********************************************************************************

Progress Update: 

Lowest Cost Discovered (2)     Lowest Known Correct Cost (2)     
                                                                 
._Z11transform32jj:            ._Z11transform32jj:               
subq %rsi, %rdi                movl %edi, %eax                   
movl %edi, %eax                subl %esi, %eax                   
retq                           retq                              

********************************************************************************

Statistics Update: 

Iterations:                    100000
Elapsed Time:                  0.309641s
Iterations/s:                  322954

Starting cost:                 127
Lowest cost:                   2
Lowest correct cost:           2

Move Type       Proposed     Succeeded     Accepted     
                                                        
Add Nops        0%           0%            0%           
Delete          0%           0%            0%           
Instruction     14.256%      2.435%        0.483%       
Opcode          14.165%      7.76%         3.999%       
OpcodeWidth     14.442%      4.992%        2.705%       
Operand         14.096%      7.438%        4.397%       
Local Swap      14.426%      2.265%        1.093%       
Global Swap     14.363%      3.427%        1.594%       
Rotate          14.252%      3.751%        1.796%       
                                                        
Total           100%         32.068%       16.067%      

********************************************************************************

Statistics Update: 

Iterations:                    200000
Elapsed Time:                  0.612141s
Iterations/s:                  326722

Starting cost:                 127
Lowest cost:                   2
Lowest correct cost:           2

Move Type       Proposed     Succeeded     Accepted     
                                                        
Add Nops        0%           0%            0%           
Delete          0%           0%            0%           
Instruction     14.18%       2.3845%       0.5015%      
Opcode          14.232%      7.4055%       3.6945%      
OpcodeWidth     14.3555%     5.0735%       2.94%        
Operand         14.1835%     7.3765%       4.465%       
Local Swap      14.3715%     2.2955%       1.0305%      
Global Swap     14.394%      3.539%        1.559%       
Rotate          14.2835%     3.8115%       1.6825%      
                                                        
Total           100%         31.886%       15.873%      

********************************************************************************

Statistics Update: 

Iterations:                    300000
Elapsed Time:                  0.917116s
Iterations/s:                  327112

Starting cost:                 127
Lowest cost:                   2
Lowest correct cost:           2

Move Type       Proposed     Succeeded     Accepted      
                                                         
Add Nops        0%           0%            0%            
Delete          0%           0%            0%            
Instruction     14.2317%     2.34967%      0.602333%     
Opcode          14.238%      6.947%        3.409%        
OpcodeWidth     14.3573%     5.031%        3.03733%      
Operand         14.2593%     7.35633%      4.592%        
Local Swap      14.351%      2.38%         0.991%        
Global Swap     14.3167%     3.662%        1.51667%      
Rotate          14.246%      3.956%        1.669%        
                                                         
Total           100%         31.682%       15.8173%      

********************************************************************************

Statistics Update: 

Iterations:                    400000
Elapsed Time:                  1.22107s
Iterations/s:                  327582

Starting cost:                 127
Lowest cost:                   2
Lowest correct cost:           2

Move Type       Proposed     Succeeded     Accepted     
                                                        
Add Nops        0%           0%            0%           
Delete          0%           0%            0%           
Instruction     14.2%        2.298%        0.64825%     
Opcode          14.2547%     6.6735%       3.27775%     
OpcodeWidth     14.318%      4.993%        3.11525%     
Operand         14.2797%     7.3635%       4.685%       
Local Swap      14.3528%     2.433%        0.97275%     
Global Swap     14.3407%     3.76075%      1.5035%      
Rotate          14.254%      4.03375%      1.6425%      
                                                        
Total           100%         31.5555%      15.845%      

********************************************************************************

Statistics Update: 

Iterations:                    500000
Elapsed Time:                  1.52613s
Iterations/s:                  327627

Starting cost:                 127
Lowest cost:                   2
Lowest correct cost:           2

Move Type       Proposed     Succeeded     Accepted     
                                                        
Add Nops        0%           0%            0%           
Delete          0%           0%            0%           
Instruction     14.2184%     2.2828%       0.6642%      
Opcode          14.2358%     6.5142%       3.1666%      
OpcodeWidth     14.306%      4.9836%       3.1398%      
Operand         14.3042%     7.378%        4.7358%      
Local Swap      14.3558%     2.458%        0.9584%      
Global Swap     14.333%      3.8228%       1.5002%      
Rotate          14.2468%     4.0852%       1.6468%      
                                                        
Total           100%         31.5246%      15.8118%     

********************************************************************************

Statistics Update: 

Iterations:                    600000
Elapsed Time:                  1.83252s
Iterations/s:                  327418

Starting cost:                 127
Lowest cost:                   2
Lowest correct cost:           2

Move Type       Proposed     Succeeded     Accepted      
                                                         
Add Nops        0%           0%            0%            
Delete          0%           0%            0%            
Instruction     14.2378%     2.29967%      0.672333%     
Opcode          14.2207%     6.48033%      3.15%         
OpcodeWidth     14.316%      5.02233%      3.18783%      
Operand         14.2863%     7.40017%      4.7605%       
Local Swap      14.3588%     2.45817%      0.950333%     
Global Swap     14.3207%     3.82383%      1.48983%      
Rotate          14.2597%     4.085%        1.63983%      
                                                         
Total           100%         31.5695%      15.8507%      

********************************************************************************

Statistics Update: 

Iterations:                    700000
Elapsed Time:                  2.13381s
Iterations/s:                  328051

Starting cost:                 127
Lowest cost:                   2
Lowest correct cost:           2

Move Type       Proposed     Succeeded     Accepted      
                                                         
Add Nops        0%           0%            0%            
Delete          0%           0%            0%            
Instruction     14.257%      2.29186%      0.690143%     
Opcode          14.2511%     6.43657%      3.11457%      
OpcodeWidth     14.2951%     4.99871%      3.191%        
Operand         14.2843%     7.37971%      4.75986%      
Local Swap      14.3487%     2.47857%      0.949429%     
Global Swap     14.3066%     3.83014%      1.47086%      
Rotate          14.2571%     4.10029%      1.62857%      
                                                         
Total           100%         31.5159%      15.8044%      

********************************************************************************

Statistics Update: 

Iterations:                    800000
Elapsed Time:                  2.43237s
Iterations/s:                  328897

Starting cost:                 127
Lowest cost:                   2
Lowest correct cost:           2

Move Type       Proposed     Succeeded     Accepted      
                                                         
Add Nops        0%           0%            0%            
Delete          0%           0%            0%            
Instruction     14.2632%     2.29%         0.695875%     
Opcode          14.2579%     6.3735%       3.068%        
OpcodeWidth     14.2703%     4.974%        3.20025%      
Operand         14.2821%     7.3525%       4.75175%      
Local Swap      14.3438%     2.471%        0.940875%     
Global Swap     14.3055%     3.84163%      1.46063%      
Rotate          14.2773%     4.11275%      1.62712%      
                                                         
Total           100%         31.4154%      15.7445%      

********************************************************************************

Statistics Update: 

Iterations:                    900000
Elapsed Time:                  2.73807s
Iterations/s:                  328698

Starting cost:                 127
Lowest cost:                   2
Lowest correct cost:           2

Move Type       Proposed     Succeeded     Accepted      
                                                         
Add Nops        0%           0%            0%            
Delete          0%           0%            0%            
Instruction     14.2578%     2.28%         0.703667%     
Opcode          14.2666%     6.33589%      3.03889%      
OpcodeWidth     14.2658%     4.95722%      3.19944%      
Operand         14.2893%     7.34578%      4.75256%      
Local Swap      14.3363%     2.49022%      0.945556%     
Global Swap     14.2986%     3.87411%      1.47144%      
Rotate          14.2857%     4.14289%      1.64478%      
                                                         
Total           100%         31.4261%      15.7563%      

********************************************************************************

Statistics Update: 

Iterations:                    1000000
Elapsed Time:                  3.03943s
Iterations/s:                  329009

Starting cost:                 127
Lowest cost:                   2
Lowest correct cost:           2

Move Type       Proposed     Succeeded     Accepted     
                                                        
Add Nops        0%           0%            0%           
Delete          0%           0%            0%           
Instruction     14.2701%     2.2788%       0.7135%      
Opcode          14.2828%     6.293%        3.0092%      
OpcodeWidth     14.2599%     4.9459%       3.2057%      
Operand         14.2714%     7.3423%       4.7584%      
Local Swap      14.3611%     2.4972%       0.9455%      
Global Swap     14.2961%     3.879%        1.4764%      
Rotate          14.2586%     4.142%        1.6451%      
                                                        
Total           100%         31.3782%      15.7538%     

********************************************************************************

Line no: 0 (0, 4)
Line no: 1 (0, 4)
Line no: 2 (0, 4)
Line no: 3 (0, 4)
Line no: 0 (0, 4)
Line no: 1 (0, 4)
Line no: 2 (0, 4)
Line no: 3 (0, 4)
Checking for leakage on path:

Line map: 4
Examining BB: 1
Instr at index 1, line 0: movl %edi, %eax
Leakage as of index 0: 1
Instr at index 1, line 1: movl %edi, %eax
Leakage as of index 1: 1
Instr at index 1, line 2: movl %edi, %eax
Leakage as of index 2: 1
Instr at index 1, line 3: movl %edi, %eax
Leakage as of index 3: 1
Unable to discover a new correct rewrite before timing out... 

********************************************************************************

Restarting search
Running search (timeout is 1000000 iterations):

Progress Update: 

Lowest Cost Discovered (123)     Lowest Known Correct Cost (2)     
                                                                   
._Z11transform32jj:              ._Z11transform32jj:               
xorq %rax, %rax                  movl %edi, %eax                   
setnbe %dh                       subl %esi, %eax                   
orb $0xc0, %al                   retq                              
retq                                                               

********************************************************************************

Progress Update: 

Lowest Cost Discovered (120)     Lowest Known Correct Cost (2)     
                                                                   
._Z11transform32jj:              ._Z11transform32jj:               
xorq %rax, %rax                  movl %edi, %eax                   
orl $0xc0, %eax                  subl %esi, %eax                   
negl %esi                        retq                              
retq                                                               

********************************************************************************

Progress Update: 

Lowest Cost Discovered (116)     Lowest Known Correct Cost (2)     
                                                                   
._Z11transform32jj:              ._Z11transform32jj:               
xorq %rax, %rax                  movl %edi, %eax                   
negl %esi                        subl %esi, %eax                   
adcl $0xc0, %eax                 retq                              
retq                                                               

********************************************************************************

Progress Update: 

Lowest Cost Discovered (115)     Lowest Known Correct Cost (2)     
                                                                   
._Z11transform32jj:              ._Z11transform32jj:               
xorq %rax, %rax                  movl %edi, %eax                   
btrl %esi, %edi                  subl %esi, %eax                   
adcl $0xc0, %eax                 retq                              
retq                                                               

********************************************************************************

Progress Update: 

Lowest Cost Discovered (13)     Lowest Known Correct Cost (2)     
                                                                  
._Z11transform32jj:             ._Z11transform32jj:               
xorq %rax, %rax                 movl %edi, %eax                   
subl %esi, %edi                 subl %esi, %eax                   
adcl $0xc0, %eax                retq                              
retq                                                              

********************************************************************************

Progress Update: 

Lowest Cost Discovered (11)     Lowest Known Correct Cost (2)     
                                                                  
._Z11transform32jj:             ._Z11transform32jj:               
subl %esi, %edi                 movl %edi, %eax                   
xorq %rax, %rax                 subl %esi, %eax                   
xorl $0xc0, %eax                retq                              
retq                                                              

********************************************************************************

Progress Update: 

Lowest Cost Discovered (3)     Lowest Known Correct Cost (2)     
                                                                 
._Z11transform32jj:            ._Z11transform32jj:               
xorl %eax, %eax                movl %edi, %eax                   
sbbl %esi, %edi                subl %esi, %eax                   
xaddq %rax, %rdi               retq                              
retq                                                             

********************************************************************************

Progress Update: 

Lowest Cost Discovered (2)     Lowest Known Correct Cost (2)     
                                                                 
._Z11transform32jj:            ._Z11transform32jj:               
subq %rsi, %rdi                movl %edi, %eax                   
movl %edi, %eax                subl %esi, %eax                   
retq                           retq                              

********************************************************************************

Statistics Update: 

Iterations:                    100000
Elapsed Time:                  0.298476s
Iterations/s:                  335036

Starting cost:                 127
Lowest cost:                   2
Lowest correct cost:           2

Move Type       Proposed     Succeeded     Accepted     
                                                        
Add Nops        0%           0%            0%           
Delete          0%           0%            0%           
Instruction     14.103%      2.316%        0.729%       
Opcode          14.197%      5.921%        2.627%       
OpcodeWidth     14.278%      4.767%        3.131%       
Operand         14.248%      7.012%        4.557%       
Local Swap      14.42%       2.517%        0.978%       
Global Swap     14.451%      3.965%        1.55%        
Rotate          14.303%      4.121%        1.758%       
                                                        
Total           100%         30.619%       15.33%       

********************************************************************************

Statistics Update: 

Iterations:                    200000
Elapsed Time:                  0.601408s
Iterations/s:                  332553

Starting cost:                 127
Lowest cost:                   2
Lowest correct cost:           2

Move Type       Proposed     Succeeded     Accepted     
                                                        
Add Nops        0%           0%            0%           
Delete          0%           0%            0%           
Instruction     14.1615%     2.2255%       0.759%       
Opcode          14.219%      5.864%        2.7305%      
OpcodeWidth     14.269%      4.862%        3.225%       
Operand         14.3705%     7.217%        4.756%       
Local Swap      14.337%      2.549%        0.9645%      
Global Swap     14.304%      3.899%        1.497%       
Rotate          14.339%      4.1625%       1.7075%      
                                                        
Total           100%         30.779%       15.6395%     

********************************************************************************

Statistics Update: 

Iterations:                    300000
Elapsed Time:                  0.903034s
Iterations/s:                  332213

Starting cost:                 127
Lowest cost:                   2
Lowest correct cost:           2

Move Type       Proposed     Succeeded     Accepted      
                                                         
Add Nops        0%           0%            0%            
Delete          0%           0%            0%            
Instruction     14.147%      2.198%        0.756%        
Opcode          14.2437%     5.86233%      2.74867%      
OpcodeWidth     14.276%      4.87867%      3.24633%      
Operand         14.4053%     7.25167%      4.80433%      
Local Swap      14.3577%     2.53667%      0.948333%     
Global Swap     14.3163%     3.94867%      1.485%        
Rotate          14.254%      4.15667%      1.68533%      
                                                         
Total           100%         30.8327%      15.674%       

********************************************************************************

Statistics Update: 

Iterations:                    400000
Elapsed Time:                  1.20866s
Iterations/s:                  330946

Starting cost:                 127
Lowest cost:                   2
Lowest correct cost:           2

Move Type       Proposed     Succeeded     Accepted     
                                                        
Add Nops        0%           0%            0%           
Delete          0%           0%            0%           
Instruction     14.2%        2.21325%      0.77325%     
Opcode          14.2705%     5.8985%       2.777%       
OpcodeWidth     14.2767%     4.861%        3.24825%     
Operand         14.3825%     7.303%        4.831%       
Local Swap      14.307%      2.5425%       0.94675%     
Global Swap     14.294%      3.96%         1.4655%      
Rotate          14.2692%     4.187%        1.67475%     
                                                        
Total           100%         30.9653%      15.7165%     

********************************************************************************

Statistics Update: 

Iterations:                    500000
Elapsed Time:                  1.48449s
Iterations/s:                  336815

Starting cost:                 127
Lowest cost:                   2
Lowest correct cost:           2

Move Type       Proposed     Succeeded     Accepted     
                                                        
Add Nops        0%           0%            0%           
Delete          0%           0%            0%           
Instruction     14.2168%     2.2896%       0.7568%      
Opcode          14.3036%     5.9424%       2.7536%      
OpcodeWidth     14.2474%     4.8438%       3.1934%      
Operand         14.3758%     7.4032%       4.7966%      
Local Swap      14.285%      2.3372%       0.9404%      
Global Swap     14.2712%     3.6322%       1.4546%      
Rotate          14.3002%     3.883%        1.662%       
                                                        
Total           100%         30.3314%      15.5574%     

********************************************************************************

Statistics Update: 

Iterations:                    600000
Elapsed Time:                  1.78293s
Iterations/s:                  336525

Starting cost:                 127
Lowest cost:                   2
Lowest correct cost:           2

Move Type       Proposed     Succeeded     Accepted      
                                                         
Add Nops        0%           0%            0%            
Delete          0%           0%            0%            
Instruction     14.2347%     2.2785%       0.743667%     
Opcode          14.2795%     5.9875%       2.775%        
OpcodeWidth     14.2505%     4.8665%       3.21083%      
Operand         14.3615%     7.39517%      4.77483%      
Local Swap      14.297%      2.329%        0.928333%     
Global Swap     14.2932%     3.61983%      1.45367%      
Rotate          14.2837%     3.8695%       1.648%        
                                                         
Total           100%         30.346%       15.5343%      

********************************************************************************

Statistics Update: 

Iterations:                    700000
Elapsed Time:                  2.09007s
Iterations/s:                  334917

Starting cost:                 127
Lowest cost:                   2
Lowest correct cost:           2

Move Type       Proposed     Succeeded     Accepted      
                                                         
Add Nops        0%           0%            0%            
Delete          0%           0%            0%            
Instruction     14.2534%     2.28257%      0.728286%     
Opcode          14.3011%     6.10357%      2.85614%      
OpcodeWidth     14.2877%     4.91371%      3.22414%      
Operand         14.3224%     7.4%          4.77114%      
Local Swap      14.27%       2.32443%      0.921%        
Global Swap     14.2723%     3.637%        1.45314%      
Rotate          14.293%      3.892%        1.63643%      
                                                         
Total           100%         30.5533%      15.5903%      

********************************************************************************

Statistics Update: 

Iterations:                    800000
Elapsed Time:                  2.39336s
Iterations/s:                  334259

Starting cost:                 127
Lowest cost:                   2
Lowest correct cost:           2

Move Type       Proposed     Succeeded     Accepted      
                                                         
Add Nops        0%           0%            0%            
Delete          0%           0%            0%            
Instruction     14.2355%     2.25813%      0.726125%     
Opcode          14.3117%     6.06613%      2.84488%      
OpcodeWidth     14.278%      4.90925%      3.23125%      
Operand         14.3204%     7.39975%      4.79%         
Local Swap      14.2786%     2.36075%      0.92675%      
Global Swap     14.2892%     3.68225%      1.45375%      
Rotate          14.2865%     3.94112%      1.64013%      
                                                         
Total           100%         30.6174%      15.6129%      

********************************************************************************

Statistics Update: 

Iterations:                    900000
Elapsed Time:                  2.69234s
Iterations/s:                  334281

Starting cost:                 127
Lowest cost:                   2
Lowest correct cost:           2

Move Type       Proposed     Succeeded     Accepted      
                                                         
Add Nops        0%           0%            0%            
Delete          0%           0%            0%            
Instruction     14.2338%     2.24878%      0.724778%     
Opcode          14.3217%     6.05667%      2.83644%      
OpcodeWidth     14.2613%     4.89889%      3.22289%      
Operand         14.3243%     7.39011%      4.786%        
Local Swap      14.2827%     2.36733%      0.922667%     
Global Swap     14.28%       3.70011%      1.44544%      
Rotate          14.2962%     3.96489%      1.63111%      
                                                         
Total           100%         30.6268%      15.5693%      

********************************************************************************

Statistics Update: 

Iterations:                    1000000
Elapsed Time:                  2.99627s
Iterations/s:                  333748

Starting cost:                 127
Lowest cost:                   2
Lowest correct cost:           2

Move Type       Proposed     Succeeded     Accepted     
                                                        
Add Nops        0%           0%            0%           
Delete          0%           0%            0%           
Instruction     14.2325%     2.2454%       0.7306%      
Opcode          14.3213%     6.0379%       2.8243%      
OpcodeWidth     14.2505%     4.8949%       3.2282%      
Operand         14.3346%     7.3923%       4.7998%      
Local Swap      14.285%      2.3931%       0.9253%      
Global Swap     14.298%      3.7417%       1.452%       
Rotate          14.2781%     3.9884%       1.6249%      
                                                        
Total           100%         30.6937%      15.5851%     

********************************************************************************

Line no: 0 (0, 4)
Line no: 1 (0, 4)
Line no: 2 (0, 4)
Line no: 3 (0, 4)
Line no: 0 (0, 4)
Line no: 1 (0, 4)
Line no: 2 (0, 4)
Line no: 3 (0, 4)
Checking for leakage on path:

Line map: 4
Examining BB: 1
Instr at index 1, line 0: movl %edi, %eax
Leakage as of index 0: 1
Instr at index 1, line 1: movl %edi, %eax
Leakage as of index 1: 1
Instr at index 1, line 2: movl %edi, %eax
Leakage as of index 2: 1
Instr at index 1, line 3: movl %edi, %eax
Leakage as of index 3: 1
Unable to discover a new correct rewrite before timing out... 

********************************************************************************

Restarting search
Running search (timeout is 1000000 iterations):

Progress Update: 

Lowest Cost Discovered (124)     Lowest Known Correct Cost (2)     
                                                                   
._Z11transform32jj:              ._Z11transform32jj:               
xorq %rax, %rax                  movl %edi, %eax                   
movb $0x80, %al                  subl %esi, %eax                   
retq                             retq                              

********************************************************************************

Progress Update: 

Lowest Cost Discovered (122)      Lowest Known Correct Cost (2)     
                                                                    
._Z11transform32jj:               ._Z11transform32jj:               
xorl %eax, %eax                   movl %edi, %eax                   
leal -0x3(%rsi,%rsi,4), %r11d     subl %esi, %eax                   
movq $0x80, %rax                  retq                              
retq                                                                

********************************************************************************

Progress Update: 

Lowest Cost Discovered (113)      Lowest Known Correct Cost (2)     
                                                                    
._Z11transform32jj:               ._Z11transform32jj:               
xorq %rax, %rax                   movl %edi, %eax                   
leal -0x3(%rsi,%rsi,4), %r11d     subl %esi, %eax                   
movb $0xf9, %al                   retq                              
retq                                                                

********************************************************************************

Progress Update: 

Lowest Cost Discovered (111)     Lowest Known Correct Cost (2)     
                                                                   
._Z11transform32jj:              ._Z11transform32jj:               
xaddw %si, %di                   movl %edi, %eax                   
movl $0xf9, %eax                 subl %esi, %eax                   
orl %eax, %esi                   retq                              
retq                                                               

********************************************************************************

Progress Update: 

Lowest Cost Discovered (109)     Lowest Known Correct Cost (2)     
                                                                   
._Z11transform32jj:              ._Z11transform32jj:               
movq $0xf9, %rax                 movl %edi, %eax                   
leaw -0x6(,%rax,2), %r8w         subl %esi, %eax                   
shll $0x7, %esi                  retq                              
retq                                                               

********************************************************************************

Progress Update: 

Lowest Cost Discovered (108)      Lowest Known Correct Cost (2)     
                                                                    
._Z11transform32jj:               ._Z11transform32jj:               
leal 0x40(%rsi,%rdi,1), %r10d     movl %edi, %eax                   
sall $0x7, %edi                   subl %esi, %eax                   
movq $0xf9, %rax                  retq                              
retq                                                                

********************************************************************************

Progress Update: 

Lowest Cost Discovered (106)     Lowest Known Correct Cost (2)     
                                                                   
._Z11transform32jj:              ._Z11transform32jj:               
leal 0x1(,%esi,2), %r11d         movl %edi, %eax                   
sall $0x7, %edi                  subl %esi, %eax                   
movl $0xf9, %eax                 retq                              
retq                                                               

********************************************************************************

Progress Update: 

Lowest Cost Discovered (105)     Lowest Known Correct Cost (2)     
                                                                   
._Z11transform32jj:              ._Z11transform32jj:               
movzwq %di, %r10                 movl %edi, %eax                   
movl $0xf9, %eax                 subl %esi, %eax                   
sall $0x2, %edi                  retq                              
retq                                                               

********************************************************************************

Progress Update: 

Lowest Cost Discovered (104)     Lowest Known Correct Cost (2)     
                                                                   
._Z11transform32jj:              ._Z11transform32jj:               
xorl %edi, %esi                  movl %edi, %eax                   
movq $0xf9, %rax                 subl %esi, %eax                   
shrl $0x1, %edi                  retq                              
retq                                                               

********************************************************************************

Progress Update: 

Lowest Cost Discovered (103)     Lowest Known Correct Cost (2)     
                                                                   
._Z11transform32jj:              ._Z11transform32jj:               
shll $0x3, %edi                  movl %edi, %eax                   
subl $0x40, %esi                 subl %esi, %eax                   
movl $0xffffff80, %eax           retq                              
retq                                                               

********************************************************************************

Progress Update: 

Lowest Cost Discovered (102)     Lowest Known Correct Cost (2)     
                                                                   
._Z11transform32jj:              ._Z11transform32jj:               
movl $0xfffffffb, %eax           movl %edi, %eax                   
subl $0x40, %esi                 subl %esi, %eax                   
shll $0x3, %edi                  retq                              
retq                                                               

********************************************************************************

Progress Update: 

Lowest Cost Discovered (24)     Lowest Known Correct Cost (2)     
                                                                  
._Z11transform32jj:             ._Z11transform32jj:               
movl $0x40, %eax                movl %edi, %eax                   
subl $0xfffffff8, %edi          subl %esi, %eax                   
subl %esi, %edi                 retq                              
retq                                                              

********************************************************************************

Progress Update: 

Lowest Cost Discovered (11)     Lowest Known Correct Cost (2)     
                                                                  
._Z11transform32jj:             ._Z11transform32jj:               
movl $0x40, %eax                movl %edi, %eax                   
btl $0xf8, %edi                 subl %esi, %eax                   
subl %esi, %edi                 retq                              
retq                                                              

********************************************************************************

Progress Update: 

Lowest Cost Discovered (3)     Lowest Known Correct Cost (2)     
                                                                 
._Z11transform32jj:            ._Z11transform32jj:               
subl %esi, %edi                movl %edi, %eax                   
movl $0x10, %eax               subl %esi, %eax                   
xaddl %eax, %edi               retq                              
retq                                                             

********************************************************************************

Progress Update: 

Lowest Cost Discovered (2)     Lowest Known Correct Cost (2)     
                                                                 
._Z11transform32jj:            ._Z11transform32jj:               
subl %esi, %edi                movl %edi, %eax                   
movq %rdi, %rax                subl %esi, %eax                   
retq                           retq                              

********************************************************************************

Statistics Update: 

Iterations:                    100000
Elapsed Time:                  0.318779s
Iterations/s:                  313697

Starting cost:                 127
Lowest cost:                   2
Lowest correct cost:           2

Move Type       Proposed     Succeeded     Accepted     
                                                        
Add Nops        0%           0%            0%           
Delete          0%           0%            0%           
Instruction     14.382%      2.574%        0.272%       
Opcode          14.283%      7.296%        3.101%       
OpcodeWidth     14.313%      5.042%        2.612%       
Operand         14.197%      7.836%        4.109%       
Local Swap      14.171%      2.38%         1.468%       
Global Swap     14.361%      3.589%        2.211%       
Rotate          14.293%      3.805%        2.323%       
                                                        
Total           100%         32.522%       16.096%      

********************************************************************************

Statistics Update: 

Iterations:                    200000
Elapsed Time:                  0.622036s
Iterations/s:                  321525

Starting cost:                 127
Lowest cost:                   2
Lowest correct cost:           2

Move Type       Proposed     Succeeded     Accepted     
                                                        
Add Nops        0%           0%            0%           
Delete          0%           0%            0%           
Instruction     14.328%      2.4275%       0.5025%      
Opcode          14.2305%     6.6605%       2.967%       
OpcodeWidth     14.3845%     5.0145%       2.945%       
Operand         14.1515%     7.5495%       4.4235%      
Local Swap      14.224%      2.4165%       1.214%       
Global Swap     14.3395%     3.7845%       1.8575%      
Rotate          14.342%      4.063%        2.0055%      
                                                        
Total           100%         31.916%       15.915%      

********************************************************************************

Statistics Update: 

Iterations:                    300000
Elapsed Time:                  0.924057s
Iterations/s:                  324655

Starting cost:                 127
Lowest cost:                   2
Lowest correct cost:           2

Move Type       Proposed     Succeeded     Accepted      
                                                         
Add Nops        0%           0%            0%            
Delete          0%           0%            0%            
Instruction     14.2917%     2.326%        0.571333%     
Opcode          14.211%      6.47067%      3.00133%      
OpcodeWidth     14.3307%     4.977%        3.04733%      
Operand         14.181%      7.41733%      4.46%         
Local Swap      14.305%      2.50767%      1.14933%      
Global Swap     14.298%      3.844%        1.71767%      
Rotate          14.3827%     4.11867%      1.90367%      
                                                         
Total           100%         31.6613%      15.8507%      

********************************************************************************

Statistics Update: 

Iterations:                    400000
Elapsed Time:                  1.23447s
Iterations/s:                  324026

Starting cost:                 127
Lowest cost:                   2
Lowest correct cost:           2

Move Type       Proposed     Succeeded     Accepted     
                                                        
Add Nops        0%           0%            0%           
Delete          0%           0%            0%           
Instruction     14.284%      2.29325%      0.6215%      
Opcode          14.2432%     6.4215%       3.0435%      
OpcodeWidth     14.3592%     5.018%        3.155%       
Operand         14.2457%     7.46725%      4.5925%      
Local Swap      14.268%      2.5275%       1.08275%     
Global Swap     14.2788%     3.90075%      1.6505%      
Rotate          14.321%      4.157%        1.83375%     
                                                        
Total           100%         31.7853%      15.9795%     

********************************************************************************

Statistics Update: 

Iterations:                    500000
Elapsed Time:                  1.53512s
Iterations/s:                  325708

Starting cost:                 127
Lowest cost:                   2
Lowest correct cost:           2

Move Type       Proposed     Succeeded     Accepted     
                                                        
Add Nops        0%           0%            0%           
Delete          0%           0%            0%           
Instruction     14.2878%     2.295%        0.6392%      
Opcode          14.2378%     6.358%        2.9874%      
OpcodeWidth     14.3184%     4.9978%       3.1672%      
Operand         14.2272%     7.384%        4.5902%      
Local Swap      14.287%      2.5328%       1.051%       
Global Swap     14.3104%     3.9198%       1.6236%      
Rotate          14.3314%     4.1726%       1.8018%      
                                                        
Total           100%         31.66%        15.8604%     

********************************************************************************

Statistics Update: 

Iterations:                    600000
Elapsed Time:                  1.84257s
Iterations/s:                  325632

Starting cost:                 127
Lowest cost:                   2
Lowest correct cost:           2

Move Type       Proposed     Succeeded     Accepted     
                                                        
Add Nops        0%           0%            0%           
Delete          0%           0%            0%           
Instruction     14.2918%     2.27567%      0.66%        
Opcode          14.2468%     6.29883%      2.9825%      
OpcodeWidth     14.2867%     5.00317%      3.20017%     
Operand         14.2632%     7.38717%      4.636%       
Local Swap      14.2993%     2.5485%       1.036%       
Global Swap     14.2745%     3.9525%       1.59983%     
Rotate          14.3377%     4.20983%      1.78983%     
                                                        
Total           100%         31.6757%      15.9043%     

********************************************************************************

Statistics Update: 

Iterations:                    700000
Elapsed Time:                  2.13853s
Iterations/s:                  327327

Starting cost:                 127
Lowest cost:                   2
Lowest correct cost:           2

Move Type       Proposed     Succeeded     Accepted      
                                                         
Add Nops        0%           0%            0%            
Delete          0%           0%            0%            
Instruction     14.2561%     2.25886%      0.677714%     
Opcode          14.275%      6.23971%      2.94357%      
OpcodeWidth     14.2819%     4.98457%      3.212%        
Operand         14.2153%     7.36314%      4.64643%      
Local Swap      14.3453%     2.53329%      1.005%        
Global Swap     14.3086%     3.93371%      1.56271%      
Rotate          14.3179%     4.19029%      1.74571%      
                                                         
Total           100%         31.5036%      15.7931%      

********************************************************************************

Statistics Update: 

Iterations:                    800000
Elapsed Time:                  2.43838s
Iterations/s:                  328087

Starting cost:                 127
Lowest cost:                   2
Lowest correct cost:           2

Move Type       Proposed     Succeeded     Accepted     
                                                        
Add Nops        0%           0%            0%           
Delete          0%           0%            0%           
Instruction     14.2856%     2.25287%      0.68675%     
Opcode          14.2711%     6.18462%      2.91463%     
OpcodeWidth     14.277%      4.97%         3.21037%     
Operand         14.2519%     7.37413%      4.68075%     
Local Swap      14.3346%     2.5335%       0.99425%     
Global Swap     14.2907%     3.93325%      1.539%       
Rotate          14.289%      4.18288%      1.72775%     
                                                        
Total           100%         31.4312%      15.7535%     

********************************************************************************

Statistics Update: 

Iterations:                    900000
Elapsed Time:                  2.74791s
Iterations/s:                  327522

Starting cost:                 127
Lowest cost:                   2
Lowest correct cost:           2

Move Type       Proposed     Succeeded     Accepted      
                                                         
Add Nops        0%           0%            0%            
Delete          0%           0%            0%            
Instruction     14.2741%     2.24778%      0.699444%     
Opcode          14.2677%     6.15944%      2.91267%      
OpcodeWidth     14.2956%     4.96311%      3.22156%      
Operand         14.2399%     7.37256%      4.70378%      
Local Swap      14.3104%     2.54367%      0.991667%     
Global Swap     14.3037%     3.96522%      1.53711%      
Rotate          14.3087%     4.21689%      1.72667%      
                                                         
Total           100%         31.4687%      15.7929%      

********************************************************************************

Statistics Update: 

Iterations:                    1000000
Elapsed Time:                  3.05183s
Iterations/s:                  327673

Starting cost:                 127
Lowest cost:                   2
Lowest correct cost:           2

Move Type       Proposed     Succeeded     Accepted     
                                                        
Add Nops        0%           0%            0%           
Delete          0%           0%            0%           
Instruction     14.2817%     2.2461%       0.7053%      
Opcode          14.2655%     6.1349%       2.9203%      
OpcodeWidth     14.34%       4.987%        3.2478%      
Operand         14.2295%     7.3646%       4.7109%      
Local Swap      14.3015%     2.5371%       0.9846%      
Global Swap     14.3008%     3.9636%       1.5339%      
Rotate          14.281%      4.2078%       1.7236%      
                                                        
Total           100%         31.4411%      15.8264%     

********************************************************************************

Line no: 0 (0, 4)
Line no: 1 (0, 4)
Line no: 2 (0, 4)
Line no: 3 (0, 4)
Line no: 0 (0, 4)
Line no: 1 (0, 4)
Line no: 2 (0, 4)
Line no: 3 (0, 4)
Checking for leakage on path:

Line map: 4
Examining BB: 1
Instr at index 1, line 0: movl %edi, %eax
Leakage as of index 0: 1
Instr at index 1, line 1: movl %edi, %eax
Leakage as of index 1: 1
Instr at index 1, line 2: movl %edi, %eax
Leakage as of index 2: 1
Instr at index 1, line 3: movl %edi, %eax
Leakage as of index 3: 1
Unable to discover a new correct rewrite before timing out... 

********************************************************************************

Restarting search
Running search (timeout is 1000000 iterations):

Progress Update: 

Lowest Cost Discovered (121)     Lowest Known Correct Cost (2)     
                                                                   
._Z11transform32jj:              ._Z11transform32jj:               
roll $0x1, %edi                  movl %edi, %eax                   
xorq %rax, %rax                  subl %esi, %eax                   
retq                             retq                              

********************************************************************************

Progress Update: 

Lowest Cost Discovered (120)     Lowest Known Correct Cost (2)     
                                                                   
._Z11transform32jj:              ._Z11transform32jj:               
xorq %rax, %rax                  movl %edi, %eax                   
sarl $0x1, %edi                  subl %esi, %eax                   
setle %r8b                       retq                              
retq                                                               

********************************************************************************

Progress Update: 

Lowest Cost Discovered (116)     Lowest Known Correct Cost (2)     
                                                                   
._Z11transform32jj:              ._Z11transform32jj:               
xorl %eax, %eax                  movl %edi, %eax                   
movq $0xff, %rbp                 subl %esi, %eax                   
sarl $0x1, %edi                  retq                              
retq                                                               

********************************************************************************

Progress Update: 

Lowest Cost Discovered (115)     Lowest Known Correct Cost (2)     
                                                                   
._Z11transform32jj:              ._Z11transform32jj:               
xorl %eax, %eax                  movl %edi, %eax                   
movl $0xffffffc0, %r10d          subl %esi, %eax                   
xaddl %esi, %r10d                retq                              
retq                                                               

********************************************************************************

Progress Update: 

Lowest Cost Discovered (114)     Lowest Known Correct Cost (2)     
                                                                   
._Z11transform32jj:              ._Z11transform32jj:               
movl $0xffffffc0, %r10d          movl %edi, %eax                   
xorl %eax, %eax                  subl %esi, %eax                   
xaddl %esi, %edi                 retq                              
retq                                                               

********************************************************************************

Progress Update: 

Lowest Cost Discovered (11)     Lowest Known Correct Cost (2)     
                                                                  
._Z11transform32jj:             ._Z11transform32jj:               
movl $0xffffffc0, %edx          movl %edi, %eax                   
subl %esi, %edi                 subl %esi, %eax                   
xorl %eax, %eax                 retq                              
retq                                                              

********************************************************************************

Progress Update: 

Lowest Cost Discovered (3)     Lowest Known Correct Cost (2)     
                                                                 
._Z11transform32jj:            ._Z11transform32jj:               
subl %esi, %edi                movl %edi, %eax                   
xorl %eax, %eax                subl %esi, %eax                   
xaddq %rax, %rdi               retq                              
retq                                                             

********************************************************************************

Progress Update: 

Lowest Cost Discovered (2)     Lowest Known Correct Cost (2)     
                                                                 
._Z11transform32jj:            ._Z11transform32jj:               
subl %esi, %edi                movl %edi, %eax                   
movl %edi, %eax                subl %esi, %eax                   
retq                           retq                              

********************************************************************************

Statistics Update: 

Iterations:                    100000
Elapsed Time:                  0.294898s
Iterations/s:                  339100

Starting cost:                 127
Lowest cost:                   2
Lowest correct cost:           2

Move Type       Proposed     Succeeded     Accepted     
                                                        
Add Nops        0%           0%            0%           
Delete          0%           0%            0%           
Instruction     14.274%      2.338%        0.569%       
Opcode          14.14%       6.047%        2.748%       
OpcodeWidth     14.516%      4.702%        2.919%       
Operand         14.347%      7.251%        4.558%       
Local Swap      14.231%      2.315%        0.951%       
Global Swap     14.204%      3.68%         1.51%        
Rotate          14.288%      3.97%         1.738%       
                                                        
Total           100%         30.303%       14.993%      

********************************************************************************

Statistics Update: 

Iterations:                    200000
Elapsed Time:                  0.574979s
Iterations/s:                  347838

Starting cost:                 127
Lowest cost:                   2
Lowest correct cost:           2

Move Type       Proposed     Succeeded     Accepted     
                                                        
Add Nops        0%           0%            0%           
Delete          0%           0%            0%           
Instruction     14.3075%     2.505%        0.5995%      
Opcode          14.2995%     6.9075%       3.553%       
OpcodeWidth     14.4195%     4.641%        2.8075%      
Operand         14.2585%     7.8%          4.6165%      
Local Swap      14.171%      1.73%         0.933%       
Global Swap     14.2155%     2.744%        1.492%       
Rotate          14.3285%     3.0385%       1.6715%      
                                                        
Total           100%         29.366%       15.673%      

********************************************************************************

Statistics Update: 

Iterations:                    300000
Elapsed Time:                  0.877554s
Iterations/s:                  341859

Starting cost:                 127
Lowest cost:                   2
Lowest correct cost:           2

Move Type       Proposed     Succeeded     Accepted      
                                                         
Add Nops        0%           0%            0%            
Delete          0%           0%            0%            
Instruction     14.271%      2.40433%      0.678%        
Opcode          14.2633%     6.528%        3.282%        
OpcodeWidth     14.33%       4.66067%      2.91967%      
Operand         14.2717%     7.63533%      4.72067%      
Local Swap      14.2763%     2.04267%      0.953333%     
Global Swap     14.3027%     3.19367%      1.50633%      
Rotate          14.285%      3.457%        1.668%        
                                                         
Total           100%         29.9217%      15.728%       

********************************************************************************

Statistics Update: 

Iterations:                    400000
Elapsed Time:                  1.173s
Iterations/s:                  341005

Starting cost:                 127
Lowest cost:                   2
Lowest correct cost:           2

Move Type       Proposed     Succeeded     Accepted     
                                                        
Add Nops        0%           0%            0%           
Delete          0%           0%            0%           
Instruction     14.2613%     2.33575%      0.6705%      
Opcode          14.2762%     6.37125%      3.12225%     
OpcodeWidth     14.354%      4.731%        3.0145%      
Operand         14.2758%     7.51%         4.71425%     
Local Swap      14.2652%     2.11975%      0.91175%     
Global Swap     14.2553%     3.3315%       1.441%       
Rotate          14.3123%     3.642%        1.63475%     
                                                        
Total           100%         30.0413%      15.509%      

********************************************************************************

Statistics Update: 

Iterations:                    500000
Elapsed Time:                  1.47282s
Iterations/s:                  339484

Starting cost:                 127
Lowest cost:                   2
Lowest correct cost:           2

Move Type       Proposed     Succeeded     Accepted     
                                                        
Add Nops        0%           0%            0%           
Delete          0%           0%            0%           
Instruction     14.259%      2.2998%       0.6888%      
Opcode          14.2318%     6.2808%       3.0646%      
OpcodeWidth     14.328%      4.7562%       3.0462%      
Operand         14.2584%     7.4482%       4.7268%      
Local Swap      14.3058%     2.2122%       0.917%       
Global Swap     14.2664%     3.4552%       1.4376%      
Rotate          14.3506%     3.762%        1.6282%      
                                                        
Total           100%         30.2144%      15.5092%     

********************************************************************************

Statistics Update: 

Iterations:                    600000
Elapsed Time:                  1.77567s
Iterations/s:                  337900

Starting cost:                 127
Lowest cost:                   2
Lowest correct cost:           2

Move Type       Proposed     Succeeded     Accepted      
                                                         
Add Nops        0%           0%            0%            
Delete          0%           0%            0%            
Instruction     14.2607%     2.27567%      0.6975%       
Opcode          14.244%      6.207%        3.01133%      
OpcodeWidth     14.3372%     4.78%         3.08533%      
Operand         14.2968%     7.45017%      4.765%        
Local Swap      14.2883%     2.27183%      0.930833%     
Global Swap     14.2382%     3.529%        1.43517%      
Rotate          14.3348%     3.8425%       1.632%        
                                                         
Total           100%         30.3562%      15.5572%      

********************************************************************************

Statistics Update: 

Iterations:                    700000
Elapsed Time:                  2.07024s
Iterations/s:                  338125

Starting cost:                 127
Lowest cost:                   2
Lowest correct cost:           2

Move Type       Proposed     Succeeded     Accepted      
                                                         
Add Nops        0%           0%            0%            
Delete          0%           0%            0%            
Instruction     14.2889%     2.27014%      0.696429%     
Opcode          14.2459%     6.17386%      2.98314%      
OpcodeWidth     14.3489%     4.79343%      3.09686%      
Operand         14.283%      7.41457%      4.74757%      
Local Swap      14.3227%     2.30186%      0.924571%     
Global Swap     14.2214%     3.55114%      1.41986%      
Rotate          14.2893%     3.84543%      1.61457%      
                                                         
Total           100%         30.3504%      15.483%       

********************************************************************************

Statistics Update: 

Iterations:                    800000
Elapsed Time:                  2.37445s
Iterations/s:                  336920

Starting cost:                 127
Lowest cost:                   2
Lowest correct cost:           2

Move Type       Proposed     Succeeded     Accepted      
                                                         
Add Nops        0%           0%            0%            
Delete          0%           0%            0%            
Instruction     14.3005%     2.25975%      0.711375%     
Opcode          14.2404%     6.13275%      2.9715%       
OpcodeWidth     14.3361%     4.8085%       3.12162%      
Operand         14.2925%     7.42237%      4.77937%      
Local Swap      14.3439%     2.335%        0.932%        
Global Swap     14.201%      3.59138%      1.42325%      
Rotate          14.2856%     3.889%        1.61625%      
                                                         
Total           100%         30.4387%      15.5554%      

********************************************************************************

Statistics Update: 

Iterations:                    900000
Elapsed Time:                  2.67259s
Iterations/s:                  336752

Starting cost:                 127
Lowest cost:                   2
Lowest correct cost:           2

Move Type       Proposed     Succeeded     Accepted      
                                                         
Add Nops        0%           0%            0%            
Delete          0%           0%            0%            
Instruction     14.292%      2.25422%      0.713556%     
Opcode          14.2392%     6.10344%      2.95033%      
OpcodeWidth     14.3348%     4.80189%      3.11933%      
Operand         14.2816%     7.4%          4.78278%      
Local Swap      14.3334%     2.35022%      0.934889%     
Global Swap     14.2203%     3.62378%      1.42667%      
Rotate          14.2987%     3.925%        1.62033%      
                                                         
Total           100%         30.4586%      15.5479%      

********************************************************************************

Statistics Update: 

Iterations:                    1000000
Elapsed Time:                  2.97507s
Iterations/s:                  336126

Starting cost:                 127
Lowest cost:                   2
Lowest correct cost:           2

Move Type       Proposed     Succeeded     Accepted     
                                                        
Add Nops        0%           0%            0%           
Delete          0%           0%            0%           
Instruction     14.2809%     2.2493%       0.7188%      
Opcode          14.2275%     6.0805%       2.9289%      
OpcodeWidth     14.3378%     4.8272%       3.1487%      
Operand         14.2888%     7.3835%       4.7807%      
Local Swap      14.3466%     2.3832%       0.9344%      
Global Swap     14.2271%     3.6537%       1.4196%      
Rotate          14.2913%     3.9531%       1.6135%      
                                                        
Total           100%         30.5305%      15.5446%     

********************************************************************************

Line no: 0 (0, 4)
Line no: 1 (0, 4)
Line no: 2 (0, 4)
Line no: 3 (0, 4)
Line no: 0 (0, 4)
Line no: 1 (0, 4)
Line no: 2 (0, 4)
Line no: 3 (0, 4)
Checking for leakage on path:

Line map: 4
Examining BB: 1
Instr at index 1, line 0: movl %edi, %eax
Leakage as of index 0: 1
Instr at index 1, line 1: movl %edi, %eax
Leakage as of index 1: 1
Instr at index 1, line 2: movl %edi, %eax
Leakage as of index 2: 1
Instr at index 1, line 3: movl %edi, %eax
Leakage as of index 3: 1
Unable to discover a new correct rewrite before timing out... 

********************************************************************************

Restarting search
Running search (timeout is 1000000 iterations):

Progress Update: 

Lowest Cost Discovered (121)     Lowest Known Correct Cost (2)     
                                                                   
._Z11transform32jj:              ._Z11transform32jj:               
xorl %eax, %eax                  movl %edi, %eax                   
setnge %ah                       subl %esi, %eax                   
movl $0xfd, %r10d                retq                              
retq                                                               

********************************************************************************

Progress Update: 

Lowest Cost Discovered (119)     Lowest Known Correct Cost (2)     
                                                                   
._Z11transform32jj:              ._Z11transform32jj:               
xorl %eax, %eax                  movl %edi, %eax                   
movl $0xfd, %eax                 subl %esi, %eax                   
setnge %sil                      retq                              
retq                                                               

********************************************************************************

Progress Update: 

Lowest Cost Discovered (118)     Lowest Known Correct Cost (2)     
                                                                   
._Z11transform32jj:              ._Z11transform32jj:               
xorl %eax, %eax                  movl %edi, %eax                   
orl $0xfd, %eax                  subl %esi, %eax                   
retq                             retq                              

********************************************************************************

Progress Update: 

Lowest Cost Discovered (117)     Lowest Known Correct Cost (2)     
                                                                   
._Z11transform32jj:              ._Z11transform32jj:               
xorl %eax, %eax                  movl %edi, %eax                   
movb $0xfd, %al                  subl %esi, %eax                   
cltd                             retq                              
retq                                                               

********************************************************************************

Progress Update: 

Lowest Cost Discovered (115)     Lowest Known Correct Cost (2)     
                                                                   
._Z11transform32jj:              ._Z11transform32jj:               
xorl %eax, %eax                  movl %edi, %eax                   
xorb $0xf0, %al                  subl %esi, %eax                   
btcl %edi, %edi                  retq                              
retq                                                               

********************************************************************************

Progress Update: 

Lowest Cost Discovered (114)     Lowest Known Correct Cost (2)     
                                                                   
._Z11transform32jj:              ._Z11transform32jj:               
btcl %esi, %edi                  movl %edi, %eax                   
xorl %eax, %eax                  subl %esi, %eax                   
xorb $0xf0, %al                  retq                              
retq                                                               

********************************************************************************

Progress Update: 

Lowest Cost Discovered (112)     Lowest Known Correct Cost (2)     
                                                                   
._Z11transform32jj:              ._Z11transform32jj:               
xorl %eax, %eax                  movl %edi, %eax                   
btcl %esi, %edi                  subl %esi, %eax                   
adcl $0xf0, %eax                 retq                              
retq                                                               

********************************************************************************

Progress Update: 

Lowest Cost Discovered (11)     Lowest Known Correct Cost (2)     
                                                                  
._Z11transform32jj:             ._Z11transform32jj:               
xorl %eax, %eax                 movl %edi, %eax                   
subl %esi, %edi                 subl %esi, %eax                   
adcl $0xf0, %eax                retq                              
retq                                                              

********************************************************************************

Progress Update: 

Lowest Cost Discovered (3)     Lowest Known Correct Cost (2)     
                                                                 
._Z11transform32jj:            ._Z11transform32jj:               
subl %esi, %edi                movl %edi, %eax                   
xorl %eax, %eax                subl %esi, %eax                   
addl %edi, %eax                retq                              
retq                                                             

********************************************************************************

Progress Update: 

Lowest Cost Discovered (2)     Lowest Known Correct Cost (2)     
                                                                 
._Z11transform32jj:            ._Z11transform32jj:               
subl %esi, %edi                movl %edi, %eax                   
movl %edi, %eax                subl %esi, %eax                   
retq                           retq                              

********************************************************************************

Statistics Update: 

Iterations:                    100000
Elapsed Time:                  0.297542s
Iterations/s:                  336088

Starting cost:                 127
Lowest cost:                   2
Lowest correct cost:           2

Move Type       Proposed     Succeeded     Accepted     
                                                        
Add Nops        0%           0%            0%           
Delete          0%           0%            0%           
Instruction     14.257%      2.408%        0.745%       
Opcode          14.256%      6.006%        2.672%       
OpcodeWidth     14.228%      4.75%         3.028%       
Operand         14.164%      7.298%        4.677%       
Local Swap      14.248%      2.323%        0.949%       
Global Swap     14.335%      3.731%        1.545%       
Rotate          14.512%      3.976%        1.62%        
                                                        
Total           100%         30.492%       15.236%      

********************************************************************************

Statistics Update: 

Iterations:                    200000
Elapsed Time:                  0.563161s
Iterations/s:                  355138

Starting cost:                 127
Lowest cost:                   2
Lowest correct cost:           2

Move Type       Proposed     Succeeded     Accepted     
                                                        
Add Nops        0%           0%            0%           
Delete          0%           0%            0%           
Instruction     14.3075%     2.5505%       0.7045%      
Opcode          14.2075%     5.978%        2.608%       
OpcodeWidth     14.3325%     4.816%        3.08%        
Operand         14.245%      7.6125%       4.615%       
Local Swap      14.157%      1.745%        0.9425%      
Global Swap     14.3155%     2.7315%       1.4805%      
Rotate          14.435%      3.011%        1.6205%      
                                                        
Total           100%         28.4445%      15.051%      

********************************************************************************

Statistics Update: 

Iterations:                    300000
Elapsed Time:                  0.825861s
Iterations/s:                  363257

Starting cost:                 127
Lowest cost:                   2
Lowest correct cost:           2

Move Type       Proposed     Succeeded     Accepted      
                                                         
Add Nops        0%           0%            0%            
Delete          0%           0%            0%            
Instruction     14.3853%     2.629%        0.694333%     
Opcode          14.217%      5.96167%      2.54533%      
OpcodeWidth     14.375%      4.83467%      3.04733%      
Operand         14.2073%     7.704%        4.562%        
Local Swap      14.1423%     1.519%        0.913%        
Global Swap     14.2853%     2.342%        1.39733%      
Rotate          14.3877%     2.64867%      1.558%        
                                                         
Total           100%         27.639%       14.7173%      

********************************************************************************

Statistics Update: 

Iterations:                    400000
Elapsed Time:                  1.09823s
Iterations/s:                  364221

Starting cost:                 127
Lowest cost:                   2
Lowest correct cost:           2

Move Type       Proposed     Succeeded     Accepted     
                                                        
Add Nops        0%           0%            0%           
Delete          0%           0%            0%           
Instruction     14.363%      2.63275%      0.67625%     
Opcode          14.2357%     6.324%        2.893%       
OpcodeWidth     14.3473%     4.7335%       2.92125%     
Operand         14.2125%     7.82175%      4.55525%     
Local Swap      14.2025%     1.42425%      0.908%       
Global Swap     14.2765%     2.20725%      1.3925%      
Rotate          14.3625%     2.48125%      1.54475%     
                                                        
Total           100%         27.6247%      14.891%      

********************************************************************************

Statistics Update: 

Iterations:                    500000
Elapsed Time:                  1.38381s
Iterations/s:                  361321

Starting cost:                 127
Lowest cost:                   2
Lowest correct cost:           2

Move Type       Proposed     Succeeded     Accepted     
                                                        
Add Nops        0%           0%            0%           
Delete          0%           0%            0%           
Instruction     14.3466%     2.6502%       0.677%       
Opcode          14.2728%     6.9122%       3.505%       
OpcodeWidth     14.3158%     4.5634%       2.7514%      
Operand         14.1976%     7.944%        4.5772%      
Local Swap      14.231%      1.368%        0.9094%      
Global Swap     14.2986%     2.1254%       1.4%         
Rotate          14.3376%     2.412%        1.5702%      
                                                        
Total           100%         27.9752%      15.3902%     

********************************************************************************

Statistics Update: 

Iterations:                    600000
Elapsed Time:                  1.67633s
Iterations/s:                  357925

Starting cost:                 127
Lowest cost:                   2
Lowest correct cost:           2

Move Type       Proposed     Succeeded     Accepted     
                                                        
Add Nops        0%           0%            0%           
Delete          0%           0%            0%           
Instruction     14.3477%     2.61983%      0.6765%      
Opcode          14.2828%     7.0105%       3.62567%     
OpcodeWidth     14.3055%     4.54%         2.74233%     
Operand         14.2107%     7.96217%      4.6225%      
Local Swap      14.2527%     1.44733%      0.917%       
Global Swap     14.2895%     2.217%        1.3945%      
Rotate          14.3112%     2.51533%      1.568%       
                                                        
Total           100%         28.3122%      15.5465%     

********************************************************************************

Statistics Update: 

Iterations:                    700000
Elapsed Time:                  1.98257s
Iterations/s:                  353078

Starting cost:                 127
Lowest cost:                   2
Lowest correct cost:           2

Move Type       Proposed     Succeeded     Accepted      
                                                         
Add Nops        0%           0%            0%            
Delete          0%           0%            0%            
Instruction     14.319%      2.56571%      0.689857%     
Opcode          14.3149%     6.87043%      3.51643%      
OpcodeWidth     14.2967%     4.59257%      2.82086%      
Operand         14.221%      7.875%        4.65386%      
Local Swap      14.2531%     1.61557%      0.929714%     
Global Swap     14.285%      2.46371%      1.40543%      
Rotate          14.3103%     2.76686%      1.58514%      
                                                         
Total           100%         28.7499%      15.6013%      

********************************************************************************

Statistics Update: 

Iterations:                    800000
Elapsed Time:                  2.2988s
Iterations/s:                  348007

Starting cost:                 127
Lowest cost:                   2
Lowest correct cost:           2

Move Type       Proposed     Succeeded     Accepted      
                                                         
Add Nops        0%           0%            0%            
Delete          0%           0%            0%            
Instruction     14.3256%     2.54162%      0.686625%     
Opcode          14.3332%     6.88638%      3.533%        
OpcodeWidth     14.2911%     4.67975%      2.913%        
Operand         14.2118%     7.83512%      4.66125%      
Local Swap      14.2679%     1.72962%      0.921625%     
Global Swap     14.2942%     2.65738%      1.40538%      
Rotate          14.2761%     2.94125%      1.5895%       
                                                         
Total           100%         29.2711%      15.7104%      

********************************************************************************

Statistics Update: 

Iterations:                    900000
Elapsed Time:                  2.60202s
Iterations/s:                  345885

Starting cost:                 127
Lowest cost:                   2
Lowest correct cost:           2

Move Type       Proposed     Succeeded     Accepted      
                                                         
Add Nops        0%           0%            0%            
Delete          0%           0%            0%            
Instruction     14.3223%     2.50189%      0.698667%     
Opcode          14.3331%     6.784%        3.45811%      
OpcodeWidth     14.2674%     4.68789%      2.94144%      
Operand         14.2118%     7.786%        4.682%        
Local Swap      14.2689%     1.81589%      0.917333%     
Global Swap     14.3196%     2.816%        1.40922%      
Rotate          14.2769%     3.09444%      1.60111%      
                                                         
Total           100%         29.4861%      15.7079%      

********************************************************************************

Statistics Update: 

Iterations:                    1000000
Elapsed Time:                  2.90972s
Iterations/s:                  343676

Starting cost:                 127
Lowest cost:                   2
Lowest correct cost:           2

Move Type       Proposed     Succeeded     Accepted     
                                                        
Add Nops        0%           0%            0%           
Delete          0%           0%            0%           
Instruction     14.3318%     2.4866%       0.7091%      
Opcode          14.344%      6.717%        3.4025%      
OpcodeWidth     14.2526%     4.7008%       2.9623%      
Operand         14.2237%     7.7301%       4.6941%      
Local Swap      14.2675%     1.8949%       0.918%       
Global Swap     14.3067%     2.947%        1.4213%      
Rotate          14.2737%     3.2237%       1.6121%      
                                                        
Total           100%         29.7001%      15.7194%     

********************************************************************************

Line no: 0 (0, 4)
Line no: 1 (0, 4)
Line no: 2 (0, 4)
Line no: 3 (0, 4)
Line no: 0 (0, 4)
Line no: 1 (0, 4)
Line no: 2 (0, 4)
Line no: 3 (0, 4)
Checking for leakage on path:

Line map: 4
Examining BB: 1
Instr at index 1, line 0: movl %edi, %eax
Leakage as of index 0: 1
Instr at index 1, line 1: movl %edi, %eax
Leakage as of index 1: 1
Instr at index 1, line 2: movl %edi, %eax
Leakage as of index 2: 1
Instr at index 1, line 3: movl %edi, %eax
Leakage as of index 3: 1
Unable to discover a new correct rewrite before timing out... 

********************************************************************************

Restarting search
Running search (timeout is 1000000 iterations):

Progress Update: 

Lowest Cost Discovered (120)     Lowest Known Correct Cost (2)     
                                                                   
._Z11transform32jj:              ._Z11transform32jj:               
sarl $0x1, %edi                  movl %edi, %eax                   
clc                              subl %esi, %eax                   
xorq %rax, %rax                  retq                              
retq                                                               

********************************************************************************

Progress Update: 

Lowest Cost Discovered (118)     Lowest Known Correct Cost (2)     
                                                                   
._Z11transform32jj:              ._Z11transform32jj:               
xorq %rax, %rax                  movl %edi, %eax                   
shrl $0x8, %edi                  subl %esi, %eax                   
movq %rax, %rdx                  retq                              
retq                                                               

********************************************************************************

Progress Update: 

Lowest Cost Discovered (116)     Lowest Known Correct Cost (2)     
                                                                   
._Z11transform32jj:              ._Z11transform32jj:               
xorq %rax, %rax                  movl %edi, %eax                   
shrl $0x8, %edi                  subl %esi, %eax                   
shldl $0xc0, %esi, %esi          retq                              
retq                                                               

********************************************************************************

Progress Update: 

Lowest Cost Discovered (115)     Lowest Known Correct Cost (2)     
                                                                   
._Z11transform32jj:              ._Z11transform32jj:               
shrdl $0xf8, %esi, %esi          movl %edi, %eax                   
shrl $0x8, %edi                  subl %esi, %eax                   
xorl %eax, %eax                  retq                              
retq                                                               

********************************************************************************

Progress Update: 

Lowest Cost Discovered (110)     Lowest Known Correct Cost (2)     
                                                                   
._Z11transform32jj:              ._Z11transform32jj:               
shrl $0x8, %edi                  movl %edi, %eax                   
xorl %eax, %eax                  subl %esi, %eax                   
shrdl $0x6, %esi, %esi           retq                              
retq                                                               

********************************************************************************

Progress Update: 

Lowest Cost Discovered (68)     Lowest Known Correct Cost (2)     
                                                                  
._Z11transform32jj:             ._Z11transform32jj:               
orw %di, %si                    movl %edi, %eax                   
xorl %eax, %eax                 subl %esi, %eax                   
sbbl %esi, %edi                 retq                              
retq                                                              

********************************************************************************

Progress Update: 

Lowest Cost Discovered (21)     Lowest Known Correct Cost (2)     
                                                                  
._Z11transform32jj:             ._Z11transform32jj:               
xorq $0x2, %rdi                 movl %edi, %eax                   
xorl %eax, %eax                 subl %esi, %eax                   
sbbl %esi, %edi                 retq                              
retq                                                              

********************************************************************************

Progress Update: 

Lowest Cost Discovered (19)     Lowest Known Correct Cost (2)     
                                                                  
._Z11transform32jj:             ._Z11transform32jj:               
xorl %eax, %eax                 movl %edi, %eax                   
sbbl %esi, %edi                 subl %esi, %eax                   
xorq $0x2, %rdi                 retq                              
retq                                                              

********************************************************************************

Progress Update: 

Lowest Cost Discovered (11)     Lowest Known Correct Cost (2)     
                                                                  
._Z11transform32jj:             ._Z11transform32jj:               
xorl %eax, %eax                 movl %edi, %eax                   
sbbl %esi, %edi                 subl %esi, %eax                   
xorw $0x2, %ax                  retq                              
retq                                                              

********************************************************************************

Progress Update: 

Lowest Cost Discovered (7)     Lowest Known Correct Cost (2)     
                                                                 
._Z11transform32jj:            ._Z11transform32jj:               
movl $0x7, %r11d               movl %edi, %eax                   
subl %esi, %edi                subl %esi, %eax                   
movslq %edi, %rax              retq                              
retq                                                             

********************************************************************************

Progress Update: 

Lowest Cost Discovered (3)     Lowest Known Correct Cost (2)     
                                                                 
._Z11transform32jj:            ._Z11transform32jj:               
movslq %edi, %rax              movl %edi, %eax                   
subl %esi, %edi                subl %esi, %eax                   
movq %rdi, %rax                retq                              
retq                                                             

********************************************************************************

Progress Update: 

Lowest Cost Discovered (2)     Lowest Known Correct Cost (2)     
                                                                 
._Z11transform32jj:            ._Z11transform32jj:               
subl %esi, %edi                movl %edi, %eax                   
movq %rdi, %rax                subl %esi, %eax                   
retq                           retq                              

********************************************************************************

Statistics Update: 

Iterations:                    100000
Elapsed Time:                  0.303817s
Iterations/s:                  329146

Starting cost:                 127
Lowest cost:                   2
Lowest correct cost:           2

Move Type       Proposed     Succeeded     Accepted     
                                                        
Add Nops        0%           0%            0%           
Delete          0%           0%            0%           
Instruction     14.341%      2.293%        0.736%       
Opcode          14.251%      6.109%        2.937%       
OpcodeWidth     14.199%      4.708%        3.021%       
Operand         14.292%      7.366%        4.802%       
Local Swap      14.1%        2.427%        0.98%        
Global Swap     14.39%       4.007%        1.529%       
Rotate          14.427%      4.254%        1.719%       
                                                        
Total           100%         31.164%       15.724%      

********************************************************************************

Statistics Update: 

Iterations:                    200000
Elapsed Time:                  0.606205s
Iterations/s:                  329921

Starting cost:                 127
Lowest cost:                   2
Lowest correct cost:           2

Move Type       Proposed     Succeeded     Accepted     
                                                        
Add Nops        0%           0%            0%           
Delete          0%           0%            0%           
Instruction     14.3015%     2.2185%       0.73%        
Opcode          14.2605%     5.9725%       2.858%       
OpcodeWidth     14.278%      4.8085%       3.148%       
Operand         14.247%      7.342%        4.808%       
Local Swap      14.2205%     2.506%        0.981%       
Global Swap     14.381%      3.9895%       1.485%       
Rotate          14.3115%     4.2835%       1.702%       
                                                        
Total           100%         31.1205%      15.712%      

********************************************************************************

Statistics Update: 

Iterations:                    300000
Elapsed Time:                  0.907457s
Iterations/s:                  330594

Starting cost:                 127
Lowest cost:                   2
Lowest correct cost:           2

Move Type       Proposed     Succeeded     Accepted      
                                                         
Add Nops        0%           0%            0%            
Delete          0%           0%            0%            
Instruction     14.277%      2.21933%      0.693333%     
Opcode          14.2803%     6.125%        2.91067%      
OpcodeWidth     14.278%      4.88133%      3.15533%      
Operand         14.2283%     7.32433%      4.775%        
Local Swap      14.24%       2.47067%      0.976333%     
Global Swap     14.3597%     3.89967%      1.49733%      
Rotate          14.3367%     4.19%         1.67167%      
                                                         
Total           100%         31.1103%      15.6797%      

********************************************************************************

Statistics Update: 

Iterations:                    400000
Elapsed Time:                  1.21407s
Iterations/s:                  329471

Starting cost:                 127
Lowest cost:                   2
Lowest correct cost:           2

Move Type       Proposed     Succeeded     Accepted     
                                                        
Add Nops        0%           0%            0%           
Delete          0%           0%            0%           
Instruction     14.2843%     2.22675%      0.72125%     
Opcode          14.2438%     6.0365%       2.86725%     
OpcodeWidth     14.2547%     4.9025%       3.22275%     
Operand         14.286%      7.37725%      4.84375%     
Local Swap      14.2543%     2.50475%      0.9875%      
Global Swap     14.3532%     3.931%        1.48825%     
Rotate          14.3238%     4.20725%      1.67275%     
                                                        
Total           100%         31.186%       15.8035%     

********************************************************************************

Statistics Update: 

Iterations:                    500000
Elapsed Time:                  1.51189s
Iterations/s:                  330713

Starting cost:                 127
Lowest cost:                   2
Lowest correct cost:           2

Move Type       Proposed     Succeeded     Accepted     
                                                        
Add Nops        0%           0%            0%           
Delete          0%           0%            0%           
Instruction     14.2796%     2.2296%       0.727%       
Opcode          14.2766%     6.0244%       2.867%       
OpcodeWidth     14.2322%     4.8398%       3.1756%      
Operand         14.2844%     7.3588%       4.8272%      
Local Swap      14.2516%     2.526%        0.973%       
Global Swap     14.3092%     3.905%        1.4568%      
Rotate          14.3664%     4.2004%       1.6468%      
                                                        
Total           100%         31.084%       15.6734%     

********************************************************************************

Statistics Update: 

Iterations:                    600000
Elapsed Time:                  1.81595s
Iterations/s:                  330406

Starting cost:                 127
Lowest cost:                   2
Lowest correct cost:           2

Move Type       Proposed     Succeeded     Accepted      
                                                         
Add Nops        0%           0%            0%            
Delete          0%           0%            0%            
Instruction     14.2985%     2.229%        0.744%        
Opcode          14.2785%     6.01033%      2.856%        
OpcodeWidth     14.2472%     4.84883%      3.1985%       
Operand         14.2815%     7.3385%       4.827%        
Local Swap      14.258%      2.5475%       0.960833%     
Global Swap     14.2927%     3.91733%      1.45133%      
Rotate          14.3437%     4.18617%      1.632%        
                                                         
Total           100%         31.0777%      15.6697%      

********************************************************************************

Statistics Update: 

Iterations:                    700000
Elapsed Time:                  2.12089s
Iterations/s:                  330051

Starting cost:                 127
Lowest cost:                   2
Lowest correct cost:           2

Move Type       Proposed     Succeeded     Accepted      
                                                         
Add Nops        0%           0%            0%            
Delete          0%           0%            0%            
Instruction     14.3173%     2.238%        0.749%        
Opcode          14.2736%     5.98857%      2.84671%      
OpcodeWidth     14.2276%     4.84029%      3.20386%      
Operand         14.2697%     7.32414%      4.81986%      
Local Swap      14.2699%     2.55686%      0.959857%     
Global Swap     14.2841%     3.94771%      1.46571%      
Rotate          14.3579%     4.22614%      1.646%        
                                                         
Total           100%         31.1217%      15.691%       

********************************************************************************

Statistics Update: 

Iterations:                    800000
Elapsed Time:                  2.42224s
Iterations/s:                  330272

Starting cost:                 127
Lowest cost:                   2
Lowest correct cost:           2

Move Type       Proposed     Succeeded     Accepted      
                                                         
Add Nops        0%           0%            0%            
Delete          0%           0%            0%            
Instruction     14.3099%     2.22125%      0.74825%      
Opcode          14.2688%     5.99137%      2.85363%      
OpcodeWidth     14.2297%     4.84325%      3.21338%      
Operand         14.284%      7.31813%      4.81637%      
Local Swap      14.2803%     2.55662%      0.955875%     
Global Swap     14.2835%     3.9565%       1.459%        
Rotate          14.3439%     4.22663%      1.63338%      
                                                         
Total           100%         31.1137%      15.6799%      

********************************************************************************

Statistics Update: 

Iterations:                    900000
Elapsed Time:                  2.72606s
Iterations/s:                  330146

Starting cost:                 127
Lowest cost:                   2
Lowest correct cost:           2

Move Type       Proposed     Succeeded     Accepted      
                                                         
Add Nops        0%           0%            0%            
Delete          0%           0%            0%            
Instruction     14.3037%     2.21533%      0.752778%     
Opcode          14.2753%     5.98378%      2.84644%      
OpcodeWidth     14.2186%     4.83944%      3.20967%      
Operand         14.2739%     7.31656%      4.82411%      
Local Swap      14.3013%     2.55589%      0.953556%     
Global Swap     14.2678%     3.95978%      1.457%        
Rotate          14.3594%     4.24456%      1.64467%      
                                                         
Total           100%         31.1153%      15.6882%      

********************************************************************************

Statistics Update: 

Iterations:                    1000000
Elapsed Time:                  3.02749s
Iterations/s:                  330307

Starting cost:                 127
Lowest cost:                   2
Lowest correct cost:           2

Move Type       Proposed     Succeeded     Accepted     
                                                        
Add Nops        0%           0%            0%           
Delete          0%           0%            0%           
Instruction     14.2944%     2.2168%       0.7489%      
Opcode          14.2843%     5.9666%       2.8287%      
OpcodeWidth     14.2491%     4.8498%       3.2179%      
Operand         14.2705%     7.3243%       4.8319%      
Local Swap      14.2898%     2.5409%       0.9487%      
Global Swap     14.2604%     3.9546%       1.4593%      
Rotate          14.3515%     4.2468%       1.6443%      
                                                        
Total           100%         31.0998%      15.6797%     

********************************************************************************

Line no: 0 (0, 4)
Line no: 1 (0, 4)
Line no: 2 (0, 4)
Line no: 3 (0, 4)
Line no: 0 (0, 4)
Line no: 1 (0, 4)
Line no: 2 (0, 4)
Line no: 3 (0, 4)
Checking for leakage on path:

Line map: 4
Examining BB: 1
Instr at index 1, line 0: movl %edi, %eax
Leakage as of index 0: 1
Instr at index 1, line 1: movl %edi, %eax
Leakage as of index 1: 1
Instr at index 1, line 2: movl %edi, %eax
Leakage as of index 2: 1
Instr at index 1, line 3: movl %edi, %eax
Leakage as of index 3: 1
Unable to discover a new correct rewrite before timing out... 

********************************************************************************

################################################################################

Final update:

Total search iterations:       16000000
Number of attempted searches:  16
Total search time:             47.3377s
Total time:                    47.5677s

Statistics of last search

Iterations:                    1000000
Elapsed Time:                  3.02755s
Iterations/s:                  330300

Starting cost:                 127
Lowest cost:                   2
Lowest correct cost:           2

Move Type       Proposed     Succeeded     Accepted     
                                                        
Add Nops        0%           0%            0%           
Delete          0%           0%            0%           
Instruction     14.2944%     2.2168%       0.7489%      
Opcode          14.2843%     5.9666%       2.8287%      
OpcodeWidth     14.2491%     4.8498%       3.2179%      
Operand         14.2705%     7.3243%       4.8319%      
Local Swap      14.2898%     2.5409%       0.9487%      
Global Swap     14.2604%     3.9546%       1.4593%      
Rotate          14.3515%     4.2468%       1.6443%      
                                                        
Total           100%         31.0998%      15.6797%     

Lowest Cost Discovered (2)     Lowest Known Correct Cost (2)     
                                                                 
._Z11transform32jj:            ._Z11transform32jj:               
subl %esi, %edi                movl %edi, %eax                   
movq %rdi, %rax                subl %esi, %eax                   
retq                           retq                              

################################################################################

FATAL ERROR: Search terminated unsuccessfully; unable to discover a new rewrite!
