Running search (timeout is 1000000 iterations):

Progress Update: 

Lowest Cost Discovered (126)     Lowest Known Correct Cost (2)     
                                                                   
._Z11transform32jj:              ._Z11transform32jj:               
xorq %rax, %rax                  movl %edi, %eax                   
adcl $0xfffffffe, %esi           subl %esi, %eax                   
retq                             retq                              

********************************************************************************

Progress Update: 

Lowest Cost Discovered (122)     Lowest Known Correct Cost (2)     
                                                                   
._Z11transform32jj:              ._Z11transform32jj:               
xorq %rax, %rax                  movl %edi, %eax                   
adcl $0x20, %esi                 subl %esi, %eax                   
retq                             retq                              

********************************************************************************

Progress Update: 

Lowest Cost Discovered (118)     Lowest Known Correct Cost (2)     
                                                                   
._Z11transform32jj:              ._Z11transform32jj:               
xorq %rax, %rax                  movl %edi, %eax                   
crc32b %al, %edi                 subl %esi, %eax                   
setnp %al                        retq                              
retq                                                               

********************************************************************************

Progress Update: 

Lowest Cost Discovered (115)     Lowest Known Correct Cost (2)     
                                                                   
._Z11transform32jj:              ._Z11transform32jj:               
xorq %rax, %rax                  movl %edi, %eax                   
crc32b %al, %edi                 subl %esi, %eax                   
setae %al                        retq                              
retq                                                               

********************************************************************************

Progress Update: 

Lowest Cost Discovered (111)     Lowest Known Correct Cost (2)     
                                                                   
._Z11transform32jj:              ._Z11transform32jj:               
xorq %rax, %rax                  movl %edi, %eax                   
crc32w %ax, %edi                 subl %esi, %eax                   
setae %al                        retq                              
retq                                                               

********************************************************************************

Progress Update: 

Lowest Cost Discovered (105)     Lowest Known Correct Cost (2)     
                                                                   
._Z11transform32jj:              ._Z11transform32jj:               
xorb %al, %al                    movl %edi, %eax                   
leal 0x20(%esi,%esi,2), %eax     subl %esi, %eax                   
leaq 0x2(%eax,%edi,8), %rdx      retq                              
retq                                                               

********************************************************************************

Progress Update: 

Lowest Cost Discovered (103)     Lowest Known Correct Cost (2)     
                                                                   
._Z11transform32jj:              ._Z11transform32jj:               
btcl %edi, %edi                  movl %edi, %eax                   
leaq 0x20(%esi,%esi,2), %rax     subl %esi, %eax                   
leaq 0x2(%eax,%edi,8), %r9       retq                              
retq                                                               

********************************************************************************

Progress Update: 

Lowest Cost Discovered (99)     Lowest Known Correct Cost (2)     
                                                                  
._Z11transform32jj:             ._Z11transform32jj:               
leaq (%edi,%esi,2), %rax        movl %edi, %eax                   
leaq 0x2(%eax,%edi,8), %rdx     subl %esi, %eax                   
xchgl %edi, %esi                retq                              
retq                                                              

********************************************************************************

Progress Update: 

Lowest Cost Discovered (98)        Lowest Known Correct Cost (2)     
                                                                     
._Z11transform32jj:                ._Z11transform32jj:               
btcl %esi, %edi                    movl %edi, %eax                   
leal -0x7(,%edi,8), %eax           subl %esi, %eax                   
leal -0x10(%eax,%esi,1), %r11d     retq                              
retq                                                                 

********************************************************************************

Progress Update: 

Lowest Cost Discovered (75)     Lowest Known Correct Cost (2)     
                                                                  
._Z11transform32jj:             ._Z11transform32jj:               
leaq -0x7(,%edi,8), %rax        movl %edi, %eax                   
btrl %eax, %edi                 subl %esi, %eax                   
subw %si, %di                   retq                              
retq                                                              

********************************************************************************

Progress Update: 

Lowest Cost Discovered (12)     Lowest Known Correct Cost (2)     
                                                                  
._Z11transform32jj:             ._Z11transform32jj:               
leaq -0x7(,%edi,8), %rax        movl %edi, %eax                   
btrl %eax, %edi                 subl %esi, %eax                   
subl %esi, %edi                 retq                              
retq                                                              

********************************************************************************

Progress Update: 

Lowest Cost Discovered (11)     Lowest Known Correct Cost (2)     
                                                                  
._Z11transform32jj:             ._Z11transform32jj:               
subl %esi, %edi                 movl %edi, %eax                   
leaq -0x7(,%edi,8), %rax        subl %esi, %eax                   
xorw %si, %si                   retq                              
retq                                                              

********************************************************************************

Progress Update: 

Lowest Cost Discovered (3)       Lowest Known Correct Cost (2)     
                                                                   
._Z11transform32jj:              ._Z11transform32jj:               
leal 0x20(%esi,%edi,4), %eax     movl %edi, %eax                   
subl %esi, %edi                  subl %esi, %eax                   
xchgq %rax, %rdi                 retq                              
retq                                                               

********************************************************************************

Progress Update: 

Lowest Cost Discovered (2)     Lowest Known Correct Cost (2)     
                                                                 
._Z11transform32jj:            ._Z11transform32jj:               
movl %edi, %eax                movl %edi, %eax                   
subl %esi, %eax                subl %esi, %eax                   
retq                           retq                              

********************************************************************************

Statistics Update: 

Iterations:                    100000
Elapsed Time:                  0.301918s
Iterations/s:                  331216

Starting cost:                 127
Lowest cost:                   2
Lowest correct cost:           2

Move Type       Proposed     Succeeded     Accepted     
                                                        
Add Nops        0%           0%            0%           
Delete          0%           0%            0%           
Instruction     14.269%      2.701%        0.632%       
Opcode          14.345%      6.726%        2.989%       
OpcodeWidth     14.303%      5.024%        3.063%       
Operand         14.385%      7.914%        4.494%       
Local Swap      14.247%      1.232%        0.861%       
Global Swap     14.201%      1.914%        1.341%       
Rotate          14.25%       2.216%        1.521%       
                                                        
Total           100%         27.727%       14.901%      

********************************************************************************

Statistics Update: 

Iterations:                    200000
Elapsed Time:                  0.572386s
Iterations/s:                  349415

Starting cost:                 127
Lowest cost:                   2
Lowest correct cost:           2

Move Type       Proposed     Succeeded     Accepted     
                                                        
Add Nops        0%           0%            0%           
Delete          0%           0%            0%           
Instruction     14.188%      2.6745%       0.64%        
Opcode          14.3855%     6.969%        3.3765%      
OpcodeWidth     14.289%      4.8135%       2.905%       
Operand         14.4195%     8.0475%       4.5235%      
Local Swap      14.232%      1.1935%       0.899%       
Global Swap     14.2185%     1.84%         1.405%       
Rotate          14.2675%     2.14%         1.573%       
                                                        
Total           100%         27.678%       15.322%      

********************************************************************************

Statistics Update: 

Iterations:                    300000
Elapsed Time:                  0.838294s
Iterations/s:                  357870

Starting cost:                 127
Lowest cost:                   2
Lowest correct cost:           2

Move Type       Proposed     Succeeded     Accepted      
                                                         
Add Nops        0%           0%            0%            
Delete          0%           0%            0%            
Instruction     14.2883%     2.71567%      0.649667%     
Opcode          14.3493%     6.68%         3.11467%      
OpcodeWidth     14.2687%     4.845%        2.944%        
Operand         14.422%      8.05833%      4.56%         
Local Swap      14.2177%     1.162%        0.871667%     
Global Swap     14.2067%     1.818%        1.36833%      
Rotate          14.2473%     2.14167%      1.554%        
                                                         
Total           100%         27.4207%      15.0623%      

********************************************************************************

Statistics Update: 

Iterations:                    400000
Elapsed Time:                  1.10348s
Iterations/s:                  362491

Starting cost:                 127
Lowest cost:                   2
Lowest correct cost:           2

Move Type       Proposed     Succeeded     Accepted     
                                                        
Add Nops        0%           0%            0%           
Delete          0%           0%            0%           
Instruction     14.2973%     2.73775%      0.6685%      
Opcode          14.3613%     6.531%        2.979%       
OpcodeWidth     14.3212%     4.86325%      2.95925%     
Operand         14.3763%     8.006%        4.536%       
Local Swap      14.183%      1.1745%       0.90425%     
Global Swap     14.2435%     1.824%        1.41125%     
Rotate          14.2175%     2.14775%      1.6005%      
                                                        
Total           100%         27.2843%      15.0587%     

********************************************************************************

Statistics Update: 

Iterations:                    500000
Elapsed Time:                  1.36055s
Iterations/s:                  367499

Starting cost:                 127
Lowest cost:                   2
Lowest correct cost:           2

Move Type       Proposed     Succeeded     Accepted     
                                                        
Add Nops        0%           0%            0%           
Delete          0%           0%            0%           
Instruction     14.295%      2.7324%       0.6466%      
Opcode          14.3594%     6.4646%       2.8942%      
OpcodeWidth     14.3038%     4.84%         2.9244%      
Operand         14.3316%     7.9626%       4.5096%      
Local Swap      14.1992%     1.1706%       0.8992%      
Global Swap     14.2518%     1.8054%       1.3838%      
Rotate          14.2592%     2.119%        1.5694%      
                                                        
Total           100%         27.0946%      14.8272%     

********************************************************************************

Statistics Update: 

Iterations:                    600000
Elapsed Time:                  1.62382s
Iterations/s:                  369499

Starting cost:                 127
Lowest cost:                   2
Lowest correct cost:           2

Move Type       Proposed     Succeeded     Accepted     
                                                        
Add Nops        0%           0%            0%           
Delete          0%           0%            0%           
Instruction     14.2922%     2.73983%      0.645%       
Opcode          14.348%      6.4435%       2.85717%     
OpcodeWidth     14.2705%     4.881%        2.9415%      
Operand         14.3445%     7.9635%       4.50633%     
Local Swap      14.212%      1.1655%       0.88%        
Global Swap     14.2523%     1.79633%      1.3595%      
Rotate          14.2805%     2.09783%      1.54283%     
                                                        
Total           100%         27.0875%      14.7323%     

********************************************************************************

Statistics Update: 

Iterations:                    700000
Elapsed Time:                  1.89111s
Iterations/s:                  370153

Starting cost:                 127
Lowest cost:                   2
Lowest correct cost:           2

Move Type       Proposed     Succeeded     Accepted      
                                                         
Add Nops        0%           0%            0%            
Delete          0%           0%            0%            
Instruction     14.2573%     2.74586%      0.650714%     
Opcode          14.3551%     6.40657%      2.833%        
OpcodeWidth     14.2949%     4.887%        2.95%         
Operand         14.3277%     7.95971%      4.515%        
Local Swap      14.2001%     1.17014%      0.890857%     
Global Swap     14.2634%     1.80329%      1.37386%      
Rotate          14.3014%     2.12257%      1.572%        
                                                         
Total           100%         27.0951%      14.7854%      

********************************************************************************

Statistics Update: 

Iterations:                    800000
Elapsed Time:                  2.15175s
Iterations/s:                  371791

Starting cost:                 127
Lowest cost:                   2
Lowest correct cost:           2

Move Type       Proposed     Succeeded     Accepted      
                                                         
Add Nops        0%           0%            0%            
Delete          0%           0%            0%            
Instruction     14.2413%     2.73738%      0.651625%     
Opcode          14.3435%     6.35575%      2.80287%      
OpcodeWidth     14.3082%     4.89238%      2.96837%      
Operand         14.3148%     7.95925%      4.5355%       
Local Swap      14.2242%     1.16637%      0.895375%     
Global Swap     14.2714%     1.78638%      1.366%        
Rotate          14.2966%     2.11063%      1.56787%      
                                                         
Total           100%         27.0081%      14.7876%      

********************************************************************************

Statistics Update: 

Iterations:                    900000
Elapsed Time:                  2.42019s
Iterations/s:                  371872

Starting cost:                 127
Lowest cost:                   2
Lowest correct cost:           2

Move Type       Proposed     Succeeded     Accepted      
                                                         
Add Nops        0%           0%            0%            
Delete          0%           0%            0%            
Instruction     14.2604%     2.74033%      0.652222%     
Opcode          14.3488%     6.42956%      2.888%        
OpcodeWidth     14.3069%     4.86578%      2.94578%      
Operand         14.3056%     7.97144%      4.53656%      
Local Swap      14.2421%     1.161%        0.896%        
Global Swap     14.255%      1.78656%      1.36922%      
Rotate          14.2812%     2.10311%      1.56822%      
                                                         
Total           100%         27.0578%      14.856%       

********************************************************************************

Statistics Update: 

Iterations:                    1000000
Elapsed Time:                  2.68246s
Iterations/s:                  372792

Starting cost:                 127
Lowest cost:                   2
Lowest correct cost:           2

Move Type       Proposed     Succeeded     Accepted     
                                                        
Add Nops        0%           0%            0%           
Delete          0%           0%            0%           
Instruction     14.2714%     2.7363%       0.6477%      
Opcode          14.3438%     6.402%        2.8506%      
OpcodeWidth     14.301%      4.867%        2.9519%      
Operand         14.2917%     7.9592%       4.5219%      
Local Swap      14.2384%     1.1588%       0.8941%      
Global Swap     14.2706%     1.7974%       1.3753%      
Rotate          14.2831%     2.1073%       1.5717%      
                                                        
Total           100%         27.028%       14.8132%     

********************************************************************************

Line no: 0 (0, 4)
Line no: 1 (0, 4)
Line no: 2 (0, 4)
Line no: 3 (0, 4)
Line no: 0 (0, 4)
Line no: 1 (0, 4)
Line no: 2 (0, 4)
Line no: 3 (0, 4)
Checking for leakage on path:

Line map: 4
Examining BB: 1
Instr at index 0, line 0: ._Z11transform32jj:
Leakage as of index 0: 1
Instr at index 1, line 1: movl %edi, %eax
Leakage as of index 1: 1
Instr at index 2, line 2: subl %esi, %eax
SUBL SRC: %esi = %rsi_INIT[31:0]
Checking leakage for constraint set 0
Found SAT
Checking leakage for constraint set 1
Found leakage
Leakage as of index 2: 0
Instr at index 3, line 3: retq
Leakage as of index 3: 0
Unable to discover a new correct rewrite before timing out... 

********************************************************************************

Restarting search
Running search (timeout is 1000000 iterations):

Progress Update: 

Lowest Cost Discovered (126)     Lowest Known Correct Cost (2)     
                                                                   
._Z11transform32jj:              ._Z11transform32jj:               
xorq %rax, %rax                  movl %edi, %eax                   
orl %esi, %eax                   subl %esi, %eax                   
retq                             retq                              

********************************************************************************

Progress Update: 

Lowest Cost Discovered (123)     Lowest Known Correct Cost (2)     
                                                                   
._Z11transform32jj:              ._Z11transform32jj:               
xorl %eax, %eax                  movl %edi, %eax                   
orl %esi, %esi                   subl %esi, %eax                   
retq                             retq                              

********************************************************************************

Progress Update: 

Lowest Cost Discovered (122)     Lowest Known Correct Cost (2)     
                                                                   
._Z11transform32jj:              ._Z11transform32jj:               
xorl %eax, %eax                  movl %edi, %eax                   
orl %edi, %esi                   subl %esi, %eax                   
retq                             retq                              

********************************************************************************

Progress Update: 

Lowest Cost Discovered (11)     Lowest Known Correct Cost (2)     
                                                                  
._Z11transform32jj:             ._Z11transform32jj:               
popcntl %esi, %r8d              movl %edi, %eax                   
sbbl %esi, %edi                 subl %esi, %eax                   
xorq %rax, %rax                 retq                              
retq                                                              

********************************************************************************

Progress Update: 

Lowest Cost Discovered (3)     Lowest Known Correct Cost (2)     
                                                                 
._Z11transform32jj:            ._Z11transform32jj:               
xorq %rax, %rax                movl %edi, %eax                   
sbbl %esi, %edi                subl %esi, %eax                   
movq %rdi, %rax                retq                              
retq                                                             

********************************************************************************

Progress Update: 

Lowest Cost Discovered (2)     Lowest Known Correct Cost (2)     
                                                                 
._Z11transform32jj:            ._Z11transform32jj:               
subq %rsi, %rdi                movl %edi, %eax                   
movl %edi, %eax                subl %esi, %eax                   
retq                           retq                              

********************************************************************************

Statistics Update: 

Iterations:                    100000
Elapsed Time:                  0.308695s
Iterations/s:                  323944

Starting cost:                 127
Lowest cost:                   2
Lowest correct cost:           2

Move Type       Proposed     Succeeded     Accepted     
                                                        
Add Nops        0%           0%            0%           
Delete          0%           0%            0%           
Instruction     14.38%       2.178%        0.769%       
Opcode          14.138%      5.748%        2.765%       
OpcodeWidth     14.333%      4.835%        3.19%        
Operand         14.143%      7.243%        4.824%       
Local Swap      14.337%      2.564%        0.964%       
Global Swap     14.423%      4.071%        1.543%       
Rotate          14.246%      4.264%        1.782%       
                                                        
Total           100%         30.903%       15.837%      

********************************************************************************

Statistics Update: 

Iterations:                    200000
Elapsed Time:                  0.62135s
Iterations/s:                  321880

Starting cost:                 127
Lowest cost:                   2
Lowest correct cost:           2

Move Type       Proposed     Succeeded     Accepted     
                                                        
Add Nops        0%           0%            0%           
Delete          0%           0%            0%           
Instruction     14.339%      2.188%        0.782%       
Opcode          14.215%      5.877%        2.783%       
OpcodeWidth     14.304%      4.8875%       3.254%       
Operand         14.175%      7.2985%       4.873%       
Local Swap      14.416%      2.6175%       0.9615%      
Global Swap     14.3065%     4.0515%       1.4995%      
Rotate          14.2445%     4.2685%       1.733%       
                                                        
Total           100%         31.1885%      15.886%      

********************************************************************************

Statistics Update: 

Iterations:                    300000
Elapsed Time:                  0.935918s
Iterations/s:                  320541

Starting cost:                 127
Lowest cost:                   2
Lowest correct cost:           2

Move Type       Proposed     Succeeded     Accepted      
                                                         
Add Nops        0%           0%            0%            
Delete          0%           0%            0%            
Instruction     14.3693%     2.21833%      0.783%        
Opcode          14.2847%     5.87033%      2.771%        
OpcodeWidth     14.2653%     4.936%        3.29333%      
Operand         14.17%       7.31%         4.87267%      
Local Swap      14.3747%     2.59767%      0.978667%     
Global Swap     14.3063%     4.077%        1.52167%      
Rotate          14.2297%     4.30167%      1.72933%      
                                                         
Total           100%         31.311%       15.9497%      

********************************************************************************

Statistics Update: 

Iterations:                    400000
Elapsed Time:                  1.24413s
Iterations/s:                  321509

Starting cost:                 127
Lowest cost:                   2
Lowest correct cost:           2

Move Type       Proposed     Succeeded     Accepted     
                                                        
Add Nops        0%           0%            0%           
Delete          0%           0%            0%           
Instruction     14.3692%     2.24%         0.7995%      
Opcode          14.273%      5.863%        2.77375%     
OpcodeWidth     14.2543%     4.87675%      3.25075%     
Operand         14.19%       7.3165%       4.882%       
Local Swap      14.3902%     2.592%        0.96825%     
Global Swap     14.294%      4.05875%      1.5105%      
Rotate          14.2293%     4.2805%       1.70825%     
                                                        
Total           100%         31.2275%      15.893%      

********************************************************************************

Statistics Update: 

Iterations:                    500000
Elapsed Time:                  1.55227s
Iterations/s:                  322110

Starting cost:                 127
Lowest cost:                   2
Lowest correct cost:           2

Move Type       Proposed     Succeeded     Accepted     
                                                        
Add Nops        0%           0%            0%           
Delete          0%           0%            0%           
Instruction     14.3334%     2.2372%       0.7944%      
Opcode          14.2906%     5.8718%       2.7534%      
OpcodeWidth     14.278%      4.8858%       3.2444%      
Operand         14.2156%     7.3318%       4.8812%      
Local Swap      14.3688%     2.5404%       0.94%        
Global Swap     14.2708%     4.0354%       1.4942%      
Rotate          14.2428%     4.2696%       1.6756%      
                                                        
Total           100%         31.172%       15.7832%     

********************************************************************************

Statistics Update: 

Iterations:                    600000
Elapsed Time:                  1.86448s
Iterations/s:                  321806

Starting cost:                 127
Lowest cost:                   2
Lowest correct cost:           2

Move Type       Proposed     Succeeded     Accepted      
                                                         
Add Nops        0%           0%            0%            
Delete          0%           0%            0%            
Instruction     14.3012%     2.2105%       0.787667%     
Opcode          14.2712%     5.866%        2.77783%      
OpcodeWidth     14.2547%     4.90533%      3.2715%       
Operand         14.2437%     7.32667%      4.873%        
Local Swap      14.3693%     2.5585%       0.944333%     
Global Swap     14.2937%     4.04683%      1.47733%      
Rotate          14.2663%     4.29133%      1.66033%      
                                                         
Total           100%         31.2052%      15.792%       

********************************************************************************

Statistics Update: 

Iterations:                    700000
Elapsed Time:                  2.18133s
Iterations/s:                  320905

Starting cost:                 127
Lowest cost:                   2
Lowest correct cost:           2

Move Type       Proposed     Succeeded     Accepted      
                                                         
Add Nops        0%           0%            0%            
Delete          0%           0%            0%            
Instruction     14.3044%     2.21443%      0.786571%     
Opcode          14.269%      5.86786%      2.77914%      
OpcodeWidth     14.2363%     4.90314%      3.28271%      
Operand         14.2767%     7.344%        4.88371%      
Local Swap      14.3207%     2.55214%      0.944143%     
Global Swap     14.3093%     4.06929%      1.48671%      
Rotate          14.2836%     4.31771%      1.67471%      
                                                         
Total           100%         31.2686%      15.8377%      

********************************************************************************

Statistics Update: 

Iterations:                    800000
Elapsed Time:                  2.48897s
Iterations/s:                  321418

Starting cost:                 127
Lowest cost:                   2
Lowest correct cost:           2

Move Type       Proposed     Succeeded     Accepted      
                                                         
Add Nops        0%           0%            0%            
Delete          0%           0%            0%            
Instruction     14.2979%     2.2025%       0.779625%     
Opcode          14.2626%     5.87125%      2.77937%      
OpcodeWidth     14.2329%     4.89612%      3.27225%      
Operand         14.2922%     7.3645%       4.88788%      
Local Swap      14.3399%     2.54438%      0.94%         
Global Swap     14.2846%     4.04175%      1.47075%      
Rotate          14.2899%     4.30925%      1.66675%      
                                                         
Total           100%         31.2297%      15.7966%      

********************************************************************************

Statistics Update: 

Iterations:                    900000
Elapsed Time:                  2.80126s
Iterations/s:                  321285

Starting cost:                 127
Lowest cost:                   2
Lowest correct cost:           2

Move Type       Proposed     Succeeded     Accepted      
                                                         
Add Nops        0%           0%            0%            
Delete          0%           0%            0%            
Instruction     14.3026%     2.20667%      0.775444%     
Opcode          14.2603%     5.88667%      2.77911%      
OpcodeWidth     14.2001%     4.88356%      3.25478%      
Operand         14.2967%     7.37556%      4.886%        
Local Swap      14.3363%     2.54456%      0.943333%     
Global Swap     14.2928%     4.04767%      1.46989%      
Rotate          14.3112%     4.31556%      1.67544%      
                                                         
Total           100%         31.2602%      15.784%       

********************************************************************************

Statistics Update: 

Iterations:                    1000000
Elapsed Time:                  3.07497s
Iterations/s:                  325206

Starting cost:                 127
Lowest cost:                   2
Lowest correct cost:           2

Move Type       Proposed     Succeeded     Accepted     
                                                        
Add Nops        0%           0%            0%           
Delete          0%           0%            0%           
Instruction     14.2796%     2.2549%       0.7531%      
Opcode          14.2543%     5.9441%       2.7704%      
OpcodeWidth     14.2231%     4.8885%       3.2268%      
Operand         14.2978%     7.438%        4.8455%      
Local Swap      14.3264%     2.4065%       0.9299%      
Global Swap     14.3081%     3.8289%       1.4503%      
Rotate          14.3107%     4.0937%       1.6547%      
                                                        
Total           100%         30.8546%      15.6307%     

********************************************************************************

Line no: 0 (0, 4)
Line no: 1 (0, 4)
Line no: 2 (0, 4)
Line no: 3 (0, 4)
Line no: 0 (0, 4)
Line no: 1 (0, 4)
Line no: 2 (0, 4)
Line no: 3 (0, 4)
Checking for leakage on path:

Line map: 4
Examining BB: 1
Instr at index 0, line 0: ._Z11transform32jj:
Leakage as of index 0: 1
Instr at index 1, line 1: movl %edi, %eax
Leakage as of index 1: 1
Instr at index 2, line 2: subl %esi, %eax
SUBL SRC: %esi = %rsi_INIT[31:0]
Checking leakage for constraint set 0
Found SAT
Checking leakage for constraint set 1
Found leakage
Leakage as of index 2: 0
Instr at index 3, line 3: retq
Leakage as of index 3: 0
Unable to discover a new correct rewrite before timing out... 

********************************************************************************

Restarting search
Running search (timeout is 1000000 iterations):

Progress Update: 

Lowest Cost Discovered (126)     Lowest Known Correct Cost (2)     
                                                                   
._Z11transform32jj:              ._Z11transform32jj:               
xorq %rax, %rax                  movl %edi, %eax                   
sbbq $0xfffffff9, %rax           subl %esi, %eax                   
retq                             retq                              

********************************************************************************

Progress Update: 

Lowest Cost Discovered (125)     Lowest Known Correct Cost (2)     
                                                                   
._Z11transform32jj:              ._Z11transform32jj:               
xorl %eax, %eax                  movl %edi, %eax                   
movswl %di, %edx                 subl %esi, %eax                   
andb $0x1, %sil                  retq                              
retq                                                               

********************************************************************************

Progress Update: 

Lowest Cost Discovered (123)     Lowest Known Correct Cost (2)     
                                                                   
._Z11transform32jj:              ._Z11transform32jj:               
movswl %di, %r10d                movl %edi, %eax                   
andb $0x1, %sil                  subl %esi, %eax                   
xorl %eax, %eax                  retq                              
retq                                                               

********************************************************************************

Progress Update: 

Lowest Cost Discovered (119)     Lowest Known Correct Cost (2)     
                                                                   
._Z11transform32jj:              ._Z11transform32jj:               
xorl %eax, %eax                  movl %edi, %eax                   
movswl %di, %ecx                 subl %esi, %eax                   
movl $0xffffffc0, %esi           retq                              
retq                                                               

********************************************************************************

Progress Update: 

Lowest Cost Discovered (118)     Lowest Known Correct Cost (2)     
                                                                   
._Z11transform32jj:              ._Z11transform32jj:               
crc32w %si, %edi                 movl %edi, %eax                   
xorl %eax, %eax                  subl %esi, %eax                   
movl $0xffffffe0, %ecx           retq                              
retq                                                               

********************************************************************************

Progress Update: 

Lowest Cost Discovered (117)     Lowest Known Correct Cost (2)     
                                                                   
._Z11transform32jj:              ._Z11transform32jj:               
movl $0xfffffff9, %esi           movl %edi, %eax                   
xorl %eax, %eax                  subl %esi, %eax                   
movzwl %si, %edi                 retq                              
retq                                                               

********************************************************************************

Progress Update: 

Lowest Cost Discovered (114)     Lowest Known Correct Cost (2)     
                                                                   
._Z11transform32jj:              ._Z11transform32jj:               
orl %edi, %esi                   movl %edi, %eax                   
xorq %rax, %rax                  subl %esi, %eax                   
crc32b %dil, %edi                retq                              
retq                                                               

********************************************************************************

Progress Update: 

Lowest Cost Discovered (112)     Lowest Known Correct Cost (2)     
                                                                   
._Z11transform32jj:              ._Z11transform32jj:               
xorq %rax, %rax                  movl %edi, %eax                   
crc32b %al, %edi                 subl %esi, %eax                   
sbbb %sil, %al                   retq                              
retq                                                               

********************************************************************************

Progress Update: 

Lowest Cost Discovered (111)     Lowest Known Correct Cost (2)     
                                                                   
._Z11transform32jj:              ._Z11transform32jj:               
xorq %rax, %rax                  movl %edi, %eax                   
crc32w %ax, %edi                 subl %esi, %eax                   
xorb %sil, %al                   retq                              
retq                                                               

********************************************************************************

Progress Update: 

Lowest Cost Discovered (109)     Lowest Known Correct Cost (2)     
                                                                   
._Z11transform32jj:              ._Z11transform32jj:               
crc32q %rdi, %rdi                movl %edi, %eax                   
xorq %rax, %rax                  subl %esi, %eax                   
subl %edi, %eax                  retq                              
retq                                                               

********************************************************************************

Progress Update: 

Lowest Cost Discovered (11)     Lowest Known Correct Cost (2)     
                                                                  
._Z11transform32jj:             ._Z11transform32jj:               
xorq %rax, %rax                 movl %edi, %eax                   
sbbq %rsi, %rax                 subl %esi, %eax                   
addl %eax, %edi                 retq                              
retq                                                              

********************************************************************************

Progress Update: 

Lowest Cost Discovered (3)     Lowest Known Correct Cost (2)     
                                                                 
._Z11transform32jj:            ._Z11transform32jj:               
xorq %rax, %rax                movl %edi, %eax                   
xaddl %eax, %edi               subl %esi, %eax                   
sbbl %esi, %eax                retq                              
retq                                                             

********************************************************************************

Progress Update: 

Lowest Cost Discovered (2)     Lowest Known Correct Cost (2)     
                                                                 
._Z11transform32jj:            ._Z11transform32jj:               
movl %edi, %eax                movl %edi, %eax                   
subl %esi, %eax                subl %esi, %eax                   
retq                           retq                              

********************************************************************************

Statistics Update: 

Iterations:                    100000
Elapsed Time:                  0.273365s
Iterations/s:                  365811

Starting cost:                 127
Lowest cost:                   2
Lowest correct cost:           2

Move Type       Proposed     Succeeded     Accepted     
                                                        
Add Nops        0%           0%            0%           
Delete          0%           0%            0%           
Instruction     14.193%      2.769%        0.597%       
Opcode          14.141%      6.129%        2.53%        
OpcodeWidth     14.255%      4.772%        2.771%       
Operand         14.447%      7.788%        4.271%       
Local Swap      14.28%       1.184%        0.807%       
Global Swap     14.227%      1.806%        1.189%       
Rotate          14.457%      2.185%        1.456%       
                                                        
Total           100%         26.633%       13.621%      

********************************************************************************

Statistics Update: 

Iterations:                    200000
Elapsed Time:                  0.548286s
Iterations/s:                  364773

Starting cost:                 127
Lowest cost:                   2
Lowest correct cost:           2

Move Type       Proposed     Succeeded     Accepted     
                                                        
Add Nops        0%           0%            0%           
Delete          0%           0%            0%           
Instruction     14.2285%     2.7095%       0.6285%      
Opcode          14.17%       6.09%         2.5865%      
OpcodeWidth     14.265%      4.833%        2.8845%      
Operand         14.339%      7.902%        4.379%       
Local Swap      14.331%      1.1935%       0.868%       
Global Swap     14.22%       1.824%        1.342%       
Rotate          14.4465%     2.1465%       1.537%       
                                                        
Total           100%         26.6985%      14.2255%     

********************************************************************************

Statistics Update: 

Iterations:                    300000
Elapsed Time:                  0.825144s
Iterations/s:                  363573

Starting cost:                 127
Lowest cost:                   2
Lowest correct cost:           2

Move Type       Proposed     Succeeded     Accepted      
                                                         
Add Nops        0%           0%            0%            
Delete          0%           0%            0%            
Instruction     14.226%      2.71733%      0.634333%     
Opcode          14.2307%     6.43933%      2.96667%      
OpcodeWidth     14.326%      4.67033%      2.75233%      
Operand         14.2743%     7.98633%      4.45433%      
Local Swap      14.354%      1.17533%      0.873%        
Global Swap     14.2137%     1.78133%      1.345%        
Rotate          14.3753%     2.09633%      1.535%        
                                                         
Total           100%         26.8663%      14.5607%      

********************************************************************************

Statistics Update: 

Iterations:                    400000
Elapsed Time:                  1.09524s
Iterations/s:                  365217

Starting cost:                 127
Lowest cost:                   2
Lowest correct cost:           2

Move Type       Proposed     Succeeded     Accepted     
                                                        
Add Nops        0%           0%            0%           
Delete          0%           0%            0%           
Instruction     14.2598%     2.73125%      0.62125%     
Opcode          14.2218%     6.36%         2.8445%      
OpcodeWidth     14.2628%     4.669%        2.7655%      
Operand         14.306%      8.019%        4.4995%      
Local Swap      14.3165%     1.16325%      0.88075%     
Global Swap     14.2555%     1.74475%      1.337%       
Rotate          14.3778%     2.05225%      1.51925%     
                                                        
Total           100%         26.7395%      14.4678%     

********************************************************************************

Statistics Update: 

Iterations:                    500000
Elapsed Time:                  1.36854s
Iterations/s:                  365352

Starting cost:                 127
Lowest cost:                   2
Lowest correct cost:           2

Move Type       Proposed     Succeeded     Accepted     
                                                        
Add Nops        0%           0%            0%           
Delete          0%           0%            0%           
Instruction     14.2462%     2.7108%       0.6208%      
Opcode          14.2654%     6.275%        2.7666%      
OpcodeWidth     14.2678%     4.7234%       2.8052%      
Operand         14.2968%     8.0066%       4.481%       
Local Swap      14.299%      1.1596%       0.8856%      
Global Swap     14.2582%     1.7608%       1.3658%      
Rotate          14.3666%     2.0708%       1.5476%      
                                                        
Total           100%         26.707%       14.4726%     

********************************************************************************

Statistics Update: 

Iterations:                    600000
Elapsed Time:                  1.64847s
Iterations/s:                  363974

Starting cost:                 127
Lowest cost:                   2
Lowest correct cost:           2

Move Type       Proposed     Succeeded     Accepted      
                                                         
Add Nops        0%           0%            0%            
Delete          0%           0%            0%            
Instruction     14.2305%     2.71067%      0.623167%     
Opcode          14.2475%     6.37867%      2.90083%      
OpcodeWidth     14.2742%     4.71117%      2.80633%      
Operand         14.2828%     8.026%        4.50467%      
Local Swap      14.2807%     1.15883%      0.890167%     
Global Swap     14.3058%     1.77133%      1.38117%      
Rotate          14.3785%     2.0815%       1.5585%       
                                                         
Total           100%         26.8382%      14.6648%      

********************************************************************************

Statistics Update: 

Iterations:                    700000
Elapsed Time:                  1.95277s
Iterations/s:                  358466

Starting cost:                 127
Lowest cost:                   2
Lowest correct cost:           2

Move Type       Proposed     Succeeded     Accepted      
                                                         
Add Nops        0%           0%            0%            
Delete          0%           0%            0%            
Instruction     14.2089%     2.64886%      0.642143%     
Opcode          14.2536%     6.31443%      2.88814%      
OpcodeWidth     14.2746%     4.74514%      2.88257%      
Operand         14.2667%     7.927%        4.54629%      
Local Swap      14.2819%     1.30814%      0.891429%     
Global Swap     14.3227%     2.03629%      1.38929%      
Rotate          14.3917%     2.33743%      1.563%        
                                                         
Total           100%         27.3173%      14.8029%      

********************************************************************************

Statistics Update: 

Iterations:                    800000
Elapsed Time:                  2.24111s
Iterations/s:                  356967

Starting cost:                 127
Lowest cost:                   2
Lowest correct cost:           2

Move Type       Proposed     Succeeded     Accepted      
                                                         
Add Nops        0%           0%            0%            
Delete          0%           0%            0%            
Instruction     14.2093%     2.66213%      0.65125%      
Opcode          14.2698%     6.52375%      3.09337%      
OpcodeWidth     14.2595%     4.69975%      2.83263%      
Operand         14.2879%     7.98362%      4.56675%      
Local Swap      14.2796%     1.28875%      0.898875%     
Global Swap     14.3042%     2.0015%       1.39613%      
Rotate          14.3897%     2.3055%       1.57238%      
                                                         
Total           100%         27.465%       15.0114%      

********************************************************************************

Statistics Update: 

Iterations:                    900000
Elapsed Time:                  2.5084s
Iterations/s:                  358794

Starting cost:                 127
Lowest cost:                   2
Lowest correct cost:           2

Move Type       Proposed     Succeeded     Accepted      
                                                         
Add Nops        0%           0%            0%            
Delete          0%           0%            0%            
Instruction     14.2041%     2.66%         0.648333%     
Opcode          14.2652%     6.46267%      3.02222%      
OpcodeWidth     14.251%      4.68589%      2.82289%      
Operand         14.2924%     7.986%        4.57467%      
Local Swap      14.2953%     1.26633%      0.896444%     
Global Swap     14.3181%     1.97411%      1.40078%      
Rotate          14.3738%     2.26867%      1.56978%      
                                                         
Total           100%         27.3037%      14.9351%      

********************************************************************************

Statistics Update: 

Iterations:                    1000000
Elapsed Time:                  2.79985s
Iterations/s:                  357162

Starting cost:                 127
Lowest cost:                   2
Lowest correct cost:           2

Move Type       Proposed     Succeeded     Accepted     
                                                        
Add Nops        0%           0%            0%           
Delete          0%           0%            0%           
Instruction     14.2155%     2.6453%       0.6555%      
Opcode          14.2744%     6.4182%       2.99%        
OpcodeWidth     14.2568%     4.7002%       2.8481%      
Operand         14.3042%     7.9516%       4.5745%      
Local Swap      14.2968%     1.3219%       0.9011%      
Global Swap     14.3039%     2.0621%       1.4032%      
Rotate          14.3484%     2.3497%       1.5815%      
                                                        
Total           100%         27.449%       14.9539%     

********************************************************************************

Line no: 0 (0, 4)
Line no: 1 (0, 4)
Line no: 2 (0, 4)
Line no: 3 (0, 4)
Line no: 0 (0, 4)
Line no: 1 (0, 4)
Line no: 2 (0, 4)
Line no: 3 (0, 4)
Checking for leakage on path:

Line map: 4
Examining BB: 1
Instr at index 0, line 0: ._Z11transform32jj:
Leakage as of index 0: 1
Instr at index 1, line 1: movl %edi, %eax
Leakage as of index 1: 1
Instr at index 2, line 2: subl %esi, %eax
SUBL SRC: %esi = %rsi_INIT[31:0]
Checking leakage for constraint set 0
Found SAT
Checking leakage for constraint set 1
Found leakage
Leakage as of index 2: 0
Instr at index 3, line 3: retq
Leakage as of index 3: 0
Unable to discover a new correct rewrite before timing out... 

********************************************************************************

Restarting search
Running search (timeout is 1000000 iterations):

Progress Update: 

Lowest Cost Discovered (120)     Lowest Known Correct Cost (2)     
                                                                   
._Z11transform32jj:              ._Z11transform32jj:               
xorl %eax, %eax                  movl %edi, %eax                   
orb $0x20, %ah                   subl %esi, %eax                   
subl $0x8, %edi                  retq                              
retq                                                               

********************************************************************************

Progress Update: 

Lowest Cost Discovered (118)     Lowest Known Correct Cost (2)     
                                                                   
._Z11transform32jj:              ._Z11transform32jj:               
xorl %eax, %eax                  movl %edi, %eax                   
movb $0x20, %ah                  subl %esi, %eax                   
adcl $0x8, %edi                  retq                              
retq                                                               

********************************************************************************

Progress Update: 

Lowest Cost Discovered (117)     Lowest Known Correct Cost (2)     
                                                                   
._Z11transform32jj:              ._Z11transform32jj:               
xorl %eax, %eax                  movl %edi, %eax                   
shll $0x8, %esi                  subl %esi, %eax                   
xorl $0x8, %edi                  retq                              
retq                                                               

********************************************************************************

Progress Update: 

Lowest Cost Discovered (116)     Lowest Known Correct Cost (2)     
                                                                   
._Z11transform32jj:              ._Z11transform32jj:               
btrl $0x8, %esi                  movl %edi, %eax                   
xorl %eax, %eax                  subl %esi, %eax                   
adcl $0x6, %edi                  retq                              
retq                                                               

********************************************************************************

Progress Update: 

Lowest Cost Discovered (115)     Lowest Known Correct Cost (2)     
                                                                   
._Z11transform32jj:              ._Z11transform32jj:               
sall $0x5, %esi                  movl %edi, %eax                   
xorl %eax, %eax                  subl %esi, %eax                   
addl $0x6, %edi                  retq                              
retq                                                               

********************************************************************************

Progress Update: 

Lowest Cost Discovered (114)     Lowest Known Correct Cost (2)     
                                                                   
._Z11transform32jj:              ._Z11transform32jj:               
sall $0x7, %esi                  movl %edi, %eax                   
xorl %eax, %eax                  subl %esi, %eax                   
addl $0xfffffffc, %edi           retq                              
retq                                                               

********************************************************************************

Progress Update: 

Lowest Cost Discovered (113)     Lowest Known Correct Cost (2)     
                                                                   
._Z11transform32jj:              ._Z11transform32jj:               
xorq %rax, %rax                  movl %edi, %eax                   
subl $0xfffffffc, %edi           subl %esi, %eax                   
rorl $0xf8, %esi                 retq                              
retq                                                               

********************************************************************************

Progress Update: 

Lowest Cost Discovered (111)     Lowest Known Correct Cost (2)     
                                                                   
._Z11transform32jj:              ._Z11transform32jj:               
xorl %eax, %eax                  movl %edi, %eax                   
xchgw %ax, %si                   subl %esi, %eax                   
btsl $0x0, %esi                  retq                              
retq                                                               

********************************************************************************

Progress Update: 

Lowest Cost Discovered (109)     Lowest Known Correct Cost (2)     
                                                                   
._Z11transform32jj:              ._Z11transform32jj:               
xorq %rax, %rax                  movl %edi, %eax                   
sbbl $0x40, %esi                 subl %esi, %eax                   
xchgw %ax, %si                   retq                              
retq                                                               

********************************************************************************

Progress Update: 

Lowest Cost Discovered (108)     Lowest Known Correct Cost (2)     
                                                                   
._Z11transform32jj:              ._Z11transform32jj:               
subl $0x40, %esi                 movl %edi, %eax                   
xorq %rax, %rax                  subl %esi, %eax                   
xaddw %ax, %si                   retq                              
retq                                                               

********************************************************************************

Progress Update: 

Lowest Cost Discovered (107)     Lowest Known Correct Cost (2)     
                                                                   
._Z11transform32jj:              ._Z11transform32jj:               
xorl %eax, %eax                  movl %edi, %eax                   
sbbl $0x40, %esi                 subl %esi, %eax                   
imull $0x3, %edi, %eax           retq                              
retq                                                               

********************************************************************************

Progress Update: 

Lowest Cost Discovered (103)     Lowest Known Correct Cost (2)     
                                                                   
._Z11transform32jj:              ._Z11transform32jj:               
xorl %eax, %eax                  movl %edi, %eax                   
sbbl $0x40, %esi                 subl %esi, %eax                   
imull $0x8, %edi, %eax           retq                              
retq                                                               

********************************************************************************

Progress Update: 

Lowest Cost Discovered (102)     Lowest Known Correct Cost (2)     
                                                                   
._Z11transform32jj:              ._Z11transform32jj:               
imull $0x8, %edi, %eax           movl %edi, %eax                   
subl $0xffffffc0, %esi           subl %esi, %eax                   
sbbb %al, %al                    retq                              
retq                                                               

********************************************************************************

Progress Update: 

Lowest Cost Discovered (99)     Lowest Known Correct Cost (2)     
                                                                  
._Z11transform32jj:             ._Z11transform32jj:               
imull $0x8, %edi, %eax          movl %edi, %eax                   
sbbb %al, %al                   subl %esi, %eax                   
subl $0x40, %esi                retq                              
retq                                                              

********************************************************************************

Progress Update: 

Lowest Cost Discovered (97)     Lowest Known Correct Cost (2)     
                                                                  
._Z11transform32jj:             ._Z11transform32jj:               
imull $0x8, %edi, %eax          movl %edi, %eax                   
adcl $0xffffffc0, %esi          subl %esi, %eax                   
sbbl $0xfffb, %edi              retq                              
retq                                                              

********************************************************************************

Progress Update: 

Lowest Cost Discovered (11)     Lowest Known Correct Cost (2)     
                                                                  
._Z11transform32jj:             ._Z11transform32jj:               
subl %esi, %edi                 movl %edi, %eax                   
imull $0x8, %edi, %eax          subl %esi, %eax                   
adcl $0xffffffc0, %esi          retq                              
retq                                                              

********************************************************************************

Progress Update: 

Lowest Cost Discovered (3)     Lowest Known Correct Cost (2)     
                                                                 
._Z11transform32jj:            ._Z11transform32jj:               
imull $0x40, %esi, %eax        movl %edi, %eax                   
subl %esi, %edi                subl %esi, %eax                   
xchgl %edi, %eax               retq                              
retq                                                             

********************************************************************************

Progress Update: 

Lowest Cost Discovered (2)     Lowest Known Correct Cost (2)     
                                                                 
._Z11transform32jj:            ._Z11transform32jj:               
subl %esi, %edi                movl %edi, %eax                   
movq %rdi, %rax                subl %esi, %eax                   
retq                           retq                              

********************************************************************************

Statistics Update: 

Iterations:                    100000
Elapsed Time:                  0.315404s
Iterations/s:                  317054

Starting cost:                 127
Lowest cost:                   2
Lowest correct cost:           2

Move Type       Proposed     Succeeded     Accepted     
                                                        
Add Nops        0%           0%            0%           
Delete          0%           0%            0%           
Instruction     14.28%       2.322%        0.744%       
Opcode          14.25%       6.131%        2.856%       
OpcodeWidth     14.185%      4.719%        2.975%       
Operand         14.254%      7.321%        4.754%       
Local Swap      14.362%      2.576%        1.024%       
Global Swap     14.327%      3.911%        1.584%       
Rotate          14.342%      4.153%        1.76%        
                                                        
Total           100%         31.133%       15.697%      

********************************************************************************

Statistics Update: 

Iterations:                    200000
Elapsed Time:                  0.627411s
Iterations/s:                  318770

Starting cost:                 127
Lowest cost:                   2
Lowest correct cost:           2

Move Type       Proposed     Succeeded     Accepted     
                                                        
Add Nops        0%           0%            0%           
Delete          0%           0%            0%           
Instruction     14.2915%     2.225%        0.729%       
Opcode          14.1465%     5.991%        2.819%       
OpcodeWidth     14.2635%     4.789%        3.075%       
Operand         14.2645%     7.3505%       4.841%       
Local Swap      14.197%      2.585%        0.973%       
Global Swap     14.4265%     4.05%         1.5515%      
Rotate          14.4105%     4.289%        1.744%       
                                                        
Total           100%         31.2795%      15.7325%     

********************************************************************************

Statistics Update: 

Iterations:                    300000
Elapsed Time:                  0.941254s
Iterations/s:                  318724

Starting cost:                 127
Lowest cost:                   2
Lowest correct cost:           2

Move Type       Proposed     Succeeded     Accepted      
                                                         
Add Nops        0%           0%            0%            
Delete          0%           0%            0%            
Instruction     14.2373%     2.22133%      0.752%        
Opcode          14.145%      5.962%        2.79367%      
OpcodeWidth     14.3003%     4.83267%      3.14633%      
Operand         14.304%      7.34667%      4.85067%      
Local Swap      14.221%      2.595%        0.967667%     
Global Swap     14.398%      4.08133%      1.54367%      
Rotate          14.3943%     4.32733%      1.737%        
                                                         
Total           100%         31.3663%      15.791%       

********************************************************************************

Statistics Update: 

Iterations:                    400000
Elapsed Time:                  1.2556s
Iterations/s:                  318574

Starting cost:                 127
Lowest cost:                   2
Lowest correct cost:           2

Move Type       Proposed     Succeeded     Accepted     
                                                        
Add Nops        0%           0%            0%           
Delete          0%           0%            0%           
Instruction     14.243%      2.213%        0.75025%     
Opcode          14.149%      5.93025%      2.811%       
OpcodeWidth     14.2933%     4.84275%      3.1625%      
Operand         14.3402%     7.4185%       4.90975%     
Local Swap      14.2197%     2.5945%       0.96475%     
Global Swap     14.3865%     4.07375%      1.533%       
Rotate          14.3682%     4.32875%      1.73525%     
                                                        
Total           100%         31.4015%      15.8665%     

********************************************************************************

Statistics Update: 

Iterations:                    500000
Elapsed Time:                  1.56358s
Iterations/s:                  319780

Starting cost:                 127
Lowest cost:                   2
Lowest correct cost:           2

Move Type       Proposed     Succeeded     Accepted     
                                                        
Add Nops        0%           0%            0%           
Delete          0%           0%            0%           
Instruction     14.2362%     2.2176%       0.7594%      
Opcode          14.1624%     5.9028%       2.7976%      
OpcodeWidth     14.3082%     4.8514%       3.1894%      
Operand         14.2938%     7.3654%       4.8742%      
Local Swap      14.2278%     2.5816%       0.9536%      
Global Swap     14.3904%     4.0572%       1.5284%      
Rotate          14.3812%     4.3186%       1.7364%      
                                                        
Total           100%         31.2946%      15.839%      

********************************************************************************

Statistics Update: 

Iterations:                    600000
Elapsed Time:                  1.84373s
Iterations/s:                  325427

Starting cost:                 127
Lowest cost:                   2
Lowest correct cost:           2

Move Type       Proposed     Succeeded     Accepted      
                                                         
Add Nops        0%           0%            0%            
Delete          0%           0%            0%            
Instruction     14.2483%     2.30233%      0.737333%     
Opcode          14.1887%     6.121%        2.97017%      
OpcodeWidth     14.285%      4.79467%      3.10233%      
Operand         14.2722%     7.50167%      4.828%        
Local Swap      14.2625%     2.3475%       0.9575%       
Global Swap     14.3882%     3.67567%      1.52033%      
Rotate          14.3552%     3.9395%       1.727%        
                                                         
Total           100%         30.6823%      15.8427%      

********************************************************************************

Statistics Update: 

Iterations:                    700000
Elapsed Time:                  2.11539s
Iterations/s:                  330908

Starting cost:                 127
Lowest cost:                   2
Lowest correct cost:           2

Move Type       Proposed     Succeeded     Accepted      
                                                         
Add Nops        0%           0%            0%            
Delete          0%           0%            0%            
Instruction     14.256%      2.37186%      0.731857%     
Opcode          14.1933%     6.099%        2.907%        
OpcodeWidth     14.2726%     4.77014%      3.06943%      
Operand         14.2831%     7.57086%      4.79114%      
Local Swap      14.256%      2.18129%      0.958571%     
Global Swap     14.3931%     3.40814%      1.51457%      
Rotate          14.3459%     3.67529%      1.716%        
                                                         
Total           100%         30.0766%      15.6886%      

********************************************************************************

Statistics Update: 

Iterations:                    800000
Elapsed Time:                  2.38411s
Iterations/s:                  335555

Starting cost:                 127
Lowest cost:                   2
Lowest correct cost:           2

Move Type       Proposed     Succeeded     Accepted      
                                                         
Add Nops        0%           0%            0%            
Delete          0%           0%            0%            
Instruction     14.2485%     2.41025%      0.711125%     
Opcode          14.211%      6.09475%      2.847%        
OpcodeWidth     14.2821%     4.773%        3.03925%      
Operand         14.2756%     7.6245%       4.7565%       
Local Swap      14.2451%     2.04675%      0.9415%       
Global Swap     14.3881%     3.20162%      1.49188%      
Rotate          14.3495%     3.46163%      1.68362%      
                                                         
Total           100%         29.6125%      15.4709%      

********************************************************************************

Statistics Update: 

Iterations:                    900000
Elapsed Time:                  2.6567s
Iterations/s:                  338767

Starting cost:                 127
Lowest cost:                   2
Lowest correct cost:           2

Move Type       Proposed     Succeeded     Accepted      
                                                         
Add Nops        0%           0%            0%            
Delete          0%           0%            0%            
Instruction     14.2493%     2.44333%      0.705333%     
Opcode          14.2293%     6.095%        2.80389%      
OpcodeWidth     14.2881%     4.78911%      3.04067%      
Operand         14.2808%     7.66278%      4.733%        
Local Swap      14.2502%     1.94067%      0.934667%     
Global Swap     14.364%      3.046%        1.49144%      
Rotate          14.3382%     3.30689%      1.67856%      
                                                         
Total           100%         29.2838%      15.3876%      

********************************************************************************

Statistics Update: 

Iterations:                    1000000
Elapsed Time:                  2.92316s
Iterations/s:                  342095

Starting cost:                 127
Lowest cost:                   2
Lowest correct cost:           2

Move Type       Proposed     Succeeded     Accepted     
                                                        
Add Nops        0%           0%            0%           
Delete          0%           0%            0%           
Instruction     14.2545%     2.4718%       0.7019%      
Opcode          14.2322%     6.068%        2.7587%      
OpcodeWidth     14.3073%     4.7754%       3.0224%      
Operand         14.2781%     7.6826%       4.7075%      
Local Swap      14.2385%     1.8553%       0.9296%      
Global Swap     14.3399%     2.9193%       1.486%       
Rotate          14.3495%     3.1771%       1.6694%      
                                                        
Total           100%         28.9495%      15.2755%     

********************************************************************************

Line no: 0 (0, 4)
Line no: 1 (0, 4)
Line no: 2 (0, 4)
Line no: 3 (0, 4)
Line no: 0 (0, 4)
Line no: 1 (0, 4)
Line no: 2 (0, 4)
Line no: 3 (0, 4)
Checking for leakage on path:

Line map: 4
Examining BB: 1
Instr at index 0, line 0: ._Z11transform32jj:
Leakage as of index 0: 1
Instr at index 1, line 1: movl %edi, %eax
Leakage as of index 1: 1
Instr at index 2, line 2: subl %esi, %eax
SUBL SRC: %esi = %rsi_INIT[31:0]
Checking leakage for constraint set 0
Found SAT
Checking leakage for constraint set 1
Found leakage
Leakage as of index 2: 0
Instr at index 3, line 3: retq
Leakage as of index 3: 0
Unable to discover a new correct rewrite before timing out... 

********************************************************************************

Restarting search
Running search (timeout is 1000000 iterations):

Progress Update: 

Lowest Cost Discovered (120)     Lowest Known Correct Cost (2)     
                                                                   
._Z11transform32jj:              ._Z11transform32jj:               
xorq %rax, %rax                  movl %edi, %eax                   
setnb %al                        subl %esi, %eax                   
retq                             retq                              

********************************************************************************

Progress Update: 

Lowest Cost Discovered (115)     Lowest Known Correct Cost (2)     
                                                                   
._Z11transform32jj:              ._Z11transform32jj:               
xorq %rax, %rax                  movl %edi, %eax                   
btcl %edi, %edi                  subl %esi, %eax                   
setz %al                         retq                              
retq                                                               

********************************************************************************

Progress Update: 

Lowest Cost Discovered (11)     Lowest Known Correct Cost (2)     
                                                                  
._Z11transform32jj:             ._Z11transform32jj:               
subl %esi, %edi                 movl %edi, %eax                   
xorq %rax, %rax                 subl %esi, %eax                   
setnb %al                       retq                              
retq                                                              

********************************************************************************

Progress Update: 

Lowest Cost Discovered (10)     Lowest Known Correct Cost (2)     
                                                                  
._Z11transform32jj:             ._Z11transform32jj:               
movl $0x2, %eax                 movl %edi, %eax                   
subl %esi, %edi                 subl %esi, %eax                   
retq                            retq                              

********************************************************************************

Progress Update: 

Lowest Cost Discovered (3)     Lowest Known Correct Cost (2)     
                                                                 
._Z11transform32jj:            ._Z11transform32jj:               
subl %esi, %edi                movl %edi, %eax                   
movsbl %sil, %eax              subl %esi, %eax                   
xchgl %edi, %eax               retq                              
retq                                                             

********************************************************************************

Progress Update: 

Lowest Cost Discovered (2)     Lowest Known Correct Cost (2)     
                                                                 
._Z11transform32jj:            ._Z11transform32jj:               
subl %esi, %edi                movl %edi, %eax                   
movq %rdi, %rax                subl %esi, %eax                   
retq                           retq                              

********************************************************************************

Statistics Update: 

Iterations:                    100000
Elapsed Time:                  0.308635s
Iterations/s:                  324008

Starting cost:                 127
Lowest cost:                   2
Lowest correct cost:           2

Move Type       Proposed     Succeeded     Accepted     
                                                        
Add Nops        0%           0%            0%           
Delete          0%           0%            0%           
Instruction     14.451%      2.24%         0.713%       
Opcode          14.226%      5.955%        2.947%       
OpcodeWidth     14.244%      4.845%        3.216%       
Operand         14.218%      7.3%          4.798%       
Local Swap      14.388%      2.511%        0.936%       
Global Swap     14.272%      3.951%        1.433%       
Rotate          14.201%      4.107%        1.587%       
                                                        
Total           100%         30.909%       15.63%       

********************************************************************************

Statistics Update: 

Iterations:                    200000
Elapsed Time:                  0.620759s
Iterations/s:                  322186

Starting cost:                 127
Lowest cost:                   2
Lowest correct cost:           2

Move Type       Proposed     Succeeded     Accepted     
                                                        
Add Nops        0%           0%            0%           
Delete          0%           0%            0%           
Instruction     14.3975%     2.228%        0.7415%      
Opcode          14.264%      5.931%        2.8495%      
OpcodeWidth     14.2795%     4.883%        3.262%       
Operand         14.3465%     7.4195%       4.8855%      
Local Swap      14.3225%     2.523%        0.9155%      
Global Swap     14.3015%     3.9645%       1.4695%      
Rotate          14.0885%     4.1265%       1.638%       
                                                        
Total           100%         31.0755%      15.7615%     

********************************************************************************

Statistics Update: 

Iterations:                    300000
Elapsed Time:                  0.933503s
Iterations/s:                  321370

Starting cost:                 127
Lowest cost:                   2
Lowest correct cost:           2

Move Type       Proposed     Succeeded     Accepted      
                                                         
Add Nops        0%           0%            0%            
Delete          0%           0%            0%            
Instruction     14.373%      2.235%        0.753333%     
Opcode          14.2793%     5.94367%      2.83167%      
OpcodeWidth     14.2533%     4.87867%      3.24933%      
Operand         14.3267%     7.40933%      4.90067%      
Local Swap      14.2777%     2.53533%      0.916333%     
Global Swap     14.3223%     3.98233%      1.48167%      
Rotate          14.1677%     4.20067%      1.66367%      
                                                         
Total           100%         31.185%       15.7967%      

********************************************************************************

Statistics Update: 

Iterations:                    400000
Elapsed Time:                  1.24462s
Iterations/s:                  321384

Starting cost:                 127
Lowest cost:                   2
Lowest correct cost:           2

Move Type       Proposed     Succeeded     Accepted     
                                                        
Add Nops        0%           0%            0%           
Delete          0%           0%            0%           
Instruction     14.353%      2.2405%       0.76475%     
Opcode          14.2565%     5.95525%      2.83575%     
OpcodeWidth     14.3135%     4.86875%      3.23%        
Operand         14.3413%     7.377%        4.88975%     
Local Swap      14.2375%     2.554%        0.92175%     
Global Swap     14.3285%     4.00275%      1.48475%     
Rotate          14.1698%     4.20175%      1.65275%     
                                                        
Total           100%         31.2%         15.7795%     

********************************************************************************

Statistics Update: 

Iterations:                    500000
Elapsed Time:                  1.55756s
Iterations/s:                  321016

Starting cost:                 127
Lowest cost:                   2
Lowest correct cost:           2

Move Type       Proposed     Succeeded     Accepted     
                                                        
Add Nops        0%           0%            0%           
Delete          0%           0%            0%           
Instruction     14.353%      2.2486%       0.7676%      
Opcode          14.2336%     5.954%        2.8458%      
OpcodeWidth     14.2876%     4.862%        3.2284%      
Operand         14.3342%     7.3852%       4.89%        
Local Swap      14.2424%     2.5524%       0.9524%      
Global Swap     14.3214%     3.9824%       1.5136%      
Rotate          14.2278%     4.2022%       1.6766%      
                                                        
Total           100%         31.1868%      15.8744%     

********************************************************************************

Statistics Update: 

Iterations:                    600000
Elapsed Time:                  1.82511s
Iterations/s:                  328747

Starting cost:                 127
Lowest cost:                   2
Lowest correct cost:           2

Move Type       Proposed     Succeeded     Accepted      
                                                         
Add Nops        0%           0%            0%            
Delete          0%           0%            0%            
Instruction     14.3247%     2.31767%      0.745%        
Opcode          14.2058%     5.92367%      2.76633%      
OpcodeWidth     14.3082%     4.85933%      3.1755%       
Operand         14.3275%     7.482%        4.84483%      
Local Swap      14.2625%     2.31383%      0.934167%     
Global Swap     14.3243%     3.60517%      1.48583%      
Rotate          14.247%      3.83133%      1.64767%      
                                                         
Total           100%         30.333%       15.5993%      

********************************************************************************

Statistics Update: 

Iterations:                    700000
Elapsed Time:                  2.0966s
Iterations/s:                  333874

Starting cost:                 127
Lowest cost:                   2
Lowest correct cost:           2

Move Type       Proposed     Succeeded     Accepted      
                                                         
Add Nops        0%           0%            0%            
Delete          0%           0%            0%            
Instruction     14.3007%     2.37214%      0.729143%     
Opcode          14.2436%     5.95043%      2.729%        
OpcodeWidth     14.2967%     4.858%        3.15271%      
Operand         14.3239%     7.53057%      4.78814%      
Local Swap      14.2793%     2.15014%      0.938857%     
Global Swap     14.2969%     3.33757%      1.48014%      
Rotate          14.259%      3.57871%      1.64457%      
                                                         
Total           100%         29.7776%      15.4626%      

********************************************************************************

Statistics Update: 

Iterations:                    800000
Elapsed Time:                  2.37074s
Iterations/s:                  337447

Starting cost:                 127
Lowest cost:                   2
Lowest correct cost:           2

Move Type       Proposed     Succeeded     Accepted     
                                                        
Add Nops        0%           0%            0%           
Delete          0%           0%            0%           
Instruction     14.3055%     2.41938%      0.72325%     
Opcode          14.2421%     5.94637%      2.69525%     
OpcodeWidth     14.3012%     4.851%        3.13%        
Operand         14.3131%     7.60275%      4.76037%     
Local Swap      14.2929%     2.03037%      0.94425%     
Global Swap     14.289%      3.14688%      1.48638%     
Rotate          14.2561%     3.4%          1.64912%     
                                                        
Total           100%         29.3968%      15.3886%     

********************************************************************************

Statistics Update: 

Iterations:                    900000
Elapsed Time:                  2.64845s
Iterations/s:                  339822

Starting cost:                 127
Lowest cost:                   2
Lowest correct cost:           2

Move Type       Proposed     Succeeded     Accepted      
                                                         
Add Nops        0%           0%            0%            
Delete          0%           0%            0%            
Instruction     14.2877%     2.44378%      0.712889%     
Opcode          14.2469%     6.06722%      2.79544%      
OpcodeWidth     14.3018%     4.80711%      3.073%        
Operand         14.2953%     7.67044%      4.749%        
Local Swap      14.2874%     1.92978%      0.941778%     
Global Swap     14.3099%     2.99211%      1.48111%      
Rotate          14.271%      3.25056%      1.64878%      
                                                         
Total           100%         29.161%       15.402%       

********************************************************************************

Statistics Update: 

Iterations:                    1000000
Elapsed Time:                  2.93263s
Iterations/s:                  340991

Starting cost:                 127
Lowest cost:                   2
Lowest correct cost:           2

Move Type       Proposed     Succeeded     Accepted     
                                                        
Add Nops        0%           0%            0%           
Delete          0%           0%            0%           
Instruction     14.2889%     2.4703%       0.704%       
Opcode          14.255%      6.2048%       2.9031%      
OpcodeWidth     14.3073%     4.7925%       3.0411%      
Operand         14.2934%     7.722%        4.7409%      
Local Swap      14.2841%     1.8554%       0.9389%      
Global Swap     14.3057%     2.8751%       1.4743%      
Rotate          14.2656%     3.1364%       1.6385%      
                                                        
Total           100%         29.0565%      15.4408%     

********************************************************************************

Line no: 0 (0, 4)
Line no: 1 (0, 4)
Line no: 2 (0, 4)
Line no: 3 (0, 4)
Line no: 0 (0, 4)
Line no: 1 (0, 4)
Line no: 2 (0, 4)
Line no: 3 (0, 4)
Checking for leakage on path:

Line map: 4
Examining BB: 1
Instr at index 0, line 0: ._Z11transform32jj:
Leakage as of index 0: 1
Instr at index 1, line 1: movl %edi, %eax
Leakage as of index 1: 1
Instr at index 2, line 2: subl %esi, %eax
SUBL SRC: %esi = %rsi_INIT[31:0]
Checking leakage for constraint set 0
Found SAT
Checking leakage for constraint set 1
Found leakage
Leakage as of index 2: 0
Instr at index 3, line 3: retq
Leakage as of index 3: 0
Unable to discover a new correct rewrite before timing out... 

********************************************************************************

Restarting search
Running search (timeout is 1000000 iterations):

Progress Update: 

Lowest Cost Discovered (122)     Lowest Known Correct Cost (2)     
                                                                   
._Z11transform32jj:              ._Z11transform32jj:               
xorq %rax, %rax                  movl %edi, %eax                   
movzwl %di, %r8d                 subl %esi, %eax                   
retq                             retq                              

********************************************************************************

Progress Update: 

Lowest Cost Discovered (119)     Lowest Known Correct Cost (2)     
                                                                   
._Z11transform32jj:              ._Z11transform32jj:               
clc                              movl %edi, %eax                   
xorq %rax, %rax                  subl %esi, %eax                   
crc32w %di, %esi                 retq                              
retq                                                               

********************************************************************************

Progress Update: 

Lowest Cost Discovered (118)     Lowest Known Correct Cost (2)     
                                                                   
._Z11transform32jj:              ._Z11transform32jj:               
xorq %rax, %rax                  movl %edi, %eax                   
crc32w %di, %esi                 subl %esi, %eax                   
retq                             retq                              

********************************************************************************

Progress Update: 

Lowest Cost Discovered (114)     Lowest Known Correct Cost (2)     
                                                                   
._Z11transform32jj:              ._Z11transform32jj:               
xorl %eax, %eax                  movl %edi, %eax                   
imull $0x6, %edi, %r11d          subl %esi, %eax                   
crc32b %dil, %rdi                retq                              
retq                                                               

********************************************************************************

Progress Update: 

Lowest Cost Discovered (112)     Lowest Known Correct Cost (2)     
                                                                   
._Z11transform32jj:              ._Z11transform32jj:               
xorl %eax, %eax                  movl %edi, %eax                   
imull $0x4, %edi, %r10d          subl %esi, %eax                   
crc32b %al, %edi                 retq                              
retq                                                               

********************************************************************************

Progress Update: 

Lowest Cost Discovered (108)     Lowest Known Correct Cost (2)     
                                                                   
._Z11transform32jj:              ._Z11transform32jj:               
imull $0x4, %edi, %r9d           movl %edi, %eax                   
crc32b %r9b, %rsi                subl %esi, %eax                   
xorl %eax, %eax                  retq                              
retq                                                               

********************************************************************************

Progress Update: 

Lowest Cost Discovered (107)     Lowest Known Correct Cost (2)     
                                                                   
._Z11transform32jj:              ._Z11transform32jj:               
xorq %rax, %rax                  movl %edi, %eax                   
addl $0xfffffffc, %edi           subl %esi, %eax                   
imull $0x8, %edi, %r9d           retq                              
retq                                                               

********************************************************************************

Progress Update: 

Lowest Cost Discovered (104)     Lowest Known Correct Cost (2)     
                                                                   
._Z11transform32jj:              ._Z11transform32jj:               
xorq %rax, %rax                  movl %edi, %eax                   
addl $0xfc, %edi                 subl %esi, %eax                   
imull $0x8, %edi, %r9d           retq                              
retq                                                               

********************************************************************************

Progress Update: 

Lowest Cost Discovered (103)     Lowest Known Correct Cost (2)     
                                                                   
._Z11transform32jj:              ._Z11transform32jj:               
xorq %rax, %rax                  movl %edi, %eax                   
adcl $0xfc, %edi                 subl %esi, %eax                   
sbbw %si, %di                    retq                              
retq                                                               

********************************************************************************

Progress Update: 

Lowest Cost Discovered (95)     Lowest Known Correct Cost (2)     
                                                                  
._Z11transform32jj:             ._Z11transform32jj:               
xorq %rax, %rax                 movl %edi, %eax                   
adcl $0x40, %edi                subl %esi, %eax                   
sbbw %si, %di                   retq                              
retq                                                              

********************************************************************************

Progress Update: 

Lowest Cost Discovered (92)     Lowest Known Correct Cost (2)     
                                                                  
._Z11transform32jj:             ._Z11transform32jj:               
subw %si, %di                   movl %edi, %eax                   
xorq %rax, %rax                 subl %esi, %eax                   
rcll $0x40, %edi                retq                              
retq                                                              

********************************************************************************

Progress Update: 

Lowest Cost Discovered (80)     Lowest Known Correct Cost (2)     
                                                                  
._Z11transform32jj:             ._Z11transform32jj:               
subw %si, %di                   movl %edi, %eax                   
xorq %rax, %rax                 subl %esi, %eax                   
orl $0x40, %edi                 retq                              
retq                                                              

********************************************************************************

Progress Update: 

Lowest Cost Discovered (77)     Lowest Known Correct Cost (2)     
                                                                  
._Z11transform32jj:             ._Z11transform32jj:               
xorq %rax, %rax                 movl %edi, %eax                   
subw %si, %di                   subl %esi, %eax                   
shll $0x40, %edi                retq                              
retq                                                              

********************************************************************************

Progress Update: 

Lowest Cost Discovered (11)     Lowest Known Correct Cost (2)     
                                                                  
._Z11transform32jj:             ._Z11transform32jj:               
xorq %rax, %rax                 movl %edi, %eax                   
sbbq %rsi, %rdi                 subl %esi, %eax                   
shll $0x40, %edi                retq                              
retq                                                              

********************************************************************************

Progress Update: 

Lowest Cost Discovered (3)     Lowest Known Correct Cost (2)     
                                                                 
._Z11transform32jj:            ._Z11transform32jj:               
subl %esi, %edi                movl %edi, %eax                   
xorl %eax, %eax                subl %esi, %eax                   
addl %edi, %eax                retq                              
retq                                                             

********************************************************************************

Progress Update: 

Lowest Cost Discovered (2)     Lowest Known Correct Cost (2)     
                                                                 
._Z11transform32jj:            ._Z11transform32jj:               
subq %rsi, %rdi                movl %edi, %eax                   
movl %edi, %eax                subl %esi, %eax                   
retq                           retq                              

********************************************************************************

Statistics Update: 

Iterations:                    100000
Elapsed Time:                  0.311597s
Iterations/s:                  320928

Starting cost:                 127
Lowest cost:                   2
Lowest correct cost:           2

Move Type       Proposed     Succeeded     Accepted     
                                                        
Add Nops        0%           0%            0%           
Delete          0%           0%            0%           
Instruction     14.306%      2.33%         0.752%       
Opcode          14.612%      6.087%        2.956%       
OpcodeWidth     14.415%      4.823%        2.984%       
Operand         14.268%      7.243%        4.689%       
Local Swap      14.119%      2.5%          0.969%       
Global Swap     14.27%       3.87%         1.434%       
Rotate          14.01%       4.135%        1.633%       
                                                        
Total           100%         30.988%       15.417%      

********************************************************************************

Statistics Update: 

Iterations:                    200000
Elapsed Time:                  0.614654s
Iterations/s:                  325386

Starting cost:                 127
Lowest cost:                   2
Lowest correct cost:           2

Move Type       Proposed     Succeeded     Accepted     
                                                        
Add Nops        0%           0%            0%           
Delete          0%           0%            0%           
Instruction     14.3235%     2.3155%       0.7835%      
Opcode          14.399%      6.024%        2.9085%      
OpcodeWidth     14.29%       4.81%         3.0565%      
Operand         14.2035%     7.273%        4.738%       
Local Swap      14.2495%     2.443%        0.975%       
Global Swap     14.364%      3.794%        1.451%       
Rotate          14.1705%     4.0245%       1.6335%      
                                                        
Total           100%         30.684%       15.546%      

********************************************************************************

Statistics Update: 

Iterations:                    300000
Elapsed Time:                  0.885085s
Iterations/s:                  338950

Starting cost:                 127
Lowest cost:                   2
Lowest correct cost:           2

Move Type       Proposed     Succeeded     Accepted      
                                                         
Add Nops        0%           0%            0%            
Delete          0%           0%            0%            
Instruction     14.2163%     2.449%        0.739667%     
Opcode          14.401%      6.05967%      2.79833%      
OpcodeWidth     14.342%      4.855%        3.05633%      
Operand         14.1793%     7.463%        4.62%         
Local Swap      14.2647%     2.00167%      0.954%        
Global Swap     14.329%      3.09467%      1.425%        
Rotate          14.2677%     3.35067%      1.61867%      
                                                         
Total           100%         29.2737%      15.212%       

********************************************************************************

Statistics Update: 

Iterations:                    400000
Elapsed Time:                  1.16933s
Iterations/s:                  342077

Starting cost:                 127
Lowest cost:                   2
Lowest correct cost:           2

Move Type       Proposed     Succeeded     Accepted     
                                                        
Add Nops        0%           0%            0%           
Delete          0%           0%            0%           
Instruction     14.2348%     2.52275%      0.726%       
Opcode          14.36%       6.5065%       3.21075%     
OpcodeWidth     14.3212%     4.72175%      2.91175%     
Operand         14.2152%     7.67%         4.62675%     
Local Swap      14.28%       1.77425%      0.92525%     
Global Swap     14.3547%     2.7715%       1.4295%      
Rotate          14.234%      3.0435%       1.62175%     
                                                        
Total           100%         29.0102%      15.4518%     

********************************************************************************

Statistics Update: 

Iterations:                    500000
Elapsed Time:                  1.44073s
Iterations/s:                  347046

Starting cost:                 127
Lowest cost:                   2
Lowest correct cost:           2

Move Type       Proposed     Succeeded     Accepted     
                                                        
Add Nops        0%           0%            0%           
Delete          0%           0%            0%           
Instruction     14.262%      2.5678%       0.7106%      
Opcode          14.296%      6.3766%       3.0626%      
OpcodeWidth     14.3364%     4.7324%       2.9094%      
Operand         14.2512%     7.7266%       4.601%       
Local Swap      14.2774%     1.664%        0.9434%      
Global Swap     14.3622%     2.5904%       1.4428%      
Rotate          14.2148%     2.861%        1.6376%      
                                                        
Total           100%         28.5188%      15.3074%     

********************************************************************************

Statistics Update: 

Iterations:                    600000
Elapsed Time:                  1.71257s
Iterations/s:                  350351

Starting cost:                 127
Lowest cost:                   2
Lowest correct cost:           2

Move Type       Proposed     Succeeded     Accepted      
                                                         
Add Nops        0%           0%            0%            
Delete          0%           0%            0%            
Instruction     14.2803%     2.604%        0.698667%     
Opcode          14.3265%     6.31983%      2.97217%      
OpcodeWidth     14.3387%     4.73967%      2.91567%      
Operand         14.2192%     7.7475%       4.59117%      
Local Swap      14.262%      1.576%        0.939167%     
Global Swap     14.3372%     2.46383%      1.45017%      
Rotate          14.2362%     2.74%         1.63867%      
                                                         
Total           100%         28.1908%      15.2057%      

********************************************************************************

Statistics Update: 

Iterations:                    700000
Elapsed Time:                  1.98715s
Iterations/s:                  352263

Starting cost:                 127
Lowest cost:                   2
Lowest correct cost:           2

Move Type       Proposed     Succeeded     Accepted      
                                                         
Add Nops        0%           0%            0%            
Delete          0%           0%            0%            
Instruction     14.2989%     2.61943%      0.689857%     
Opcode          14.3344%     6.37486%      2.99843%      
OpcodeWidth     14.3207%     4.69771%      2.87629%      
Operand         14.2237%     7.798%        4.58914%      
Local Swap      14.2749%     1.51871%      0.945714%     
Global Swap     14.312%      2.36571%      1.45643%      
Rotate          14.2354%     2.64386%      1.64686%      
                                                         
Total           100%         28.0183%      15.2027%      

********************************************************************************

Statistics Update: 

Iterations:                    800000
Elapsed Time:                  2.26036s
Iterations/s:                  353927

Starting cost:                 127
Lowest cost:                   2
Lowest correct cost:           2

Move Type       Proposed     Succeeded     Accepted     
                                                        
Add Nops        0%           0%            0%           
Delete          0%           0%            0%           
Instruction     14.3021%     2.64188%      0.686%       
Opcode          14.3435%     6.33863%      2.94313%     
OpcodeWidth     14.3384%     4.72112%      2.89487%     
Operand         14.2291%     7.8235%       4.5895%      
Local Swap      14.2483%     1.474%        0.9435%      
Global Swap     14.2966%     2.28925%      1.4535%      
Rotate          14.242%      2.57662%      1.64387%     
                                                        
Total           100%         27.865%       15.1544%     

********************************************************************************

Statistics Update: 

Iterations:                    900000
Elapsed Time:                  2.53677s
Iterations/s:                  354782

Starting cost:                 127
Lowest cost:                   2
Lowest correct cost:           2

Move Type       Proposed     Succeeded     Accepted      
                                                         
Add Nops        0%           0%            0%            
Delete          0%           0%            0%            
Instruction     14.295%      2.65889%      0.682111%     
Opcode          14.3458%     6.32411%      2.91656%      
OpcodeWidth     14.3514%     4.73278%      2.90611%      
Operand         14.2376%     7.84711%      4.58656%      
Local Swap      14.2286%     1.43667%      0.939222%     
Global Swap     14.2961%     2.24011%      1.46189%      
Rotate          14.2456%     2.52156%      1.64133%      
                                                         
Total           100%         27.7612%      15.1338%      

********************************************************************************

Statistics Update: 

Iterations:                    1000000
Elapsed Time:                  2.81192s
Iterations/s:                  355629

Starting cost:                 127
Lowest cost:                   2
Lowest correct cost:           2

Move Type       Proposed     Succeeded     Accepted     
                                                        
Add Nops        0%           0%            0%           
Delete          0%           0%            0%           
Instruction     14.2881%     2.6646%       0.679%       
Opcode          14.3439%     6.3444%       2.93%        
OpcodeWidth     14.3505%     4.7277%       2.9006%      
Operand         14.2456%     7.8826%       4.5909%      
Local Swap      14.2404%     1.4018%       0.9287%      
Global Swap     14.2867%     2.1952%       1.4592%      
Rotate          14.2448%     2.48%         1.632%       
                                                        
Total           100%         27.6963%      15.1204%     

********************************************************************************

Line no: 0 (0, 4)
Line no: 1 (0, 4)
Line no: 2 (0, 4)
Line no: 3 (0, 4)
Line no: 0 (0, 4)
Line no: 1 (0, 4)
Line no: 2 (0, 4)
Line no: 3 (0, 4)
Checking for leakage on path:

Line map: 4
Examining BB: 1
Instr at index 0, line 0: ._Z11transform32jj:
Leakage as of index 0: 1
Instr at index 1, line 1: movl %edi, %eax
Leakage as of index 1: 1
Instr at index 2, line 2: subl %esi, %eax
SUBL SRC: %esi = %rsi_INIT[31:0]
Checking leakage for constraint set 0
Found SAT
Checking leakage for constraint set 1
Found leakage
Leakage as of index 2: 0
Instr at index 3, line 3: retq
Leakage as of index 3: 0
Unable to discover a new correct rewrite before timing out... 

********************************************************************************

Restarting search
Running search (timeout is 1000000 iterations):

Progress Update: 

Lowest Cost Discovered (125)     Lowest Known Correct Cost (2)     
                                                                   
._Z11transform32jj:              ._Z11transform32jj:               
xorl %eax, %eax                  movl %edi, %eax                   
cmpq $0x7, %rsi                  subl %esi, %eax                   
xorw %di, %ax                    retq                              
retq                                                               

********************************************************************************

Progress Update: 

Lowest Cost Discovered (124)     Lowest Known Correct Cost (2)     
                                                                   
._Z11transform32jj:              ._Z11transform32jj:               
sarl $0xf0, %esi                 movl %edi, %eax                   
xorl %eax, %eax                  subl %esi, %eax                   
setz %ah                         retq                              
retq                                                               

********************************************************************************

Progress Update: 

Lowest Cost Discovered (123)     Lowest Known Correct Cost (2)     
                                                                   
._Z11transform32jj:              ._Z11transform32jj:               
sarl $0x0, %esi                  movl %edi, %eax                   
xorl %eax, %eax                  subl %esi, %eax                   
setz %ah                         retq                              
retq                                                               

********************************************************************************

Progress Update: 

Lowest Cost Discovered (122)     Lowest Known Correct Cost (2)     
                                                                   
._Z11transform32jj:              ._Z11transform32jj:               
btsl $0x0, %edi                  movl %edi, %eax                   
xorq %rax, %rax                  subl %esi, %eax                   
setc %cl                         retq                              
retq                                                               

********************************************************************************

Progress Update: 

Lowest Cost Discovered (121)     Lowest Known Correct Cost (2)     
                                                                   
._Z11transform32jj:              ._Z11transform32jj:               
xorl %eax, %eax                  movl %edi, %eax                   
setc %cl                         subl %esi, %eax                   
roll $0x8, %esi                  retq                              
retq                                                               

********************************************************************************

Progress Update: 

Lowest Cost Discovered (117)     Lowest Known Correct Cost (2)     
                                                                   
._Z11transform32jj:              ._Z11transform32jj:               
roll $0x8, %esi                  movl %edi, %eax                   
xorl %eax, %eax                  subl %esi, %eax                   
adcw %di, %ax                    retq                              
retq                                                               

********************************************************************************

Progress Update: 

Lowest Cost Discovered (116)     Lowest Known Correct Cost (2)     
                                                                   
._Z11transform32jj:              ._Z11transform32jj:               
xorl %eax, %eax                  movl %edi, %eax                   
btrl $0xff, %esi                 subl %esi, %eax                   
xchgw %di, %ax                   retq                              
retq                                                               

********************************************************************************

Progress Update: 

Lowest Cost Discovered (115)     Lowest Known Correct Cost (2)     
                                                                   
._Z11transform32jj:              ._Z11transform32jj:               
xorl %eax, %eax                  movl %edi, %eax                   
movw %di, %ax                    subl %esi, %eax                   
shll $0xf8, %esi                 retq                              
retq                                                               

********************************************************************************

Progress Update: 

Lowest Cost Discovered (107)     Lowest Known Correct Cost (2)     
                                                                   
._Z11transform32jj:              ._Z11transform32jj:               
imull %edi, %edi                 movl %edi, %eax                   
xorq %rax, %rax                  subl %esi, %eax                   
movw %di, %ax                    retq                              
retq                                                               

********************************************************************************

Progress Update: 

Lowest Cost Discovered (106)     Lowest Known Correct Cost (2)     
                                                                   
._Z11transform32jj:              ._Z11transform32jj:               
imull %edi, %edi                 movl %edi, %eax                   
xorl %eax, %eax                  subl %esi, %eax                   
xchgw %di, %ax                   retq                              
retq                                                               

********************************************************************************

Progress Update: 

Lowest Cost Discovered (105)     Lowest Known Correct Cost (2)     
                                                                   
._Z11transform32jj:              ._Z11transform32jj:               
rorl $0xff, %esi                 movl %edi, %eax                   
imull %edi, %edi                 subl %esi, %eax                   
movzwq %di, %rax                 retq                              
retq                                                               

********************************************************************************

Progress Update: 

Lowest Cost Discovered (104)     Lowest Known Correct Cost (2)     
                                                                   
._Z11transform32jj:              ._Z11transform32jj:               
imull %edi, %edi                 movl %edi, %eax                   
addq $0xffffffc0, %rdi           subl %esi, %eax                   
movzwl %di, %eax                 retq                              
retq                                                               

********************************************************************************

Progress Update: 

Lowest Cost Discovered (103)     Lowest Known Correct Cost (2)     
                                                                   
._Z11transform32jj:              ._Z11transform32jj:               
imull %edi, %edi                 movl %edi, %eax                   
btsl $0xc0, %edi                 subl %esi, %eax                   
movzwq %di, %rax                 retq                              
retq                                                               

********************************************************************************

Progress Update: 

Lowest Cost Discovered (11)     Lowest Known Correct Cost (2)     
                                                                  
._Z11transform32jj:             ._Z11transform32jj:               
subl %esi, %edi                 movl %edi, %eax                   
btsl $0xe0, %edi                subl %esi, %eax                   
movzwl %di, %eax                retq                              
retq                                                              

********************************************************************************

Progress Update: 

Lowest Cost Discovered (3)     Lowest Known Correct Cost (2)     
                                                                 
._Z11transform32jj:            ._Z11transform32jj:               
subl %esi, %edi                movl %edi, %eax                   
movl $0xffffffff, %r11d        subl %esi, %eax                   
movq %rdi, %rax                retq                              
retq                                                             

********************************************************************************

Progress Update: 

Lowest Cost Discovered (2)     Lowest Known Correct Cost (2)     
                                                                 
._Z11transform32jj:            ._Z11transform32jj:               
subl %esi, %edi                movl %edi, %eax                   
movq %rdi, %rax                subl %esi, %eax                   
retq                           retq                              

********************************************************************************

Statistics Update: 

Iterations:                    100000
Elapsed Time:                  0.316102s
Iterations/s:                  316354

Starting cost:                 127
Lowest cost:                   2
Lowest correct cost:           2

Move Type       Proposed     Succeeded     Accepted     
                                                        
Add Nops        0%           0%            0%           
Delete          0%           0%            0%           
Instruction     14.415%      2.295%        0.649%       
Opcode          14.349%      6.062%        2.709%       
OpcodeWidth     14.141%      5.041%        2.906%       
Operand         14.475%      7.48%         4.699%       
Local Swap      14.156%      2.413%        1.025%       
Global Swap     14.181%      3.747%        1.502%       
Rotate          14.283%      4.04%         1.695%       
                                                        
Total           100%         31.078%       15.185%      

********************************************************************************

Statistics Update: 

Iterations:                    200000
Elapsed Time:                  0.63562s
Iterations/s:                  314654

Starting cost:                 127
Lowest cost:                   2
Lowest correct cost:           2

Move Type       Proposed     Succeeded     Accepted     
                                                        
Add Nops        0%           0%            0%           
Delete          0%           0%            0%           
Instruction     14.3755%     2.323%        0.6475%      
Opcode          14.353%      6.535%        3.1315%      
OpcodeWidth     14.147%      5.096%        3.141%       
Operand         14.3495%     7.608%        4.8955%      
Local Swap      14.1565%     2.329%        1.09%        
Global Swap     14.364%      3.7445%       1.6895%      
Rotate          14.2545%     4.0015%       1.87%        
                                                        
Total           100%         31.637%       16.465%      

********************************************************************************

Statistics Update: 

Iterations:                    300000
Elapsed Time:                  0.952686s
Iterations/s:                  314899

Starting cost:                 127
Lowest cost:                   2
Lowest correct cost:           2

Move Type       Proposed     Succeeded     Accepted     
                                                        
Add Nops        0%           0%            0%           
Delete          0%           0%            0%           
Instruction     14.3237%     2.285%        0.695%       
Opcode          14.3477%     6.373%        3.084%       
OpcodeWidth     14.2103%     5.077%        3.204%       
Operand         14.3307%     7.58733%      4.951%       
Local Swap      14.1977%     2.43567%      1.06333%     
Global Swap     14.281%      3.81567%      1.64767%     
Rotate          14.309%      4.115%        1.88667%     
                                                        
Total           100%         31.6887%      16.5317%     

********************************************************************************

Statistics Update: 

Iterations:                    400000
Elapsed Time:                  1.25976s
Iterations/s:                  317520

Starting cost:                 127
Lowest cost:                   2
Lowest correct cost:           2

Move Type       Proposed     Succeeded     Accepted     
                                                        
Add Nops        0%           0%            0%           
Delete          0%           0%            0%           
Instruction     14.3%        2.25725%      0.68775%     
Opcode          14.3157%     6.29275%      3.0235%      
OpcodeWidth     14.2365%     5.0405%       3.2275%      
Operand         14.331%      7.4685%       4.882%       
Local Swap      14.2617%     2.49025%      1.05425%     
Global Swap     14.2692%     3.825%        1.6095%      
Rotate          14.2858%     4.1105%       1.8265%      
                                                        
Total           100%         31.4847%      16.311%      

********************************************************************************

Statistics Update: 

Iterations:                    500000
Elapsed Time:                  1.56858s
Iterations/s:                  318760

Starting cost:                 127
Lowest cost:                   2
Lowest correct cost:           2

Move Type       Proposed     Succeeded     Accepted     
                                                        
Add Nops        0%           0%            0%           
Delete          0%           0%            0%           
Instruction     14.2694%     2.247%        0.6952%      
Opcode          14.3334%     6.2388%       2.9862%      
OpcodeWidth     14.2346%     4.9976%       3.2338%      
Operand         14.3108%     7.4488%       4.8842%      
Local Swap      14.2782%     2.4988%       1.0248%      
Global Swap     14.2858%     3.834%        1.5678%      
Rotate          14.2878%     4.1248%       1.7828%      
                                                        
Total           100%         31.3898%      16.1748%     

********************************************************************************

Statistics Update: 

Iterations:                    600000
Elapsed Time:                  1.86168s
Iterations/s:                  322289

Starting cost:                 127
Lowest cost:                   2
Lowest correct cost:           2

Move Type       Proposed     Succeeded     Accepted      
                                                         
Add Nops        0%           0%            0%            
Delete          0%           0%            0%            
Instruction     14.3218%     2.35983%      0.697167%     
Opcode          14.3063%     6.38633%      3.097%        
OpcodeWidth     14.239%      5.073%        3.28283%      
Operand         14.2925%     7.60033%      4.821%        
Local Swap      14.2748%     2.29167%      1.017%        
Global Swap     14.2818%     3.495%        1.53417%      
Rotate          14.2837%     3.79333%      1.7475%       
                                                         
Total           100%         30.9995%      16.1967%      

********************************************************************************

Statistics Update: 

Iterations:                    700000
Elapsed Time:                  2.13069s
Iterations/s:                  328531

Starting cost:                 127
Lowest cost:                   2
Lowest correct cost:           2

Move Type       Proposed     Succeeded     Accepted      
                                                         
Add Nops        0%           0%            0%            
Delete          0%           0%            0%            
Instruction     14.3356%     2.405%        0.684714%     
Opcode          14.294%      6.32543%      3.00386%      
OpcodeWidth     14.2634%     5.04029%      3.24%         
Operand         14.2774%     7.64243%      4.74757%      
Local Swap      14.2803%     2.13143%      1.00257%      
Global Swap     14.256%      3.25286%      1.51357%      
Rotate          14.2933%     3.53757%      1.71743%      
                                                         
Total           100%         30.335%       15.9097%      

********************************************************************************

Statistics Update: 

Iterations:                    800000
Elapsed Time:                  2.40185s
Iterations/s:                  333077

Starting cost:                 127
Lowest cost:                   2
Lowest correct cost:           2

Move Type       Proposed     Succeeded     Accepted      
                                                         
Add Nops        0%           0%            0%            
Delete          0%           0%            0%            
Instruction     14.3481%     2.45325%      0.679625%     
Opcode          14.3078%     6.29213%      2.956%        
OpcodeWidth     14.2472%     5.01037%      3.1985%       
Operand         14.2937%     7.69963%      4.73625%      
Local Swap      14.2628%     2%            0.985125%     
Global Swap     14.2549%     3.06237%      1.49562%      
Rotate          14.2855%     3.34587%      1.6935%       
                                                         
Total           100%         29.8636%      15.7446%      

********************************************************************************

Statistics Update: 

Iterations:                    900000
Elapsed Time:                  2.67375s
Iterations/s:                  336605

Starting cost:                 127
Lowest cost:                   2
Lowest correct cost:           2

Move Type       Proposed     Succeeded     Accepted      
                                                         
Add Nops        0%           0%            0%            
Delete          0%           0%            0%            
Instruction     14.3301%     2.47467%      0.675778%     
Opcode          14.2996%     6.26378%      2.91989%      
OpcodeWidth     14.2621%     4.98956%      3.17078%      
Operand         14.2904%     7.74256%      4.71589%      
Local Swap      14.2578%     1.90022%      0.972667%     
Global Swap     14.2698%     2.92678%      1.48967%      
Rotate          14.2902%     3.20733%      1.68422%      
                                                         
Total           100%         29.5049%      15.6289%      

********************************************************************************

Statistics Update: 

Iterations:                    1000000
Elapsed Time:                  2.94592s
Iterations/s:                  339453

Starting cost:                 127
Lowest cost:                   2
Lowest correct cost:           2

Move Type       Proposed     Succeeded     Accepted     
                                                        
Add Nops        0%           0%            0%           
Delete          0%           0%            0%           
Instruction     14.3306%     2.4998%       0.6748%      
Opcode          14.2838%     6.2353%       2.8838%      
OpcodeWidth     14.2777%     4.9694%       3.1442%      
Operand         14.2952%     7.7597%       4.6976%      
Local Swap      14.2628%     1.833%        0.9733%      
Global Swap     14.2667%     2.8181%       1.4893%      
Rotate          14.2832%     3.1074%       1.685%       
                                                        
Total           100%         29.2227%      15.548%      

********************************************************************************

Line no: 0 (0, 4)
Line no: 1 (0, 4)
Line no: 2 (0, 4)
Line no: 3 (0, 4)
Line no: 0 (0, 4)
Line no: 1 (0, 4)
Line no: 2 (0, 4)
Line no: 3 (0, 4)
Checking for leakage on path:

Line map: 4
Examining BB: 1
Instr at index 0, line 0: ._Z11transform32jj:
Leakage as of index 0: 1
Instr at index 1, line 1: movl %edi, %eax
Leakage as of index 1: 1
Instr at index 2, line 2: subl %esi, %eax
SUBL SRC: %esi = %rsi_INIT[31:0]
Checking leakage for constraint set 0
Found SAT
Checking leakage for constraint set 1
Found leakage
Leakage as of index 2: 0
Instr at index 3, line 3: retq
Leakage as of index 3: 0
Unable to discover a new correct rewrite before timing out... 

********************************************************************************

Restarting search
Running search (timeout is 1000000 iterations):

Progress Update: 

Lowest Cost Discovered (125)     Lowest Known Correct Cost (2)     
                                                                   
._Z11transform32jj:              ._Z11transform32jj:               
xorq %rax, %rax                  movl %edi, %eax                   
xaddw %ax, %di                   subl %esi, %eax                   
cmc                              retq                              
retq                                                               

********************************************************************************

Progress Update: 

Lowest Cost Discovered (123)     Lowest Known Correct Cost (2)     
                                                                   
._Z11transform32jj:              ._Z11transform32jj:               
xorl %eax, %eax                  movl %edi, %eax                   
cqto                             subl %esi, %eax                   
xaddw %ax, %di                   retq                              
retq                                                               

********************************************************************************

Progress Update: 

Lowest Cost Discovered (121)     Lowest Known Correct Cost (2)     
                                                                   
._Z11transform32jj:              ._Z11transform32jj:               
xorl %eax, %eax                  movl %edi, %eax                   
sete %al                         subl %esi, %eax                   
cqto                             retq                              
retq                                                               

********************************************************************************

Progress Update: 

Lowest Cost Discovered (118)     Lowest Known Correct Cost (2)     
                                                                   
._Z11transform32jj:              ._Z11transform32jj:               
xorl %eax, %eax                  movl %edi, %eax                   
crc32w %ax, %esi                 subl %esi, %eax                   
setnb %al                        retq                              
retq                                                               

********************************************************************************

Progress Update: 

Lowest Cost Discovered (115)     Lowest Known Correct Cost (2)     
                                                                   
._Z11transform32jj:              ._Z11transform32jj:               
xorl %eax, %eax                  movl %edi, %eax                   
crc32w %di, %esi                 subl %esi, %eax                   
setnb %al                        retq                              
retq                                                               

********************************************************************************

Progress Update: 

Lowest Cost Discovered (104)     Lowest Known Correct Cost (2)     
                                                                   
._Z11transform32jj:              ._Z11transform32jj:               
xorq %rax, %rax                  movl %edi, %eax                   
sbbb %sil, %dil                  subl %esi, %eax                   
movzwq %di, %rdi                 retq                              
retq                                                               

********************************************************************************

Progress Update: 

Lowest Cost Discovered (74)     Lowest Known Correct Cost (2)     
                                                                  
._Z11transform32jj:             ._Z11transform32jj:               
xorq %rax, %rax                 movl %edi, %eax                   
movzwl %di, %edi                subl %esi, %eax                   
sbbw %si, %di                   retq                              
retq                                                              

********************************************************************************

Progress Update: 

Lowest Cost Discovered (66)     Lowest Known Correct Cost (2)     
                                                                  
._Z11transform32jj:             ._Z11transform32jj:               
xorq %rax, %rax                 movl %edi, %eax                   
sbbw %si, %di                   subl %esi, %eax                   
movzwq %di, %rax                retq                              
retq                                                              

********************************************************************************

Progress Update: 

Lowest Cost Discovered (11)     Lowest Known Correct Cost (2)     
                                                                  
._Z11transform32jj:             ._Z11transform32jj:               
subl %esi, %edi                 movl %edi, %eax                   
xorq %rax, %rax                 subl %esi, %eax                   
movzwq %di, %rax                retq                              
retq                                                              

********************************************************************************

Progress Update: 

Lowest Cost Discovered (10)     Lowest Known Correct Cost (2)     
                                                                  
._Z11transform32jj:             ._Z11transform32jj:               
xorq %rax, %rax                 movl %edi, %eax                   
sbbl %esi, %edi                 subl %esi, %eax                   
retq                            retq                              

********************************************************************************

Progress Update: 

Lowest Cost Discovered (3)     Lowest Known Correct Cost (2)     
                                                                 
._Z11transform32jj:            ._Z11transform32jj:               
xorq %rax, %rax                movl %edi, %eax                   
sbbl %esi, %edi                subl %esi, %eax                   
xorl %edi, %eax                retq                              
retq                                                             

********************************************************************************

Progress Update: 

Lowest Cost Discovered (2)     Lowest Known Correct Cost (2)     
                                                                 
._Z11transform32jj:            ._Z11transform32jj:               
movslq %edi, %rax              movl %edi, %eax                   
subl %esi, %eax                subl %esi, %eax                   
retq                           retq                              

********************************************************************************

Statistics Update: 

Iterations:                    100000
Elapsed Time:                  0.276756s
Iterations/s:                  361329

Starting cost:                 127
Lowest cost:                   2
Lowest correct cost:           2

Move Type       Proposed     Succeeded     Accepted     
                                                        
Add Nops        0%           0%            0%           
Delete          0%           0%            0%           
Instruction     14.424%      2.731%        0.629%       
Opcode          14.103%      6.46%         3.029%       
OpcodeWidth     14.141%      4.655%        2.793%       
Operand         14.439%      7.965%        4.48%        
Local Swap      14.34%       1.22%         0.958%       
Global Swap     14.195%      1.831%        1.474%       
Rotate          14.358%      2.161%        1.689%       
                                                        
Total           100%         27.023%       15.052%      

********************************************************************************

Statistics Update: 

Iterations:                    200000
Elapsed Time:                  0.54842s
Iterations/s:                  364684

Starting cost:                 127
Lowest cost:                   2
Lowest correct cost:           2

Move Type       Proposed     Succeeded     Accepted     
                                                        
Add Nops        0%           0%            0%           
Delete          0%           0%            0%           
Instruction     14.287%      2.7535%       0.6575%      
Opcode          14.18%       6.223%        2.774%       
OpcodeWidth     14.208%      4.711%        2.9095%      
Operand         14.325%      7.996%        4.548%       
Local Swap      14.2355%     1.158%        0.93%        
Global Swap     14.331%      1.7785%       1.4425%      
Rotate          14.4335%     2.107%        1.646%       
                                                        
Total           100%         26.727%       14.9075%     

********************************************************************************

Statistics Update: 

Iterations:                    300000
Elapsed Time:                  0.826565s
Iterations/s:                  362948

Starting cost:                 127
Lowest cost:                   2
Lowest correct cost:           2

Move Type       Proposed     Succeeded     Accepted      
                                                         
Add Nops        0%           0%            0%            
Delete          0%           0%            0%            
Instruction     14.289%      2.68933%      0.658333%     
Opcode          14.216%      6.15333%      2.715%        
OpcodeWidth     14.2033%     4.74333%      2.93033%      
Operand         14.2907%     7.93767%      4.56467%      
Local Swap      14.2183%     1.223%        0.924667%     
Global Swap     14.345%      1.89133%      1.43167%      
Rotate          14.4377%     2.21733%      1.616%        
                                                         
Total           100%         26.8553%      14.8407%      

********************************************************************************

Statistics Update: 

Iterations:                    400000
Elapsed Time:                  1.13546s
Iterations/s:                  352280

Starting cost:                 127
Lowest cost:                   2
Lowest correct cost:           2

Move Type       Proposed     Succeeded     Accepted     
                                                        
Add Nops        0%           0%            0%           
Delete          0%           0%            0%           
Instruction     14.3265%     2.5825%       0.70075%     
Opcode          14.1892%     6.05775%      2.70825%     
OpcodeWidth     14.2165%     4.779%        3.02825%     
Operand         14.272%      7.7735%       4.62575%     
Local Swap      14.249%      1.548%        0.9245%      
Global Swap     14.332%      2.41975%      1.43625%     
Rotate          14.4147%     2.7385%       1.62325%     
                                                        
Total           100%         27.899%       15.047%      

********************************************************************************

Statistics Update: 

Iterations:                    500000
Elapsed Time:                  1.44854s
Iterations/s:                  345175

Starting cost:                 127
Lowest cost:                   2
Lowest correct cost:           2

Move Type       Proposed     Succeeded     Accepted     
                                                        
Add Nops        0%           0%            0%           
Delete          0%           0%            0%           
Instruction     14.287%      2.4932%       0.7092%      
Opcode          14.2272%     6.0672%       2.742%       
OpcodeWidth     14.2122%     4.7978%       3.0702%      
Operand         14.2994%     7.6816%       4.6668%      
Local Swap      14.2308%     1.7468%       0.9244%      
Global Swap     14.3214%     2.7584%       1.4336%      
Rotate          14.422%      3.0664%       1.6334%      
                                                        
Total           100%         28.6114%      15.1796%     

********************************************************************************

Statistics Update: 

Iterations:                    600000
Elapsed Time:                  1.76137s
Iterations/s:                  340645

Starting cost:                 127
Lowest cost:                   2
Lowest correct cost:           2

Move Type       Proposed     Succeeded     Accepted      
                                                         
Add Nops        0%           0%            0%            
Delete          0%           0%            0%            
Instruction     14.2592%     2.4405%       0.719167%     
Opcode          14.254%      6.0185%       2.748%        
OpcodeWidth     14.2418%     4.83367%      3.12133%      
Operand         14.3018%     7.63867%      4.71483%      
Local Swap      14.2078%     1.89067%      0.936333%     
Global Swap     14.3105%     2.96517%      1.43517%      
Rotate          14.4248%     3.27083%      1.6475%       
                                                         
Total           100%         29.058%       15.3223%      

********************************************************************************

Statistics Update: 

Iterations:                    700000
Elapsed Time:                  2.07207s
Iterations/s:                  337826

Starting cost:                 127
Lowest cost:                   2
Lowest correct cost:           2

Move Type       Proposed     Succeeded     Accepted      
                                                         
Add Nops        0%           0%            0%            
Delete          0%           0%            0%            
Instruction     14.2443%     2.40186%      0.727286%     
Opcode          14.2339%     5.996%        2.75614%      
OpcodeWidth     14.2519%     4.85557%      3.15771%      
Operand         14.314%      7.60057%      4.73986%      
Local Swap      14.236%      1.987%        0.939143%     
Global Swap     14.3191%     3.111%        1.43271%      
Rotate          14.4009%     3.40771%      1.63486%      
                                                         
Total           100%         29.3597%      15.3877%      

********************************************************************************

Statistics Update: 

Iterations:                    800000
Elapsed Time:                  2.36525s
Iterations/s:                  338231

Starting cost:                 127
Lowest cost:                   2
Lowest correct cost:           2

Move Type       Proposed     Succeeded     Accepted      
                                                         
Add Nops        0%           0%            0%            
Delete          0%           0%            0%            
Instruction     14.2449%     2.42888%      0.719375%     
Opcode          14.224%      6.108%        2.84375%      
OpcodeWidth     14.2559%     4.86512%      3.14725%      
Operand         14.3181%     7.65125%      4.72163%      
Local Swap      14.2375%     1.93675%      0.932375%     
Global Swap     14.3156%     3.025%        1.43175%      
Rotate          14.404%      3.32587%      1.63013%      
                                                         
Total           100%         29.3409%      15.4262%      

********************************************************************************

Statistics Update: 

Iterations:                    900000
Elapsed Time:                  2.65564s
Iterations/s:                  338902

Starting cost:                 127
Lowest cost:                   2
Lowest correct cost:           2

Move Type       Proposed     Succeeded     Accepted      
                                                         
Add Nops        0%           0%            0%            
Delete          0%           0%            0%            
Instruction     14.2548%     2.46856%      0.712444%     
Opcode          14.2299%     6.35433%      3.06556%      
OpcodeWidth     14.2511%     4.80322%      3.06322%      
Operand         14.3238%     7.74222%      4.72478%      
Local Swap      14.223%      1.84489%      0.926556%     
Global Swap     14.3357%     2.89044%      1.43122%      
Rotate          14.3818%     3.188%        1.62767%      
                                                         
Total           100%         29.2917%      15.5514%      

********************************************************************************

Statistics Update: 

Iterations:                    1000000
Elapsed Time:                  2.92683s
Iterations/s:                  341666

Starting cost:                 127
Lowest cost:                   2
Lowest correct cost:           2

Move Type       Proposed     Succeeded     Accepted     
                                                        
Add Nops        0%           0%            0%           
Delete          0%           0%            0%           
Instruction     14.2493%     2.4967%       0.7033%      
Opcode          14.2466%     6.3448%       3.0261%      
OpcodeWidth     14.2356%     4.8045%       3.0517%      
Operand         14.3355%     7.7594%       4.7026%      
Local Swap      14.2388%     1.768%        0.917%       
Global Swap     14.3222%     2.7708%       1.4214%      
Rotate          14.372%      3.0736%       1.6224%      
                                                        
Total           100%         29.0178%      15.4445%     

********************************************************************************

Line no: 0 (0, 4)
Line no: 1 (0, 4)
Line no: 2 (0, 4)
Line no: 3 (0, 4)
Line no: 0 (0, 4)
Line no: 1 (0, 4)
Line no: 2 (0, 4)
Line no: 3 (0, 4)
Checking for leakage on path:

Line map: 4
Examining BB: 1
Instr at index 0, line 0: ._Z11transform32jj:
Leakage as of index 0: 1
Instr at index 1, line 1: movl %edi, %eax
Leakage as of index 1: 1
Instr at index 2, line 2: subl %esi, %eax
SUBL SRC: %esi = %rsi_INIT[31:0]
Checking leakage for constraint set 0
Found SAT
Checking leakage for constraint set 1
Found leakage
Leakage as of index 2: 0
Instr at index 3, line 3: retq
Leakage as of index 3: 0
Unable to discover a new correct rewrite before timing out... 

********************************************************************************

Restarting search
Running search (timeout is 1000000 iterations):

Progress Update: 

Lowest Cost Discovered (126)     Lowest Known Correct Cost (2)     
                                                                   
._Z11transform32jj:              ._Z11transform32jj:               
xorq %rax, %rax                  movl %edi, %eax                   
rorl $0x1, %esi                  subl %esi, %eax                   
retq                             retq                              

********************************************************************************

Progress Update: 

Lowest Cost Discovered (123)     Lowest Known Correct Cost (2)     
                                                                   
._Z11transform32jj:              ._Z11transform32jj:               
xorq %rax, %rax                  movl %edi, %eax                   
shrb $0x1, %sil                  subl %esi, %eax                   
shrl $0x1, %esi                  retq                              
retq                                                               

********************************************************************************

Progress Update: 

Lowest Cost Discovered (121)       Lowest Known Correct Cost (2)     
                                                                     
._Z11transform32jj:                ._Z11transform32jj:               
xorq %rax, %rax                    movl %edi, %eax                   
imull $0xfffffff9, %edi, %r11d     subl %esi, %eax                   
shrl $0x1, %esi                    retq                              
retq                                                                 

********************************************************************************

Progress Update: 

Lowest Cost Discovered (120)     Lowest Known Correct Cost (2)     
                                                                   
._Z11transform32jj:              ._Z11transform32jj:               
xorq %rax, %rax                  movl %edi, %eax                   
shrb $0xfa, %ah                  subl %esi, %eax                   
addl $0x5, %edi                  retq                              
retq                                                               

********************************************************************************

Progress Update: 

Lowest Cost Discovered (119)     Lowest Known Correct Cost (2)     
                                                                   
._Z11transform32jj:              ._Z11transform32jj:               
orl $0x5, %edi                   movl %edi, %eax                   
xorq %rax, %rax                  subl %esi, %eax                   
subb $0x10, %ah                  retq                              
retq                                                               

********************************************************************************

Progress Update: 

Lowest Cost Discovered (115)     Lowest Known Correct Cost (2)     
                                                                   
._Z11transform32jj:              ._Z11transform32jj:               
orl $0x5, %edi                   movl %edi, %eax                   
xorq %rax, %rax                  subl %esi, %eax                   
subb $0x4, %ah                   retq                              
retq                                                               

********************************************************************************

Progress Update: 

Lowest Cost Discovered (114)     Lowest Known Correct Cost (2)     
                                                                   
._Z11transform32jj:              ._Z11transform32jj:               
xorl $0x7, %edi                  movl %edi, %eax                   
xorq %rax, %rax                  subl %esi, %eax                   
subb $0x4, %ah                   retq                              
retq                                                               

********************************************************************************

Progress Update: 

Lowest Cost Discovered (113)     Lowest Known Correct Cost (2)     
                                                                   
._Z11transform32jj:              ._Z11transform32jj:               
xorl %eax, %eax                  movl %edi, %eax                   
xorl $0x6, %edi                  subl %esi, %eax                   
subb $0x7, %ah                   retq                              
retq                                                               

********************************************************************************

Progress Update: 

Lowest Cost Discovered (112)     Lowest Known Correct Cost (2)     
                                                                   
._Z11transform32jj:              ._Z11transform32jj:               
xorq %rax, %rax                  movl %edi, %eax                   
subb $0x4, %ah                   subl %esi, %eax                   
sbbl $0x1, %edi                  retq                              
retq                                                               

********************************************************************************

Progress Update: 

Lowest Cost Discovered (111)     Lowest Known Correct Cost (2)     
                                                                   
._Z11transform32jj:              ._Z11transform32jj:               
xorl %eax, %eax                  movl %edi, %eax                   
subb $0x3, %ah                   subl %esi, %eax                   
sbbl $0x1, %edi                  retq                              
retq                                                               

********************************************************************************

Progress Update: 

Lowest Cost Discovered (110)     Lowest Known Correct Cost (2)     
                                                                   
._Z11transform32jj:              ._Z11transform32jj:               
xorq %rax, %rax                  movl %edi, %eax                   
subb $0x3, %ah                   subl %esi, %eax                   
leaq (,%edi,4), %r11             retq                              
retq                                                               

********************************************************************************

Progress Update: 

Lowest Cost Discovered (109)     Lowest Known Correct Cost (2)     
                                                                   
._Z11transform32jj:              ._Z11transform32jj:               
xorl %eax, %eax                  movl %edi, %eax                   
orb $0xf9, %ah                   subl %esi, %eax                   
leaq -0x1(%esi,%eax,4), %r8      retq                              
retq                                                               

********************************************************************************

Progress Update: 

Lowest Cost Discovered (108)     Lowest Known Correct Cost (2)     
                                                                   
._Z11transform32jj:              ._Z11transform32jj:               
xorl %eax, %eax                  movl %edi, %eax                   
movb $0xf8, %ah                  subl %esi, %eax                   
leaq 0x5(%esi,%edi,4), %r8       retq                              
retq                                                               

********************************************************************************

Progress Update: 

Lowest Cost Discovered (107)     Lowest Known Correct Cost (2)     
                                                                   
._Z11transform32jj:              ._Z11transform32jj:               
xorl %eax, %eax                  movl %edi, %eax                   
orb $0xfc, %ah                   subl %esi, %eax                   
leal 0x5(%esi,%edi,4), %edi      retq                              
retq                                                               

********************************************************************************

Progress Update: 

Lowest Cost Discovered (106)     Lowest Known Correct Cost (2)     
                                                                   
._Z11transform32jj:              ._Z11transform32jj:               
xorq %rax, %rax                  movl %edi, %eax                   
leal 0x5(%esi,%edi,4), %ecx      subl %esi, %eax                   
movb $0xc0, %al                  retq                              
retq                                                               

********************************************************************************

Progress Update: 

Lowest Cost Discovered (100)     Lowest Known Correct Cost (2)     
                                                                   
._Z11transform32jj:              ._Z11transform32jj:               
xorq %rax, %rax                  movl %edi, %eax                   
leaq 0x5(%esi,%edi,4), %rcx      subl %esi, %eax                   
roll $0x3, %edi                  retq                              
retq                                                               

********************************************************************************

Progress Update: 

Lowest Cost Discovered (96)     Lowest Known Correct Cost (2)     
                                                                  
._Z11transform32jj:             ._Z11transform32jj:               
xorl %eax, %eax                 movl %edi, %eax                   
leaq 0x5(%esi,%edi,4), %rax     subl %esi, %eax                   
roll $0x3, %edi                 retq                              
retq                                                              

********************************************************************************

Progress Update: 

Lowest Cost Discovered (95)     Lowest Known Correct Cost (2)     
                                                                  
._Z11transform32jj:             ._Z11transform32jj:               
btrq %rdi, %rdi                 movl %edi, %eax                   
leal 0x5(%esi,%edi,4), %eax     subl %esi, %eax                   
roll $0x3, %edi                 retq                              
retq                                                              

********************************************************************************

Progress Update: 

Lowest Cost Discovered (94)     Lowest Known Correct Cost (2)     
                                                                  
._Z11transform32jj:             ._Z11transform32jj:               
leaq 0x5(%esi,%edi,4), %rax     movl %edi, %eax                   
salb $0x1, %dil                 subl %esi, %eax                   
roll $0x3, %edi                 retq                              
retq                                                              

********************************************************************************

Progress Update: 

Lowest Cost Discovered (93)     Lowest Known Correct Cost (2)     
                                                                  
._Z11transform32jj:             ._Z11transform32jj:               
leal 0x5(%esi,%edi,4), %eax     movl %edi, %eax                   
sall $0x3, %edi                 subl %esi, %eax                   
btcl $0xc0, %edi                retq                              
retq                                                              

********************************************************************************

Progress Update: 

Lowest Cost Discovered (90)     Lowest Known Correct Cost (2)     
                                                                  
._Z11transform32jj:             ._Z11transform32jj:               
xorl %edi, %esi                 movl %edi, %eax                   
leal 0x1(,%rdi,4), %eax         subl %esi, %eax                   
sall $0x3, %edi                 retq                              
retq                                                              

********************************************************************************

Progress Update: 

Lowest Cost Discovered (11)     Lowest Known Correct Cost (2)     
                                                                  
._Z11transform32jj:             ._Z11transform32jj:               
leal 0x1(,%rdi,4), %eax         movl %edi, %eax                   
xorq $0x20, %rax                subl %esi, %eax                   
sbbl %esi, %edi                 retq                              
retq                                                              

********************************************************************************

Progress Update: 

Lowest Cost Discovered (3)     Lowest Known Correct Cost (2)     
                                                                 
._Z11transform32jj:            ._Z11transform32jj:               
subl %esi, %edi                movl %edi, %eax                   
leal 0x8(,%rdi,1), %eax        subl %esi, %eax                   
addq $0xfffffff8, %rax         retq                              
retq                                                             

********************************************************************************

Progress Update: 

Lowest Cost Discovered (2)     Lowest Known Correct Cost (2)     
                                                                 
._Z11transform32jj:            ._Z11transform32jj:               
subl %esi, %edi                movl %edi, %eax                   
movl %edi, %eax                subl %esi, %eax                   
retq                           retq                              

********************************************************************************

Statistics Update: 

Iterations:                    100000
Elapsed Time:                  0.344067s
Iterations/s:                  290641

Starting cost:                 127
Lowest cost:                   2
Lowest correct cost:           2

Move Type       Proposed     Succeeded     Accepted     
                                                        
Add Nops        0%           0%            0%           
Delete          0%           0%            0%           
Instruction     14.261%      2.622%        0.488%       
Opcode          14.336%      7.004%        3.025%       
OpcodeWidth     14.165%      5.286%        3.099%       
Operand         14.257%      7.356%        3.891%       
Local Swap      14.528%      2.554%        0.985%       
Global Swap     14.264%      3.769%        1.465%       
Rotate          14.189%      3.916%        1.591%       
                                                        
Total           100%         32.507%       14.544%      

********************************************************************************

Statistics Update: 

Iterations:                    200000
Elapsed Time:                  0.655707s
Iterations/s:                  305014

Starting cost:                 127
Lowest cost:                   2
Lowest correct cost:           2

Move Type       Proposed     Succeeded     Accepted     
                                                        
Add Nops        0%           0%            0%           
Delete          0%           0%            0%           
Instruction     14.2885%     2.3845%       0.6235%      
Opcode          14.324%      6.4885%       2.9685%      
OpcodeWidth     14.2445%     5.1575%       3.2195%      
Operand         14.2655%     7.4095%       4.406%       
Local Swap      14.385%      2.5265%       0.95%        
Global Swap     14.276%      3.844%        1.4425%      
Rotate          14.2165%     4.072%        1.641%       
                                                        
Total           100%         31.8825%      15.251%      

********************************************************************************

Statistics Update: 

Iterations:                    300000
Elapsed Time:                  0.954321s
Iterations/s:                  314360

Starting cost:                 127
Lowest cost:                   2
Lowest correct cost:           2

Move Type       Proposed     Succeeded     Accepted      
                                                         
Add Nops        0%           0%            0%            
Delete          0%           0%            0%            
Instruction     14.233%      2.42067%      0.644333%     
Opcode          14.325%      6.47433%      3.02%         
OpcodeWidth     14.258%      4.99667%      3.12%         
Operand         14.259%      7.55%         4.555%        
Local Swap      14.3747%     2.33567%      0.934667%     
Global Swap     14.246%      3.57267%      1.44533%      
Rotate          14.3043%     3.84367%      1.65067%      
                                                         
Total           100%         31.1937%      15.37%        

********************************************************************************

Statistics Update: 

Iterations:                    400000
Elapsed Time:                  1.22938s
Iterations/s:                  325367

Starting cost:                 127
Lowest cost:                   2
Lowest correct cost:           2

Move Type       Proposed     Succeeded     Accepted     
                                                        
Add Nops        0%           0%            0%           
Delete          0%           0%            0%           
Instruction     14.2485%     2.481%        0.6475%      
Opcode          14.2907%     6.541%        3.07875%     
OpcodeWidth     14.3038%     4.92725%      3.0415%      
Operand         14.2312%     7.6565%       4.55225%     
Local Swap      14.3347%     2.02825%      0.928%       
Global Swap     14.2837%     3.114%        1.4355%      
Rotate          14.3072%     3.3915%       1.64575%     
                                                        
Total           100%         30.1395%      15.3293%     

********************************************************************************

Statistics Update: 

Iterations:                    500000
Elapsed Time:                  1.50708s
Iterations/s:                  331768

Starting cost:                 127
Lowest cost:                   2
Lowest correct cost:           2

Move Type       Proposed     Succeeded     Accepted     
                                                        
Add Nops        0%           0%            0%           
Delete          0%           0%            0%           
Instruction     14.274%      2.5262%       0.64%        
Opcode          14.2844%     6.5678%       3.1124%      
OpcodeWidth     14.2874%     4.8668%       2.9868%      
Operand         14.23%       7.752%        4.576%       
Local Swap      14.324%      1.8528%       0.9316%      
Global Swap     14.2972%     2.8556%       1.4526%      
Rotate          14.303%      3.1418%       1.656%       
                                                        
Total           100%         29.563%       15.3554%     

********************************************************************************

Statistics Update: 

Iterations:                    600000
Elapsed Time:                  1.79321s
Iterations/s:                  334596

Starting cost:                 127
Lowest cost:                   2
Lowest correct cost:           2

Move Type       Proposed     Succeeded     Accepted      
                                                         
Add Nops        0%           0%            0%            
Delete          0%           0%            0%            
Instruction     14.2417%     2.55317%      0.6365%       
Opcode          14.3103%     6.67033%      3.187%        
OpcodeWidth     14.2733%     4.8595%       2.979%        
Operand         14.2523%     7.8455%       4.59133%      
Local Swap      14.3017%     1.73017%      0.921167%     
Global Swap     14.3123%     2.6905%       1.4565%       
Rotate          14.3083%     2.98483%      1.661%        
                                                         
Total           100%         29.334%       15.4325%      

********************************************************************************

Statistics Update: 

Iterations:                    700000
Elapsed Time:                  2.08256s
Iterations/s:                  336124

Starting cost:                 127
Lowest cost:                   2
Lowest correct cost:           2

Move Type       Proposed     Succeeded     Accepted      
                                                         
Add Nops        0%           0%            0%            
Delete          0%           0%            0%            
Instruction     14.242%      2.57614%      0.638857%     
Opcode          14.2921%     6.95929%      3.49929%      
OpcodeWidth     14.2693%     4.73829%      2.87443%      
Operand         14.2597%     7.95229%      4.61329%      
Local Swap      14.3233%     1.64586%      0.916429%     
Global Swap     14.2939%     2.56029%      1.44229%      
Rotate          14.3197%     2.84943%      1.643%        
                                                         
Total           100%         29.2816%      15.6276%      

********************************************************************************

Statistics Update: 

Iterations:                    800000
Elapsed Time:                  2.36372s
Iterations/s:                  338449

Starting cost:                 127
Lowest cost:                   2
Lowest correct cost:           2

Move Type       Proposed     Succeeded     Accepted     
                                                        
Add Nops        0%           0%            0%           
Delete          0%           0%            0%           
Instruction     14.2387%     2.59488%      0.6475%      
Opcode          14.2999%     7.01412%      3.56363%     
OpcodeWidth     14.2622%     4.693%        2.83213%     
Operand         14.2639%     7.991%        4.62437%     
Local Swap      14.3119%     1.57775%      0.90875%     
Global Swap     14.3003%     2.46475%      1.43375%     
Rotate          14.3231%     2.754%        1.63363%     
                                                        
Total           100%         29.0895%      15.6438%     

********************************************************************************

Statistics Update: 

Iterations:                    900000
Elapsed Time:                  2.63515s
Iterations/s:                  341536

Starting cost:                 127
Lowest cost:                   2
Lowest correct cost:           2

Move Type       Proposed     Succeeded     Accepted      
                                                         
Add Nops        0%           0%            0%            
Delete          0%           0%            0%            
Instruction     14.2797%     2.62567%      0.655667%     
Opcode          14.2976%     6.90622%      3.45367%      
OpcodeWidth     14.255%      4.70711%      2.85678%      
Operand         14.2406%     7.96611%      4.59789%      
Local Swap      14.3132%     1.52933%      0.910222%     
Global Swap     14.2876%     2.38544%      1.42989%      
Rotate          14.3264%     2.68367%      1.63556%      
                                                         
Total           100%         28.8036%      15.5397%      

********************************************************************************

Statistics Update: 

Iterations:                    1000000
Elapsed Time:                  2.90415s
Iterations/s:                  344335

Starting cost:                 127
Lowest cost:                   2
Lowest correct cost:           2

Move Type       Proposed     Succeeded     Accepted     
                                                        
Add Nops        0%           0%            0%           
Delete          0%           0%            0%           
Instruction     14.2745%     2.6351%       0.6522%      
Opcode          14.2973%     6.8108%       3.3583%      
OpcodeWidth     14.2441%     4.7197%       2.8643%      
Operand         14.251%      7.9683%       4.5828%      
Local Swap      14.3073%     1.4847%       0.9036%      
Global Swap     14.2943%     2.3214%       1.4218%      
Rotate          14.3315%     2.6146%       1.6222%      
                                                        
Total           100%         28.5546%      15.4052%     

********************************************************************************

Line no: 0 (0, 4)
Line no: 1 (0, 4)
Line no: 2 (0, 4)
Line no: 3 (0, 4)
Line no: 0 (0, 4)
Line no: 1 (0, 4)
Line no: 2 (0, 4)
Line no: 3 (0, 4)
Checking for leakage on path:

Line map: 4
Examining BB: 1
Instr at index 0, line 0: ._Z11transform32jj:
Leakage as of index 0: 1
Instr at index 1, line 1: movl %edi, %eax
Leakage as of index 1: 1
Instr at index 2, line 2: subl %esi, %eax
SUBL SRC: %esi = %rsi_INIT[31:0]
Checking leakage for constraint set 0
Found SAT
Checking leakage for constraint set 1
Found leakage
Leakage as of index 2: 0
Instr at index 3, line 3: retq
Leakage as of index 3: 0
Unable to discover a new correct rewrite before timing out... 

********************************************************************************

Restarting search
Running search (timeout is 1000000 iterations):

Progress Update: 

Lowest Cost Discovered (123)     Lowest Known Correct Cost (2)     
                                                                   
._Z11transform32jj:              ._Z11transform32jj:               
shrq $0xf0, %rdi                 movl %edi, %eax                   
xorq %rax, %rax                  subl %esi, %eax                   
retq                             retq                              

********************************************************************************

Progress Update: 

Lowest Cost Discovered (122)     Lowest Known Correct Cost (2)     
                                                                   
._Z11transform32jj:              ._Z11transform32jj:               
shrq $0x20, %rdi                 movl %edi, %eax                   
xorq %rax, %rax                  subl %esi, %eax                   
retq                             retq                              

********************************************************************************

Progress Update: 

Lowest Cost Discovered (121)     Lowest Known Correct Cost (2)     
                                                                   
._Z11transform32jj:              ._Z11transform32jj:               
shrq $0x20, %rdi                 movl %edi, %eax                   
movzbq %sil, %r8                 subl %esi, %eax                   
xorq %rax, %rax                  retq                              
retq                                                               

********************************************************************************

Progress Update: 

Lowest Cost Discovered (120)     Lowest Known Correct Cost (2)     
                                                                   
._Z11transform32jj:              ._Z11transform32jj:               
xorq %rax, %rax                  movl %edi, %eax                   
movzbq %sil, %rdi                subl %esi, %eax                   
andl %esi, %esi                  retq                              
retq                                                               

********************************************************************************

Progress Update: 

Lowest Cost Discovered (118)     Lowest Known Correct Cost (2)     
                                                                   
._Z11transform32jj:              ._Z11transform32jj:               
movzbq %sil, %rdi                movl %edi, %eax                   
xorq %rax, %rax                  subl %esi, %eax                   
adcl %esi, %esi                  retq                              
retq                                                               

********************************************************************************

Progress Update: 

Lowest Cost Discovered (117)     Lowest Known Correct Cost (2)     
                                                                   
._Z11transform32jj:              ._Z11transform32jj:               
movzbl %sil, %edx                movl %edi, %eax                   
sarl $0x1, %edi                  subl %esi, %eax                   
xorq %rax, %rax                  retq                              
retq                                                               

********************************************************************************

Progress Update: 

Lowest Cost Discovered (115)     Lowest Known Correct Cost (2)     
                                                                   
._Z11transform32jj:              ._Z11transform32jj:               
addl $0x5, %edi                  movl %edi, %eax                   
xorq %rax, %rax                  subl %esi, %eax                   
addb $0xf9, %ah                  retq                              
retq                                                               

********************************************************************************

Progress Update: 

Lowest Cost Discovered (114)     Lowest Known Correct Cost (2)     
                                                                   
._Z11transform32jj:              ._Z11transform32jj:               
xorl %eax, %eax                  movl %edi, %eax                   
subl $0xfffffffc, %edi           subl %esi, %eax                   
addq $0xf0, %rax                 retq                              
retq                                                               

********************************************************************************

Progress Update: 

Lowest Cost Discovered (111)     Lowest Known Correct Cost (2)     
                                                                   
._Z11transform32jj:              ._Z11transform32jj:               
xorq %rax, %rax                  movl %edi, %eax                   
incq %rax                        subl %esi, %eax                   
addb $0xf0, %al                  retq                              
retq                                                               

********************************************************************************

Progress Update: 

Lowest Cost Discovered (107)     Lowest Known Correct Cost (2)     
                                                                   
._Z11transform32jj:              ._Z11transform32jj:               
xorq %rax, %rax                  movl %edi, %eax                   
xorb $0xf0, %al                  subl %esi, %eax                   
leaq -0x3(%eax,%edi,8), %r8      retq                              
retq                                                               

********************************************************************************

Progress Update: 

Lowest Cost Discovered (104)      Lowest Known Correct Cost (2)     
                                                                    
._Z11transform32jj:               ._Z11transform32jj:               
xorq %rax, %rax                   movl %edi, %eax                   
decl %edi                         subl %esi, %eax                   
leal -0x3(%eax,%edi,8), %r11d     retq                              
retq                                                                

********************************************************************************

Progress Update: 

Lowest Cost Discovered (102)     Lowest Known Correct Cost (2)     
                                                                   
._Z11transform32jj:              ._Z11transform32jj:               
decl %edi                        movl %edi, %eax                   
xorq %rax, %rax                  subl %esi, %eax                   
leal -0x3(%eax,%edi,8), %eax     retq                              
retq                                                               

********************************************************************************

Progress Update: 

Lowest Cost Discovered (11)      Lowest Known Correct Cost (2)     
                                                                   
._Z11transform32jj:              ._Z11transform32jj:               
xorl %eax, %eax                  movl %edi, %eax                   
leal -0x3(%eax,%edi,8), %edx     subl %esi, %eax                   
sbbl %esi, %edi                  retq                              
retq                                                               

********************************************************************************

Progress Update: 

Lowest Cost Discovered (3)     Lowest Known Correct Cost (2)     
                                                                 
._Z11transform32jj:            ._Z11transform32jj:               
subl %esi, %edi                movl %edi, %eax                   
movq $0x8, %rax                subl %esi, %eax                   
xchgl %edi, %eax               retq                              
retq                                                             

********************************************************************************

Progress Update: 

Lowest Cost Discovered (2)     Lowest Known Correct Cost (2)     
                                                                 
._Z11transform32jj:            ._Z11transform32jj:               
subl %esi, %edi                movl %edi, %eax                   
movq %rdi, %rax                subl %esi, %eax                   
retq                           retq                              

********************************************************************************

Statistics Update: 

Iterations:                    100000
Elapsed Time:                  0.313395s
Iterations/s:                  319086

Starting cost:                 127
Lowest cost:                   2
Lowest correct cost:           2

Move Type       Proposed     Succeeded     Accepted     
                                                        
Add Nops        0%           0%            0%           
Delete          0%           0%            0%           
Instruction     14.348%      2.286%        0.732%       
Opcode          14.294%      5.982%        2.707%       
OpcodeWidth     14.199%      4.978%        3.265%       
Operand         14.307%      7.263%        4.682%       
Local Swap      14.356%      2.502%        1.063%       
Global Swap     14.464%      3.9%          1.69%        
Rotate          14.032%      4.085%        1.849%       
                                                        
Total           100%         30.996%       15.988%      

********************************************************************************

Statistics Update: 

Iterations:                    200000
Elapsed Time:                  0.624856s
Iterations/s:                  320074

Starting cost:                 127
Lowest cost:                   2
Lowest correct cost:           2

Move Type       Proposed     Succeeded     Accepted     
                                                        
Add Nops        0%           0%            0%           
Delete          0%           0%            0%           
Instruction     14.2535%     2.2605%       0.765%       
Opcode          14.2635%     5.894%        2.715%       
OpcodeWidth     14.2955%     4.927%        3.281%       
Operand         14.2915%     7.285%        4.7685%      
Local Swap      14.2705%     2.582%        1.015%       
Global Swap     14.3345%     3.977%        1.5885%      
Rotate          14.291%      4.245%        1.8055%      
                                                        
Total           100%         31.1705%      15.9385%     

********************************************************************************

Statistics Update: 

Iterations:                    300000
Elapsed Time:                  0.931922s
Iterations/s:                  321915

Starting cost:                 127
Lowest cost:                   2
Lowest correct cost:           2

Move Type       Proposed     Succeeded     Accepted      
                                                         
Add Nops        0%           0%            0%            
Delete          0%           0%            0%            
Instruction     14.2813%     2.24333%      0.771333%     
Opcode          14.253%      5.87%         2.717%        
OpcodeWidth     14.271%      4.87733%      3.245%        
Operand         14.2967%     7.27133%      4.75233%      
Local Swap      14.2853%     2.585%        1.001%        
Global Swap     14.358%      3.98267%      1.53967%      
Rotate          14.2547%     4.24%         1.76867%      
                                                         
Total           100%         31.0697%      15.795%       

********************************************************************************

Statistics Update: 

Iterations:                    400000
Elapsed Time:                  1.23954s
Iterations/s:                  322701

Starting cost:                 127
Lowest cost:                   2
Lowest correct cost:           2

Move Type       Proposed     Succeeded     Accepted     
                                                        
Add Nops        0%           0%            0%           
Delete          0%           0%            0%           
Instruction     14.2647%     2.22975%      0.77025%     
Opcode          14.2495%     5.88075%      2.74625%     
OpcodeWidth     14.2617%     4.85425%      3.23575%     
Operand         14.2903%     7.25125%      4.75025%     
Local Swap      14.3195%     2.585%        0.98325%     
Global Swap     14.3372%     3.971%        1.5105%      
Rotate          14.277%      4.25875%      1.738%       
                                                        
Total           100%         31.0308%      15.7342%     

********************************************************************************

Statistics Update: 

Iterations:                    500000
Elapsed Time:                  1.56775s
Iterations/s:                  318928

Starting cost:                 127
Lowest cost:                   2
Lowest correct cost:           2

Move Type       Proposed     Succeeded     Accepted     
                                                        
Add Nops        0%           0%            0%           
Delete          0%           0%            0%           
Instruction     14.2596%     2.2654%       0.7036%      
Opcode          14.276%      6.2942%       2.9798%      
OpcodeWidth     14.2352%     5.016%        3.3108%      
Operand         14.2656%     7.339%        4.7112%      
Local Swap      14.3056%     2.5428%       0.9746%      
Global Swap     14.342%      3.9276%       1.5044%      
Rotate          14.316%      4.2166%       1.722%       
                                                        
Total           100%         31.6016%      15.9064%     

********************************************************************************

Statistics Update: 

Iterations:                    600000
Elapsed Time:                  1.88427s
Iterations/s:                  318426

Starting cost:                 127
Lowest cost:                   2
Lowest correct cost:           2

Move Type       Proposed     Succeeded     Accepted      
                                                         
Add Nops        0%           0%            0%            
Delete          0%           0%            0%            
Instruction     14.2258%     2.25183%      0.716333%     
Opcode          14.2662%     6.29467%      3.01717%      
OpcodeWidth     14.2668%     5.0595%       3.356%        
Operand         14.27%       7.36667%      4.73433%      
Local Swap      14.3045%     2.54483%      0.956167%     
Global Swap     14.3403%     3.94583%      1.47833%      
Rotate          14.3263%     4.22567%      1.69567%      
                                                         
Total           100%         31.689%       15.954%       

********************************************************************************

Statistics Update: 

Iterations:                    700000
Elapsed Time:                  2.1971s
Iterations/s:                  318602

Starting cost:                 127
Lowest cost:                   2
Lowest correct cost:           2

Move Type       Proposed     Succeeded     Accepted      
                                                         
Add Nops        0%           0%            0%            
Delete          0%           0%            0%            
Instruction     14.216%      2.23414%      0.719286%     
Opcode          14.2489%     6.23857%      2.99286%      
OpcodeWidth     14.2784%     5.04329%      3.34529%      
Operand         14.2887%     7.37871%      4.75629%      
Local Swap      14.3003%     2.55486%      0.958429%     
Global Swap     14.3473%     3.97129%      1.47671%      
Rotate          14.3204%     4.23871%      1.69386%      
                                                         
Total           100%         31.6596%      15.9427%      

********************************************************************************

Statistics Update: 

Iterations:                    800000
Elapsed Time:                  2.50521s
Iterations/s:                  319335

Starting cost:                 127
Lowest cost:                   2
Lowest correct cost:           2

Move Type       Proposed     Succeeded     Accepted      
                                                         
Add Nops        0%           0%            0%            
Delete          0%           0%            0%            
Instruction     14.2508%     2.25137%      0.70525%      
Opcode          14.2495%     6.2605%       2.97662%      
OpcodeWidth     14.282%      5.02625%      3.3125%       
Operand         14.2721%     7.38087%      4.75%         
Local Swap      14.2926%     2.53788%      0.962875%     
Global Swap     14.3134%     3.93925%      1.477%        
Rotate          14.3396%     4.21325%      1.6945%       
                                                         
Total           100%         31.6094%      15.8788%      

********************************************************************************

Statistics Update: 

Iterations:                    900000
Elapsed Time:                  2.81635s
Iterations/s:                  319563

Starting cost:                 127
Lowest cost:                   2
Lowest correct cost:           2

Move Type       Proposed     Succeeded     Accepted      
                                                         
Add Nops        0%           0%            0%            
Delete          0%           0%            0%            
Instruction     14.2529%     2.24078%      0.711444%     
Opcode          14.2779%     6.23511%      2.96433%      
OpcodeWidth     14.2888%     4.99856%      3.29944%      
Operand         14.2419%     7.35433%      4.74778%      
Local Swap      14.3082%     2.54878%      0.959222%     
Global Swap     14.2848%     3.94422%      1.47144%      
Rotate          14.3456%     4.23933%      1.69378%      
                                                         
Total           100%         31.5611%      15.8474%      

********************************************************************************

Statistics Update: 

Iterations:                    1000000
Elapsed Time:                  3.12718s
Iterations/s:                  319776

Starting cost:                 127
Lowest cost:                   2
Lowest correct cost:           2

Move Type       Proposed     Succeeded     Accepted     
                                                        
Add Nops        0%           0%            0%           
Delete          0%           0%            0%           
Instruction     14.2406%     2.2353%       0.715%       
Opcode          14.2908%     6.2127%       2.9546%      
OpcodeWidth     14.2892%     4.9903%       3.3021%      
Operand         14.2473%     7.352%        4.7606%      
Local Swap      14.3129%     2.5558%       0.9604%      
Global Swap     14.2793%     3.9466%       1.466%       
Rotate          14.3399%     4.2416%       1.69%        
                                                        
Total           100%         31.5343%      15.8487%     

********************************************************************************

Line no: 0 (0, 4)
Line no: 1 (0, 4)
Line no: 2 (0, 4)
Line no: 3 (0, 4)
Line no: 0 (0, 4)
Line no: 1 (0, 4)
Line no: 2 (0, 4)
Line no: 3 (0, 4)
Checking for leakage on path:

Line map: 4
Examining BB: 1
Instr at index 0, line 0: ._Z11transform32jj:
Leakage as of index 0: 1
Instr at index 1, line 1: movl %edi, %eax
Leakage as of index 1: 1
Instr at index 2, line 2: subl %esi, %eax
SUBL SRC: %esi = %rsi_INIT[31:0]
Checking leakage for constraint set 0
Found SAT
Checking leakage for constraint set 1
Found leakage
Leakage as of index 2: 0
Instr at index 3, line 3: retq
Leakage as of index 3: 0
Unable to discover a new correct rewrite before timing out... 

********************************************************************************

Restarting search
Running search (timeout is 1000000 iterations):

Progress Update: 

Lowest Cost Discovered (123)     Lowest Known Correct Cost (2)     
                                                                   
._Z11transform32jj:              ._Z11transform32jj:               
xorq %rax, %rax                  movl %edi, %eax                   
notb %al                         subl %esi, %eax                   
andw %si, %di                    retq                              
retq                                                               

********************************************************************************

Progress Update: 

Lowest Cost Discovered (117)     Lowest Known Correct Cost (2)     
                                                                   
._Z11transform32jj:              ._Z11transform32jj:               
xorl %eax, %eax                  movl %edi, %eax                   
notb %al                         subl %esi, %eax                   
addl %edi, %edi                  retq                              
retq                                                               

********************************************************************************

Progress Update: 

Lowest Cost Discovered (116)     Lowest Known Correct Cost (2)     
                                                                   
._Z11transform32jj:              ._Z11transform32jj:               
xorq %rax, %rax                  movl %edi, %eax                   
sbbl %eax, %edi                  subl %esi, %eax                   
setnc %al                        retq                              
retq                                                               

********************************************************************************

Progress Update: 

Lowest Cost Discovered (112)     Lowest Known Correct Cost (2)     
                                                                   
._Z11transform32jj:              ._Z11transform32jj:               
xorq %rax, %rax                  movl %edi, %eax                   
setns %al                        subl %esi, %eax                   
imull %edi, %edi                 retq                              
retq                                                               

********************************************************************************

Progress Update: 

Lowest Cost Discovered (111)     Lowest Known Correct Cost (2)     
                                                                   
._Z11transform32jj:              ._Z11transform32jj:               
imull %edi, %edi                 movl %edi, %eax                   
xorq %rax, %rax                  subl %esi, %eax                   
movzwq %di, %r8                  retq                              
retq                                                               

********************************************************************************

Progress Update: 

Lowest Cost Discovered (110)     Lowest Known Correct Cost (2)     
                                                                   
._Z11transform32jj:              ._Z11transform32jj:               
xorq %rax, %rax                  movl %edi, %eax                   
movzwq %di, %rsi                 subl %esi, %eax                   
imull %esi, %edi                 retq                              
retq                                                               

********************************************************************************

Progress Update: 

Lowest Cost Discovered (106)     Lowest Known Correct Cost (2)     
                                                                   
._Z11transform32jj:              ._Z11transform32jj:               
movzwl %di, %esi                 movl %edi, %eax                   
xorq %rax, %rax                  subl %esi, %eax                   
imull %esi, %esi                 retq                              
retq                                                               

********************************************************************************

Progress Update: 

Lowest Cost Discovered (105)     Lowest Known Correct Cost (2)     
                                                                   
._Z11transform32jj:              ._Z11transform32jj:               
movzwq %di, %rsi                 movl %edi, %eax                   
movzbl %dil, %eax                subl %esi, %eax                   
imull %esi, %esi                 retq                              
retq                                                               

********************************************************************************

Progress Update: 

Lowest Cost Discovered (104)     Lowest Known Correct Cost (2)     
                                                                   
._Z11transform32jj:              ._Z11transform32jj:               
movswl %di, %eax                 movl %edi, %eax                   
movzwq %di, %r10                 subl %esi, %eax                   
imulq %r10, %r10                 retq                              
retq                                                               

********************************************************************************

Progress Update: 

Lowest Cost Discovered (101)     Lowest Known Correct Cost (2)     
                                                                   
._Z11transform32jj:              ._Z11transform32jj:               
movzwq %di, %r10                 movl %edi, %eax                   
movzwq %di, %rax                 subl %esi, %eax                   
imull %r10d, %r10d               retq                              
retq                                                               

********************************************************************************

Progress Update: 

Lowest Cost Discovered (99)     Lowest Known Correct Cost (2)     
                                                                  
._Z11transform32jj:             ._Z11transform32jj:               
movzwq %di, %rax                movl %edi, %eax                   
movzwl %di, %r10d               subl %esi, %eax                   
imull %eax, %eax                retq                              
retq                                                              

********************************************************************************

Progress Update: 

Lowest Cost Discovered (98)     Lowest Known Correct Cost (2)     
                                                                  
._Z11transform32jj:             ._Z11transform32jj:               
movzwq %di, %rax                movl %edi, %eax                   
imulq %rax, %rax                subl %esi, %eax                   
movzwq %ax, %rsi                retq                              
retq                                                              

********************************************************************************

Progress Update: 

Lowest Cost Discovered (94)     Lowest Known Correct Cost (2)     
                                                                  
._Z11transform32jj:             ._Z11transform32jj:               
movzwl %di, %eax                movl %edi, %eax                   
crc32w %ax, %esi                subl %esi, %eax                   
imulq %rax, %rax                retq                              
retq                                                              

********************************************************************************

Progress Update: 

Lowest Cost Discovered (92)     Lowest Known Correct Cost (2)     
                                                                  
._Z11transform32jj:             ._Z11transform32jj:               
movzwl %di, %eax                movl %edi, %eax                   
leal -0x7(,%rsi,4), %r11d       subl %esi, %eax                   
imull %eax, %eax                retq                              
retq                                                              

********************************************************************************

Progress Update: 

Lowest Cost Discovered (11)     Lowest Known Correct Cost (2)     
                                                                  
._Z11transform32jj:             ._Z11transform32jj:               
leal 0x5(,%rsi,4), %r11d        movl %edi, %eax                   
movzwq %di, %rax                subl %esi, %eax                   
subl %esi, %edi                 retq                              
retq                                                              

********************************************************************************

Progress Update: 

Lowest Cost Discovered (3)         Lowest Known Correct Cost (2)     
                                                                     
._Z11transform32jj:                ._Z11transform32jj:               
movq $0xffffffffffffffe0, %rax     movl %edi, %eax                   
subl %esi, %edi                    subl %esi, %eax                   
xchgq %rdi, %rax                   retq                              
retq                                                                 

********************************************************************************

Progress Update: 

Lowest Cost Discovered (2)     Lowest Known Correct Cost (2)     
                                                                 
._Z11transform32jj:            ._Z11transform32jj:               
subl %esi, %edi                movl %edi, %eax                   
movq %rdi, %rax                subl %esi, %eax                   
retq                           retq                              

********************************************************************************

Statistics Update: 

Iterations:                    100000
Elapsed Time:                  0.367901s
Iterations/s:                  271813

Starting cost:                 127
Lowest cost:                   2
Lowest correct cost:           2

Move Type       Proposed     Succeeded     Accepted     
                                                        
Add Nops        0%           0%            0%           
Delete          0%           0%            0%           
Instruction     14.036%      2.332%        0.294%       
Opcode          14.445%      7.187%        2.495%       
OpcodeWidth     14.313%      7.112%        5.007%       
Operand         14.208%      6.994%        3.406%       
Local Swap      14.369%      2.696%        1.319%       
Global Swap     14.178%      4.239%        2.038%       
Rotate          14.451%      4.52%         2.499%       
                                                        
Total           100%         35.08%        17.058%      

********************************************************************************

Statistics Update: 

Iterations:                    200000
Elapsed Time:                  0.681344s
Iterations/s:                  293537

Starting cost:                 127
Lowest cost:                   2
Lowest correct cost:           2

Move Type       Proposed     Succeeded     Accepted     
                                                        
Add Nops        0%           0%            0%           
Delete          0%           0%            0%           
Instruction     14.143%      2.2775%       0.539%       
Opcode          14.307%      6.51%         2.612%       
OpcodeWidth     14.35%       6.0285%       4.2015%      
Operand         14.27%       7.1755%       4.094%       
Local Swap      14.414%      2.7255%       1.164%       
Global Swap     14.198%      4.1925%       1.7955%      
Rotate          14.318%      4.438%        2.1235%      
                                                        
Total           100%         33.3475%      16.5295%     

********************************************************************************

Statistics Update: 

Iterations:                    300000
Elapsed Time:                  0.99254s
Iterations/s:                  302255

Starting cost:                 127
Lowest cost:                   2
Lowest correct cost:           2

Move Type       Proposed     Succeeded     Accepted     
                                                        
Add Nops        0%           0%            0%           
Delete          0%           0%            0%           
Instruction     14.121%      2.241%        0.608%       
Opcode          14.3413%     6.36%         2.683%       
OpcodeWidth     14.2973%     5.674%        3.887%       
Operand         14.3053%     7.232%        4.349%       
Local Swap      14.425%      2.679%        1.08933%     
Global Swap     14.219%      4.12567%      1.67967%     
Rotate          14.291%      4.38567%      1.967%       
                                                        
Total           100%         32.6973%      16.263%      

********************************************************************************

Statistics Update: 

Iterations:                    400000
Elapsed Time:                  1.30096s
Iterations/s:                  307465

Starting cost:                 127
Lowest cost:                   2
Lowest correct cost:           2

Move Type       Proposed     Succeeded     Accepted     
                                                        
Add Nops        0%           0%            0%           
Delete          0%           0%            0%           
Instruction     14.1802%     2.24225%      0.635%       
Opcode          14.3085%     6.32%         2.72075%     
OpcodeWidth     14.302%      5.48675%      3.73725%     
Operand         14.3138%     7.2415%       4.44%        
Local Swap      14.385%      2.621%        1.04875%     
Global Swap     14.2108%     4.05825%      1.6455%      
Rotate          14.2997%     4.32875%      1.90825%     
                                                        
Total           100%         32.2985%      16.1355%     

********************************************************************************

Statistics Update: 

Iterations:                    500000
Elapsed Time:                  1.60683s
Iterations/s:                  311173

Starting cost:                 127
Lowest cost:                   2
Lowest correct cost:           2

Move Type       Proposed     Succeeded     Accepted     
                                                        
Add Nops        0%           0%            0%           
Delete          0%           0%            0%           
Instruction     14.2104%     2.247%        0.6556%      
Opcode          14.2924%     6.2138%       2.7066%      
OpcodeWidth     14.3134%     5.3582%       3.6302%      
Operand         14.2938%     7.1922%       4.4826%      
Local Swap      14.3504%     2.6196%       1.028%       
Global Swap     14.263%      4.061%        1.6216%      
Rotate          14.2766%     4.3174%       1.862%       
                                                        
Total           100%         32.0092%      15.9866%     

********************************************************************************

Statistics Update: 

Iterations:                    600000
Elapsed Time:                  1.8889s
Iterations/s:                  317645

Starting cost:                 127
Lowest cost:                   2
Lowest correct cost:           2

Move Type       Proposed     Succeeded     Accepted      
                                                         
Add Nops        0%           0%            0%            
Delete          0%           0%            0%            
Instruction     14.2182%     2.31283%      0.669667%     
Opcode          14.2793%     6.17133%      2.6795%       
OpcodeWidth     14.3202%     5.2755%       3.53617%      
Operand         14.3003%     7.286%        4.504%        
Local Swap      14.3562%     2.43467%      1.006%        
Global Swap     14.2545%     3.78633%      1.58533%      
Rotate          14.2713%     4.048%        1.81883%      
                                                         
Total           100%         31.3147%      15.7995%      

********************************************************************************

Statistics Update: 

Iterations:                    700000
Elapsed Time:                  2.17083s
Iterations/s:                  322458

Starting cost:                 127
Lowest cost:                   2
Lowest correct cost:           2

Move Type       Proposed     Succeeded     Accepted      
                                                         
Add Nops        0%           0%            0%            
Delete          0%           0%            0%            
Instruction     14.214%      2.37243%      0.667143%     
Opcode          14.3044%     6.41229%      2.90743%      
OpcodeWidth     14.2937%     5.12986%      3.38871%      
Operand         14.289%      7.41043%      4.52086%      
Local Swap      14.3569%     2.25457%      0.999429%     
Global Swap     14.253%      3.49086%      1.55643%      
Rotate          14.289%      3.76857%      1.79286%      
                                                         
Total           100%         30.839%       15.8329%      

********************************************************************************

Statistics Update: 

Iterations:                    800000
Elapsed Time:                  2.45341s
Iterations/s:                  326077

Starting cost:                 127
Lowest cost:                   2
Lowest correct cost:           2

Move Type       Proposed     Succeeded     Accepted      
                                                         
Add Nops        0%           0%            0%            
Delete          0%           0%            0%            
Instruction     14.2089%     2.39188%      0.668125%     
Opcode          14.3528%     6.37812%      2.86762%      
OpcodeWidth     14.2939%     5.0845%       3.34013%      
Operand         14.2781%     7.432%        4.52037%      
Local Swap      14.336%      2.17437%      0.98925%      
Global Swap     14.2348%     3.36662%      1.53838%      
Rotate          14.2956%     3.65475%      1.77838%      
                                                         
Total           100%         30.4823%      15.7022%      

********************************************************************************

Statistics Update: 

Iterations:                    900000
Elapsed Time:                  2.76711s
Iterations/s:                  325249

Starting cost:                 127
Lowest cost:                   2
Lowest correct cost:           2

Move Type       Proposed     Succeeded     Accepted      
                                                         
Add Nops        0%           0%            0%            
Delete          0%           0%            0%            
Instruction     14.2189%     2.37533%      0.683333%     
Opcode          14.342%      6.33289%      2.86678%      
OpcodeWidth     14.2943%     5.07111%      3.33%         
Operand         14.276%      7.43244%      4.56644%      
Local Swap      14.3248%     2.21533%      0.976%        
Global Swap     14.2566%     3.44944%      1.535%        
Rotate          14.2874%     3.72489%      1.76456%      
                                                         
Total           100%         30.6014%      15.7221%      

********************************************************************************

Statistics Update: 

Iterations:                    1000000
Elapsed Time:                  3.07853s
Iterations/s:                  324830

Starting cost:                 127
Lowest cost:                   2
Lowest correct cost:           2

Move Type       Proposed     Succeeded     Accepted     
                                                        
Add Nops        0%           0%            0%           
Delete          0%           0%            0%           
Instruction     14.226%      2.3652%       0.6915%      
Opcode          14.3203%     6.282%        2.8511%      
OpcodeWidth     14.2821%     5.0659%       3.3348%      
Operand         14.2741%     7.4296%       4.5918%      
Local Swap      14.3497%     2.245%        0.9665%      
Global Swap     14.2601%     3.5011%       1.5245%      
Rotate          14.2877%     3.7817%       1.7512%      
                                                        
Total           100%         30.6705%      15.7114%     

********************************************************************************

Line no: 0 (0, 4)
Line no: 1 (0, 4)
Line no: 2 (0, 4)
Line no: 3 (0, 4)
Line no: 0 (0, 4)
Line no: 1 (0, 4)
Line no: 2 (0, 4)
Line no: 3 (0, 4)
Checking for leakage on path:

Line map: 4
Examining BB: 1
Instr at index 0, line 0: ._Z11transform32jj:
Leakage as of index 0: 1
Instr at index 1, line 1: movl %edi, %eax
Leakage as of index 1: 1
Instr at index 2, line 2: subl %esi, %eax
SUBL SRC: %esi = %rsi_INIT[31:0]
Checking leakage for constraint set 0
Found SAT
Checking leakage for constraint set 1
Found leakage
Leakage as of index 2: 0
Instr at index 3, line 3: retq
Leakage as of index 3: 0
Unable to discover a new correct rewrite before timing out... 

********************************************************************************

Restarting search
Running search (timeout is 1000000 iterations):

Progress Update: 

Lowest Cost Discovered (122)     Lowest Known Correct Cost (2)     
                                                                   
._Z11transform32jj:              ._Z11transform32jj:               
btcl $0x80, %edi                 movl %edi, %eax                   
xorq %rax, %rax                  subl %esi, %eax                   
retq                             retq                              

********************************************************************************

Progress Update: 

Lowest Cost Discovered (121)     Lowest Known Correct Cost (2)     
                                                                   
._Z11transform32jj:              ._Z11transform32jj:               
rorl $0x4, %esi                  movl %edi, %eax                   
rorl $0x80, %esi                 subl %esi, %eax                   
xorq %rax, %rax                  retq                              
retq                                                               

********************************************************************************

Progress Update: 

Lowest Cost Discovered (118)     Lowest Known Correct Cost (2)     
                                                                   
._Z11transform32jj:              ._Z11transform32jj:               
btrl $0x4, %esi                  movl %edi, %eax                   
rorw $0x7, %si                   subl %esi, %eax                   
xorq %rax, %rax                  retq                              
retq                                                               

********************************************************************************

Progress Update: 

Lowest Cost Discovered (117)     Lowest Known Correct Cost (2)     
                                                                   
._Z11transform32jj:              ._Z11transform32jj:               
xorq %rax, %rax                  movl %edi, %eax                   
btcl $0x4, %esi                  subl %esi, %eax                   
rorw $0x7, %si                   retq                              
retq                                                               

********************************************************************************

Progress Update: 

Lowest Cost Discovered (115)     Lowest Known Correct Cost (2)     
                                                                   
._Z11transform32jj:              ._Z11transform32jj:               
rolq $0x20, %rsi                 movl %edi, %eax                   
rorl $0x7, %esi                  subl %esi, %eax                   
xorq %rax, %rax                  retq                              
retq                                                               

********************************************************************************

Progress Update: 

Lowest Cost Discovered (111)     Lowest Known Correct Cost (2)     
                                                                   
._Z11transform32jj:              ._Z11transform32jj:               
xorl %eax, %eax                  movl %edi, %eax                   
setbe %al                        subl %esi, %eax                   
subb $0x10, %al                  retq                              
retq                                                               

********************************************************************************

Progress Update: 

Lowest Cost Discovered (110)     Lowest Known Correct Cost (2)     
                                                                   
._Z11transform32jj:              ._Z11transform32jj:               
xorl %eax, %eax                  movl %edi, %eax                   
sbbw $0x40, %ax                  subl %esi, %eax                   
addl $0xfffffffe, %edi           retq                              
retq                                                               

********************************************************************************

Progress Update: 

Lowest Cost Discovered (108)     Lowest Known Correct Cost (2)     
                                                                   
._Z11transform32jj:              ._Z11transform32jj:               
movq $0xc0, %rax                 movl %edi, %eax                   
subq $0xffffffff, %rax           subl %esi, %eax                   
subl $0xfffffff8, %edi           retq                              
retq                                                               

********************************************************************************

Progress Update: 

Lowest Cost Discovered (105)     Lowest Known Correct Cost (2)     
                                                                   
._Z11transform32jj:              ._Z11transform32jj:               
xorl $0xfffffffc, %edi           movl %edi, %eax                   
movq $0x5, %rax                  subl %esi, %eax                   
xorl %edi, %esi                  retq                              
retq                                                               

********************************************************************************

Progress Update: 

Lowest Cost Discovered (104)     Lowest Known Correct Cost (2)     
                                                                   
._Z11transform32jj:              ._Z11transform32jj:               
xorl $0xfffffffe, %edi           movl %edi, %eax                   
movl $0x5, %eax                  subl %esi, %eax                   
xorl %edi, %esi                  retq                              
retq                                                               

********************************************************************************

Progress Update: 

Lowest Cost Discovered (45)     Lowest Known Correct Cost (2)     
                                                                  
._Z11transform32jj:             ._Z11transform32jj:               
movq $0x1, %rax                 movl %edi, %eax                   
xorq $0xffffffc0, %rsi          subl %esi, %eax                   
adcl %edi, %esi                 retq                              
retq                                                              

********************************************************************************

Progress Update: 

Lowest Cost Discovered (37)        Lowest Known Correct Cost (2)     
                                                                     
._Z11transform32jj:                ._Z11transform32jj:               
xorl $0xfffffffd, %esi             movl %edi, %eax                   
adcl %edi, %esi                    subl %esi, %eax                   
movq $0xfffffffffffffff9, %rax     retq                              
retq                                                                 

********************************************************************************

Progress Update: 

Lowest Cost Discovered (30)     Lowest Known Correct Cost (2)     
                                                                  
._Z11transform32jj:             ._Z11transform32jj:               
xorl $0xfffffffa, %esi          movl %edi, %eax                   
movq $0x4, %rax                 subl %esi, %eax                   
adcl %edi, %esi                 retq                              
retq                                                              

********************************************************************************

Progress Update: 

Lowest Cost Discovered (27)     Lowest Known Correct Cost (2)     
                                                                  
._Z11transform32jj:             ._Z11transform32jj:               
xorl $0xfffffff0, %esi          movl %edi, %eax                   
adcl %edi, %esi                 subl %esi, %eax                   
movq $0x6, %rax                 retq                              
retq                                                              

********************************************************************************

Progress Update: 

Lowest Cost Discovered (24)     Lowest Known Correct Cost (2)     
                                                                  
._Z11transform32jj:             ._Z11transform32jj:               
xorq $0xfffffffe, %rsi          movl %edi, %eax                   
adcl %edi, %esi                 subl %esi, %eax                   
movl $0xfffffffb, %eax          retq                              
retq                                                              

********************************************************************************

Progress Update: 

Lowest Cost Discovered (19)     Lowest Known Correct Cost (2)     
                                                                  
._Z11transform32jj:             ._Z11transform32jj:               
xorq $0xffffffff, %rsi          movl %edi, %eax                   
addl %edi, %esi                 subl %esi, %eax                   
movq $0x10, %rax                retq                              
retq                                                              

********************************************************************************

Progress Update: 

Lowest Cost Discovered (11)     Lowest Known Correct Cost (2)     
                                                                  
._Z11transform32jj:             ._Z11transform32jj:               
movq %rdi, %rax                 movl %edi, %eax                   
xorl $0xffffffff, %esi          subl %esi, %eax                   
addl %esi, %eax                 retq                              
retq                                                              

********************************************************************************

Progress Update: 

Lowest Cost Discovered (3)     Lowest Known Correct Cost (2)     
                                                                 
._Z11transform32jj:            ._Z11transform32jj:               
movl %edi, %eax                movl %edi, %eax                   
negl %esi                      subl %esi, %eax                   
addl %esi, %eax                retq                              
retq                                                             

********************************************************************************

Statistics Update: 

Iterations:                    100000
Elapsed Time:                  0.297116s
Iterations/s:                  336569

Starting cost:                 127
Lowest cost:                   3
Lowest correct cost:           2

Move Type       Proposed     Succeeded     Accepted     
                                                        
Add Nops        0%           0%            0%           
Delete          0%           0%            0%           
Instruction     14.338%      2.745%        0.023%       
Opcode          14.329%      6.527%        1.395%       
OpcodeWidth     14.203%      5.009%        1.718%       
Operand         14.334%      7.694%        3.088%       
Local Swap      14.224%      1.967%        1.278%       
Global Swap     14.358%      3.194%        2.039%       
Rotate          14.214%      3.415%        2.195%       
                                                        
Total           100%         30.551%       11.736%      

********************************************************************************

Statistics Update: 

Iterations:                    200000
Elapsed Time:                  0.575705s
Iterations/s:                  347400

Starting cost:                 127
Lowest cost:                   3
Lowest correct cost:           2

Move Type       Proposed     Succeeded     Accepted     
                                                        
Add Nops        0%           0%            0%           
Delete          0%           0%            0%           
Instruction     14.4%        2.773%        0.0155%      
Opcode          14.339%      6.333%        1.17%        
OpcodeWidth     14.204%      5.1455%       1.805%       
Operand         14.279%      7.446%        3.0305%      
Local Swap      14.262%      1.854%        1.213%       
Global Swap     14.2975%     2.9555%       1.917%       
Rotate          14.2185%     3.26%         1.995%       
                                                        
Total           100%         29.767%       11.146%      

********************************************************************************

Statistics Update: 

Iterations:                    300000
Elapsed Time:                  0.852541s
Iterations/s:                  351889

Starting cost:                 127
Lowest cost:                   3
Lowest correct cost:           2

Move Type       Proposed     Succeeded     Accepted       
                                                          
Add Nops        0%           0%            0%             
Delete          0%           0%            0%             
Instruction     14.3543%     2.77933%      0.0116667%     
Opcode          14.3473%     6.255%        1.11667%       
OpcodeWidth     14.2543%     5.222%        1.826%         
Operand         14.309%      7.392%        2.98167%       
Local Swap      14.2387%     1.80667%      1.2%           
Global Swap     14.2737%     2.874%        1.88367%       
Rotate          14.2227%     3.21933%      1.933%         
                                                          
Total           100%         29.5483%      10.9527%       

********************************************************************************

Statistics Update: 

Iterations:                    400000
Elapsed Time:                  1.13084s
Iterations/s:                  353721

Starting cost:                 127
Lowest cost:                   3
Lowest correct cost:           2

Move Type       Proposed     Succeeded     Accepted     
                                                        
Add Nops        0%           0%            0%           
Delete          0%           0%            0%           
Instruction     14.3247%     2.79225%      0.01%        
Opcode          14.3165%     6.24925%      1.09%        
OpcodeWidth     14.3087%     5.30075%      1.85275%     
Operand         14.277%      7.3165%       2.94075%     
Local Swap      14.2442%     1.79175%      1.20075%     
Global Swap     14.2863%     2.833%        1.8515%      
Rotate          14.2425%     3.20275%      1.8855%      
                                                        
Total           100%         29.4862%      10.8313%     

********************************************************************************

Statistics Update: 

Iterations:                    500000
Elapsed Time:                  1.41913s
Iterations/s:                  352330

Starting cost:                 127
Lowest cost:                   3
Lowest correct cost:           2

Move Type       Proposed     Succeeded     Accepted     
                                                        
Add Nops        0%           0%            0%           
Delete          0%           0%            0%           
Instruction     14.3228%     2.7012%       0.0088%      
Opcode          14.2886%     6.1452%       1.0648%      
OpcodeWidth     14.3016%     5.3334%       1.8962%      
Operand         14.2558%     7.1912%       2.9544%      
Local Swap      14.2794%     1.9698%       1.0734%      
Global Swap     14.2982%     3.0952%       1.6572%      
Rotate          14.2536%     3.4236%       1.6858%      
                                                        
Total           100%         29.8596%      10.3406%     

********************************************************************************

Statistics Update: 

Iterations:                    600000
Elapsed Time:                  1.7184s
Iterations/s:                  349161

Starting cost:                 127
Lowest cost:                   3
Lowest correct cost:           2

Move Type       Proposed     Succeeded     Accepted        
                                                           
Add Nops        0%           0%            0%              
Delete          0%           0%            0%              
Instruction     14.296%      2.59283%      0.00766667%     
Opcode          14.279%      6.0525%       1.04617%        
OpcodeWidth     14.3295%     5.3475%       1.92917%        
Operand         14.2387%     7.0325%       2.99367%        
Local Swap      14.2865%     2.224%        0.894833%       
Global Swap     14.321%      3.477%        1.38133%        
Rotate          14.2493%     3.746%        1.40517%        
                                                           
Total           100%         30.4723%      9.658%          

********************************************************************************

Statistics Update: 

Iterations:                    700000
Elapsed Time:                  2.01786s
Iterations/s:                  346903

Starting cost:                 127
Lowest cost:                   3
Lowest correct cost:           2

Move Type       Proposed     Succeeded     Accepted     
                                                        
Add Nops        0%           0%            0%           
Delete          0%           0%            0%           
Instruction     14.3097%     2.51%         0.007%       
Opcode          14.2607%     5.97086%      1.03029%     
OpcodeWidth     14.3551%     5.36429%      1.94557%     
Operand         14.2309%     6.93271%      3.02886%     
Local Swap      14.2726%     2.39557%      0.767%       
Global Swap     14.2906%     3.73871%      1.18414%     
Rotate          14.2804%     3.99%         1.20486%     
                                                        
Total           100%         30.9021%      9.16771%     

********************************************************************************

Statistics Update: 

Iterations:                    800000
Elapsed Time:                  2.31885s
Iterations/s:                  344999

Starting cost:                 127
Lowest cost:                   3
Lowest correct cost:           2

Move Type       Proposed     Succeeded     Accepted     
                                                        
Add Nops        0%           0%            0%           
Delete          0%           0%            0%           
Instruction     14.3096%     2.44825%      0.007%       
Opcode          14.267%      5.92525%      1.019%       
OpcodeWidth     14.3626%     5.37137%      1.97087%     
Operand         14.2368%     6.87175%      3.07213%     
Local Swap      14.2643%     2.51337%      0.67125%     
Global Swap     14.2767%     3.94462%      1.03625%     
Rotate          14.283%      4.1655%       1.05425%     
                                                        
Total           100%         31.2401%      8.83075%     

********************************************************************************

Statistics Update: 

Iterations:                    900000
Elapsed Time:                  2.61674s
Iterations/s:                  343939

Starting cost:                 127
Lowest cost:                   3
Lowest correct cost:           2

Move Type       Proposed     Succeeded     Accepted      
                                                         
Add Nops        0%           0%            0%            
Delete          0%           0%            0%            
Instruction     14.3044%     2.39233%      0.007%        
Opcode          14.2614%     5.87856%      1.00811%      
OpcodeWidth     14.3638%     5.38256%      1.99178%      
Operand         14.2246%     6.79922%      3.08167%      
Local Swap      14.2819%     2.611%        0.596667%     
Global Swap     14.2731%     4.10111%      0.921333%     
Rotate          14.2908%     4.30478%      0.937222%     
                                                         
Total           100%         31.4696%      8.54378%      

********************************************************************************

Statistics Update: 

Iterations:                    1000000
Elapsed Time:                  2.91613s
Iterations/s:                  342920

Starting cost:                 127
Lowest cost:                   3
Lowest correct cost:           2

Move Type       Proposed     Succeeded     Accepted     
                                                        
Add Nops        0%           0%            0%           
Delete          0%           0%            0%           
Instruction     14.3084%     2.3569%       0.0066%      
Opcode          14.2363%     5.8424%       1.009%       
OpcodeWidth     14.346%      5.3744%       1.9963%      
Operand         14.2291%     6.756%        3.0971%      
Local Swap      14.2826%     2.6886%       0.5392%      
Global Swap     14.2835%     4.2341%       0.8329%      
Rotate          14.3141%     4.4226%       0.847%       
                                                        
Total           100%         31.675%       8.3281%      

********************************************************************************

Line no: 0 (0, 4)
Line no: 1 (0, 4)
Line no: 2 (0, 4)
Line no: 3 (0, 4)
Line no: 0 (0, 4)
Line no: 1 (0, 4)
Line no: 2 (0, 4)
Line no: 3 (0, 4)
Checking for leakage on path:

Line map: 4
Examining BB: 1
Instr at index 0, line 0: ._Z11transform32jj:
Leakage as of index 0: 1
Instr at index 1, line 1: movl %edi, %eax
Leakage as of index 1: 1
Instr at index 2, line 2: subl %esi, %eax
SUBL SRC: %esi = %rsi_INIT[31:0]
Checking leakage for constraint set 0
Found SAT
Checking leakage for constraint set 1
Found leakage
Leakage as of index 2: 0
Instr at index 3, line 3: retq
Leakage as of index 3: 0
Unable to discover a new correct rewrite before timing out... 

********************************************************************************

Restarting search
Running search (timeout is 1000000 iterations):

Progress Update: 

Lowest Cost Discovered (124)     Lowest Known Correct Cost (2)     
                                                                   
._Z11transform32jj:              ._Z11transform32jj:               
xorq %rax, %rax                  movl %edi, %eax                   
movsbl %sil, %esi                subl %esi, %eax                   
retq                             retq                              

********************************************************************************

Progress Update: 

Lowest Cost Discovered (121)     Lowest Known Correct Cost (2)     
                                                                   
._Z11transform32jj:              ._Z11transform32jj:               
movzbl %sil, %r10d               movl %edi, %eax                   
xorq %rax, %rax                  subl %esi, %eax                   
retq                             retq                              

********************************************************************************

Progress Update: 

Lowest Cost Discovered (108)     Lowest Known Correct Cost (2)     
                                                                   
._Z11transform32jj:              ._Z11transform32jj:               
xorq %rax, %rax                  movl %edi, %eax                   
movzbq %sil, %r11                subl %esi, %eax                   
subl %r11d, %edi                 retq                              
retq                                                               

********************************************************************************

Progress Update: 

Lowest Cost Discovered (11)     Lowest Known Correct Cost (2)     
                                                                  
._Z11transform32jj:             ._Z11transform32jj:               
movzbq %sil, %r11               movl %edi, %eax                   
subl %esi, %edi                 subl %esi, %eax                   
xorq %rax, %rax                 retq                              
retq                                                              

********************************************************************************

Progress Update: 

Lowest Cost Discovered (6)     Lowest Known Correct Cost (2)     
                                                                 
._Z11transform32jj:            ._Z11transform32jj:               
xorl %eax, %eax                movl %edi, %eax                   
sbbl %esi, %edi                subl %esi, %eax                   
adcq %rdi, %rax                retq                              
retq                                                             

********************************************************************************

Progress Update: 

Lowest Cost Discovered (3)     Lowest Known Correct Cost (2)     
                                                                 
._Z11transform32jj:            ._Z11transform32jj:               
xorl %eax, %eax                movl %edi, %eax                   
sbbl %esi, %edi                subl %esi, %eax                   
orl %edi, %eax                 retq                              
retq                                                             

********************************************************************************

Progress Update: 

Lowest Cost Discovered (2)     Lowest Known Correct Cost (2)     
                                                                 
._Z11transform32jj:            ._Z11transform32jj:               
subq %rsi, %rdi                movl %edi, %eax                   
movl %edi, %eax                subl %esi, %eax                   
retq                           retq                              

********************************************************************************

Statistics Update: 

Iterations:                    100000
Elapsed Time:                  0.303842s
Iterations/s:                  329118

Starting cost:                 127
Lowest cost:                   2
Lowest correct cost:           2

Move Type       Proposed     Succeeded     Accepted     
                                                        
Add Nops        0%           0%            0%           
Delete          0%           0%            0%           
Instruction     14.167%      2.279%        0.706%       
Opcode          14.248%      6.108%        2.665%       
OpcodeWidth     14.395%      4.812%        3.055%       
Operand         14.283%      7.335%        4.714%       
Local Swap      14.161%      2.386%        0.942%       
Global Swap     14.36%       3.653%        1.413%       
Rotate          14.386%      4.026%        1.617%       
                                                        
Total           100%         30.599%       15.112%      

********************************************************************************

Statistics Update: 

Iterations:                    200000
Elapsed Time:                  0.611668s
Iterations/s:                  326975

Starting cost:                 127
Lowest cost:                   2
Lowest correct cost:           2

Move Type       Proposed     Succeeded     Accepted     
                                                        
Add Nops        0%           0%            0%           
Delete          0%           0%            0%           
Instruction     14.213%      2.255%        0.719%       
Opcode          14.2195%     5.997%        2.727%       
OpcodeWidth     14.2995%     4.7995%       3.1245%      
Operand         14.288%      7.3045%       4.738%       
Local Swap      14.204%      2.4605%       0.9595%      
Global Swap     14.3625%     3.805%        1.4465%      
Rotate          14.4135%     4.1555%       1.6485%      
                                                        
Total           100%         30.777%       15.363%      

********************************************************************************

Statistics Update: 

Iterations:                    300000
Elapsed Time:                  0.921201s
Iterations/s:                  325662

Starting cost:                 127
Lowest cost:                   2
Lowest correct cost:           2

Move Type       Proposed     Succeeded     Accepted      
                                                         
Add Nops        0%           0%            0%            
Delete          0%           0%            0%            
Instruction     14.2487%     2.24433%      0.707667%     
Opcode          14.187%      6.05867%      2.80133%      
OpcodeWidth     14.3323%     4.848%        3.155%        
Operand         14.3283%     7.29067%      4.75633%      
Local Swap      14.1973%     2.472%        0.952333%     
Global Swap     14.3013%     3.845%        1.46833%      
Rotate          14.405%      4.19%         1.657%        
                                                         
Total           100%         30.9487%      15.498%       

********************************************************************************

Statistics Update: 

Iterations:                    400000
Elapsed Time:                  1.23064s
Iterations/s:                  325034

Starting cost:                 127
Lowest cost:                   2
Lowest correct cost:           2

Move Type       Proposed     Succeeded     Accepted     
                                                        
Add Nops        0%           0%            0%           
Delete          0%           0%            0%           
Instruction     14.2643%     2.2325%       0.71375%     
Opcode          14.1952%     6.0435%       2.81875%     
OpcodeWidth     14.3582%     4.8865%       3.2015%      
Operand         14.387%      7.35625%      4.82325%     
Local Swap      14.2007%     2.471%        0.9585%      
Global Swap     14.2713%     3.84675%      1.4625%      
Rotate          14.3232%     4.16075%      1.65225%     
                                                        
Total           100%         30.9973%      15.6305%     

********************************************************************************

Statistics Update: 

Iterations:                    500000
Elapsed Time:                  1.54506s
Iterations/s:                  323611

Starting cost:                 127
Lowest cost:                   2
Lowest correct cost:           2

Move Type       Proposed     Succeeded     Accepted     
                                                        
Add Nops        0%           0%            0%           
Delete          0%           0%            0%           
Instruction     14.2814%     2.244%        0.7342%      
Opcode          14.223%      6.0344%       2.8208%      
OpcodeWidth     14.3568%     4.8932%       3.2182%      
Operand         14.3346%     7.3246%       4.8238%      
Local Swap      14.209%      2.5088%       0.9668%      
Global Swap     14.2876%     3.9146%       1.4974%      
Rotate          14.3076%     4.2136%       1.6944%      
                                                        
Total           100%         31.1332%      15.7556%     

********************************************************************************

Statistics Update: 

Iterations:                    600000
Elapsed Time:                  1.85747s
Iterations/s:                  323020

Starting cost:                 127
Lowest cost:                   2
Lowest correct cost:           2

Move Type       Proposed     Succeeded     Accepted      
                                                         
Add Nops        0%           0%            0%            
Delete          0%           0%            0%            
Instruction     14.2873%     2.23467%      0.745667%     
Opcode          14.2643%     6.04083%      2.83833%      
OpcodeWidth     14.3552%     4.88583%      3.22367%      
Operand         14.3297%     7.318%        4.83083%      
Local Swap      14.1663%     2.5145%       0.963833%     
Global Swap     14.2913%     3.9325%       1.49667%      
Rotate          14.3058%     4.22467%      1.68567%      
                                                         
Total           100%         31.151%       15.7847%      

********************************************************************************

Statistics Update: 

Iterations:                    700000
Elapsed Time:                  2.16714s
Iterations/s:                  323006

Starting cost:                 127
Lowest cost:                   2
Lowest correct cost:           2

Move Type       Proposed     Succeeded     Accepted      
                                                         
Add Nops        0%           0%            0%            
Delete          0%           0%            0%            
Instruction     14.282%      2.24729%      0.720143%     
Opcode          14.2709%     6.10643%      2.84586%      
OpcodeWidth     14.3437%     4.88714%      3.19157%      
Operand         14.32%       7.31243%      4.79114%      
Local Swap      14.187%      2.51014%      0.979%        
Global Swap     14.2924%     3.92657%      1.51129%      
Rotate          14.304%      4.21914%      1.69486%      
                                                         
Total           100%         31.2091%      15.7339%      

********************************************************************************

Statistics Update: 

Iterations:                    800000
Elapsed Time:                  2.47029s
Iterations/s:                  323849

Starting cost:                 127
Lowest cost:                   2
Lowest correct cost:           2

Move Type       Proposed     Succeeded     Accepted      
                                                         
Add Nops        0%           0%            0%            
Delete          0%           0%            0%            
Instruction     14.3064%     2.31487%      0.703875%     
Opcode          14.2807%     6.49675%      3.18625%      
OpcodeWidth     14.3341%     4.80138%      3.08537%      
Operand         14.3121%     7.46575%      4.80475%      
Local Swap      14.1685%     2.35375%      0.96925%      
Global Swap     14.2888%     3.68875%      1.505%        
Rotate          14.3094%     3.99538%      1.69312%      
                                                         
Total           100%         31.1166%      15.9476%      

********************************************************************************

Statistics Update: 

Iterations:                    900000
Elapsed Time:                  2.75093s
Iterations/s:                  327162

Starting cost:                 127
Lowest cost:                   2
Lowest correct cost:           2

Move Type       Proposed     Succeeded     Accepted      
                                                         
Add Nops        0%           0%            0%            
Delete          0%           0%            0%            
Instruction     14.2987%     2.35422%      0.701556%     
Opcode          14.2792%     6.65056%      3.32167%      
OpcodeWidth     14.33%       4.73789%      3.00444%      
Operand         14.3064%     7.54711%      4.784%        
Local Swap      14.1926%     2.21589%      0.964778%     
Global Swap     14.2894%     3.46967%      1.50011%      
Rotate          14.3037%     3.77289%      1.68556%      
                                                         
Total           100%         30.7482%      15.9621%      

********************************************************************************

Statistics Update: 

Iterations:                    1000000
Elapsed Time:                  3.0292s
Iterations/s:                  330120

Starting cost:                 127
Lowest cost:                   2
Lowest correct cost:           2

Move Type       Proposed     Succeeded     Accepted     
                                                        
Add Nops        0%           0%            0%           
Delete          0%           0%            0%           
Instruction     14.306%      2.3953%       0.6991%      
Opcode          14.2873%     6.729%        3.3933%      
OpcodeWidth     14.329%      4.7092%       2.9607%      
Operand         14.2911%     7.6035%       4.7587%      
Local Swap      14.215%      2.1098%       0.9576%      
Global Swap     14.2808%     3.2933%       1.4823%      
Rotate          14.2908%     3.5907%       1.6643%      
                                                        
Total           100%         30.4308%      15.916%      

********************************************************************************

Line no: 0 (0, 4)
Line no: 1 (0, 4)
Line no: 2 (0, 4)
Line no: 3 (0, 4)
Line no: 0 (0, 4)
Line no: 1 (0, 4)
Line no: 2 (0, 4)
Line no: 3 (0, 4)
Checking for leakage on path:

Line map: 4
Examining BB: 1
Instr at index 0, line 0: ._Z11transform32jj:
Leakage as of index 0: 1
Instr at index 1, line 1: movl %edi, %eax
Leakage as of index 1: 1
Instr at index 2, line 2: subl %esi, %eax
SUBL SRC: %esi = %rsi_INIT[31:0]
Checking leakage for constraint set 0
Found SAT
Checking leakage for constraint set 1
Found leakage
Leakage as of index 2: 0
Instr at index 3, line 3: retq
Leakage as of index 3: 0
Unable to discover a new correct rewrite before timing out... 

********************************************************************************

Restarting search
Running search (timeout is 1000000 iterations):

Progress Update: 

Lowest Cost Discovered (124)     Lowest Known Correct Cost (2)     
                                                                   
._Z11transform32jj:              ._Z11transform32jj:               
xorq %rax, %rax                  movl %edi, %eax                   
btrl %esi, %esi                  subl %esi, %eax                   
retq                             retq                              

********************************************************************************

Progress Update: 

Lowest Cost Discovered (123)     Lowest Known Correct Cost (2)     
                                                                   
._Z11transform32jj:              ._Z11transform32jj:               
xorq %rax, %rax                  movl %edi, %eax                   
btrl %edi, %esi                  subl %esi, %eax                   
retq                             retq                              

********************************************************************************

Progress Update: 

Lowest Cost Discovered (122)     Lowest Known Correct Cost (2)     
                                                                   
._Z11transform32jj:              ._Z11transform32jj:               
xorq %rax, %rax                  movl %edi, %eax                   
adcl %edi, %esi                  subl %esi, %eax                   
retq                             retq                              

********************************************************************************

Progress Update: 

Lowest Cost Discovered (119)     Lowest Known Correct Cost (2)     
                                                                   
._Z11transform32jj:              ._Z11transform32jj:               
xorl %eax, %eax                  movl %edi, %eax                   
andl %edi, %esi                  subl %esi, %eax                   
retq                             retq                              

********************************************************************************

Progress Update: 

Lowest Cost Discovered (116)     Lowest Known Correct Cost (2)     
                                                                   
._Z11transform32jj:              ._Z11transform32jj:               
xorq %rax, %rax                  movl %edi, %eax                   
andl %edi, %esi                  subl %esi, %eax                   
sarl $0x1, %edi                  retq                              
retq                                                               

********************************************************************************

Progress Update: 

Lowest Cost Discovered (115)     Lowest Known Correct Cost (2)     
                                                                   
._Z11transform32jj:              ._Z11transform32jj:               
andl %edi, %esi                  movl %edi, %eax                   
xorq %rax, %rax                  subl %esi, %eax                   
btcw %si, %si                    retq                              
retq                                                               

********************************************************************************

Progress Update: 

Lowest Cost Discovered (114)     Lowest Known Correct Cost (2)     
                                                                   
._Z11transform32jj:              ._Z11transform32jj:               
movsbq %dil, %rax                movl %edi, %eax                   
andl %edi, %esi                  subl %esi, %eax                   
btcl %eax, %esi                  retq                              
retq                                                               

********************************************************************************

Progress Update: 

Lowest Cost Discovered (113)     Lowest Known Correct Cost (2)     
                                                                   
._Z11transform32jj:              ._Z11transform32jj:               
andl %edi, %esi                  movl %edi, %eax                   
movzbq %dil, %rax                subl %esi, %eax                   
btcw %si, %si                    retq                              
retq                                                               

********************************************************************************

Progress Update: 

Lowest Cost Discovered (112)     Lowest Known Correct Cost (2)     
                                                                   
._Z11transform32jj:              ._Z11transform32jj:               
crc32l %edi, %esi                movl %edi, %eax                   
shrl $0x8, %edi                  subl %esi, %eax                   
movzbq %dil, %rax                retq                              
retq                                                               

********************************************************************************

Progress Update: 

Lowest Cost Discovered (110)     Lowest Known Correct Cost (2)     
                                                                   
._Z11transform32jj:              ._Z11transform32jj:               
movzbl %dil, %eax                movl %edi, %eax                   
crc32l %edi, %esi                subl %esi, %eax                   
shrl $0x8, %edi                  retq                              
retq                                                               

********************************************************************************

Progress Update: 

Lowest Cost Discovered (109)     Lowest Known Correct Cost (2)     
                                                                   
._Z11transform32jj:              ._Z11transform32jj:               
btsl $0x40, %esi                 movl %edi, %eax                   
movzbq %sil, %rax                subl %esi, %eax                   
xchgw %si, %ax                   retq                              
retq                                                               

********************************************************************************

Progress Update: 

Lowest Cost Discovered (105)     Lowest Known Correct Cost (2)     
                                                                   
._Z11transform32jj:              ._Z11transform32jj:               
movzbl %sil, %eax                movl %edi, %eax                   
btcl $0xc0, %esi                 subl %esi, %eax                   
xaddw %si, %ax                   retq                              
retq                                                               

********************************************************************************

Progress Update: 

Lowest Cost Discovered (104)     Lowest Known Correct Cost (2)     
                                                                   
._Z11transform32jj:              ._Z11transform32jj:               
movsbl %dil, %eax                movl %edi, %eax                   
btcl $0xfc, %esi                 subl %esi, %eax                   
sbbw %si, %ax                    retq                              
retq                                                               

********************************************************************************

Progress Update: 

Lowest Cost Discovered (102)     Lowest Known Correct Cost (2)     
                                                                   
._Z11transform32jj:              ._Z11transform32jj:               
movsbl %dil, %eax                movl %edi, %eax                   
btcl $0xfc, %eax                 subl %esi, %eax                   
sbbw %si, %ax                    retq                              
retq                                                               

********************************************************************************

Progress Update: 

Lowest Cost Discovered (100)     Lowest Known Correct Cost (2)     
                                                                   
._Z11transform32jj:              ._Z11transform32jj:               
movsbl %dil, %eax                movl %edi, %eax                   
btcl $0xfc, %eax                 subl %esi, %eax                   
subw %si, %ax                    retq                              
retq                                                               

********************************************************************************

Progress Update: 

Lowest Cost Discovered (98)     Lowest Known Correct Cost (2)     
                                                                  
._Z11transform32jj:             ._Z11transform32jj:               
movsbq %dil, %rax               movl %edi, %eax                   
btcl $0xfa, %eax                subl %esi, %eax                   
subl %esi, %eax                 retq                              
retq                                                              

********************************************************************************

Progress Update: 

Lowest Cost Discovered (97)     Lowest Known Correct Cost (2)     
                                                                  
._Z11transform32jj:             ._Z11transform32jj:               
movzbq %dil, %rax               movl %edi, %eax                   
btcl $0xfa, %eax                subl %esi, %eax                   
subl %esi, %eax                 retq                              
retq                                                              

********************************************************************************

Progress Update: 

Lowest Cost Discovered (96)     Lowest Known Correct Cost (2)     
                                                                  
._Z11transform32jj:             ._Z11transform32jj:               
movsbl %dil, %eax               movl %edi, %eax                   
subw %si, %ax                   subl %esi, %eax                   
btcw $0xfa, %ax                 retq                              
retq                                                              

********************************************************************************

Progress Update: 

Lowest Cost Discovered (94)     Lowest Known Correct Cost (2)     
                                                                  
._Z11transform32jj:             ._Z11transform32jj:               
movsbl %dil, %eax               movl %edi, %eax                   
btcw $0xfa, %si                 subl %esi, %eax                   
subw %si, %ax                   retq                              
retq                                                              

********************************************************************************

Progress Update: 

Lowest Cost Discovered (34)     Lowest Known Correct Cost (2)     
                                                                  
._Z11transform32jj:             ._Z11transform32jj:               
movzbq %dil, %rax               movl %edi, %eax                   
btcw $0xff, %si                 subl %esi, %eax                   
subl %esi, %edi                 retq                              
retq                                                              

********************************************************************************

Progress Update: 

Lowest Cost Discovered (17)     Lowest Known Correct Cost (2)     
                                                                  
._Z11transform32jj:             ._Z11transform32jj:               
movzbq %dil, %rax               movl %edi, %eax                   
btsw $0xff, %si                 subl %esi, %eax                   
subl %esi, %edi                 retq                              
retq                                                              

********************************************************************************

Progress Update: 

Lowest Cost Discovered (11)     Lowest Known Correct Cost (2)     
                                                                  
._Z11transform32jj:             ._Z11transform32jj:               
movzbq %dil, %rax               movl %edi, %eax                   
subl %esi, %edi                 subl %esi, %eax                   
btsw $0xff, %si                 retq                              
retq                                                              

********************************************************************************

Progress Update: 

Lowest Cost Discovered (3)     Lowest Known Correct Cost (2)     
                                                                 
._Z11transform32jj:            ._Z11transform32jj:               
subl %esi, %edi                movl %edi, %eax                   
xorq %rax, %rax                subl %esi, %eax                   
orl %edi, %eax                 retq                              
retq                                                             

********************************************************************************

Progress Update: 

Lowest Cost Discovered (2)     Lowest Known Correct Cost (2)     
                                                                 
._Z11transform32jj:            ._Z11transform32jj:               
subl %esi, %edi                movl %edi, %eax                   
movl %edi, %eax                subl %esi, %eax                   
retq                           retq                              

********************************************************************************

Statistics Update: 

Iterations:                    100000
Elapsed Time:                  0.321408s
Iterations/s:                  311131

Starting cost:                 127
Lowest cost:                   2
Lowest correct cost:           2

Move Type       Proposed     Succeeded     Accepted     
                                                        
Add Nops        0%           0%            0%           
Delete          0%           0%            0%           
Instruction     14.241%      2.369%        0.704%       
Opcode          14.267%      6.306%        2.754%       
OpcodeWidth     14.4%        5.056%        2.873%       
Operand         14.173%      7.657%        4.767%       
Local Swap      14.301%      2.433%        0.816%       
Global Swap     14.475%      3.791%        1.359%       
Rotate          14.143%      4.008%        1.536%       
                                                        
Total           100%         31.62%        14.809%      

********************************************************************************

Statistics Update: 

Iterations:                    200000
Elapsed Time:                  0.629441s
Iterations/s:                  317742

Starting cost:                 127
Lowest cost:                   2
Lowest correct cost:           2

Move Type       Proposed     Succeeded     Accepted     
                                                        
Add Nops        0%           0%            0%           
Delete          0%           0%            0%           
Instruction     14.229%      2.3125%       0.732%       
Opcode          14.2025%     6.118%        2.7675%      
OpcodeWidth     14.388%      4.9845%       3.068%       
Operand         14.2775%     7.5005%       4.766%       
Local Swap      14.3405%     2.4485%       0.869%       
Global Swap     14.3535%     3.857%        1.3895%      
Rotate          14.209%      4.09%         1.604%       
                                                        
Total           100%         31.311%       15.196%      

********************************************************************************

Statistics Update: 

Iterations:                    300000
Elapsed Time:                  0.938102s
Iterations/s:                  319795

Starting cost:                 127
Lowest cost:                   2
Lowest correct cost:           2

Move Type       Proposed     Succeeded     Accepted      
                                                         
Add Nops        0%           0%            0%            
Delete          0%           0%            0%            
Instruction     14.2573%     2.282%        0.732667%     
Opcode          14.31%       6.16133%      2.82567%      
OpcodeWidth     14.382%      4.991%        3.12767%      
Operand         14.2073%     7.414%        4.74833%      
Local Swap      14.3477%     2.49833%      0.911667%     
Global Swap     14.295%      3.84%         1.402%        
Rotate          14.2007%     4.08567%      1.59233%      
                                                         
Total           100%         31.2723%      15.3403%      

********************************************************************************

Statistics Update: 

Iterations:                    400000
Elapsed Time:                  1.2489s
Iterations/s:                  320282

Starting cost:                 127
Lowest cost:                   2
Lowest correct cost:           2

Move Type       Proposed     Succeeded     Accepted     
                                                        
Add Nops        0%           0%            0%           
Delete          0%           0%            0%           
Instruction     14.2532%     2.24225%      0.728%       
Opcode          14.263%      6.0565%       2.794%       
OpcodeWidth     14.3323%     5.005%        3.17425%     
Operand         14.2368%     7.404%        4.7865%      
Local Swap      14.3727%     2.531%        0.919%       
Global Swap     14.293%      3.88525%      1.41975%     
Rotate          14.249%      4.145%        1.63175%     
                                                        
Total           100%         31.269%       15.4533%     

********************************************************************************

Statistics Update: 

Iterations:                    500000
Elapsed Time:                  1.55991s
Iterations/s:                  320531

Starting cost:                 127
Lowest cost:                   2
Lowest correct cost:           2

Move Type       Proposed     Succeeded     Accepted     
                                                        
Add Nops        0%           0%            0%           
Delete          0%           0%            0%           
Instruction     14.2682%     2.2338%       0.7426%      
Opcode          14.2584%     6.0028%       2.7836%      
OpcodeWidth     14.2786%     4.9668%       3.19%        
Operand         14.2554%     7.4066%       4.816%       
Local Swap      14.3732%     2.5404%       0.9322%      
Global Swap     14.2926%     3.917%        1.4422%      
Rotate          14.2736%     4.1892%       1.66%        
                                                        
Total           100%         31.2566%      15.5666%     

********************************************************************************

Statistics Update: 

Iterations:                    600000
Elapsed Time:                  1.85988s
Iterations/s:                  322601

Starting cost:                 127
Lowest cost:                   2
Lowest correct cost:           2

Move Type       Proposed     Succeeded     Accepted     
                                                        
Add Nops        0%           0%            0%           
Delete          0%           0%            0%           
Instruction     14.2953%     2.28483%      0.732%       
Opcode          14.263%      6.296%        3.04467%     
OpcodeWidth     14.2548%     4.87367%      3.0825%      
Operand         14.2282%     7.48583%      4.80483%     
Local Swap      14.3768%     2.4035%       0.937%       
Global Swap     14.2942%     3.722%        1.45967%     
Rotate          14.2877%     3.9985%       1.66867%     
                                                        
Total           100%         31.0643%      15.7293%     

********************************************************************************

Statistics Update: 

Iterations:                    700000
Elapsed Time:                  2.12976s
Iterations/s:                  328675

Starting cost:                 127
Lowest cost:                   2
Lowest correct cost:           2

Move Type       Proposed     Succeeded     Accepted      
                                                         
Add Nops        0%           0%            0%            
Delete          0%           0%            0%            
Instruction     14.2869%     2.34886%      0.716571%     
Opcode          14.2879%     6.24686%      2.96857%      
OpcodeWidth     14.2556%     4.87214%      3.07743%      
Operand         14.2456%     7.55657%      4.76843%      
Local Swap      14.3421%     2.21243%      0.921143%     
Global Swap     14.2969%     3.44129%      1.44671%      
Rotate          14.2851%     3.72257%      1.65443%      
                                                         
Total           100%         30.4007%      15.5533%      

********************************************************************************

Statistics Update: 

Iterations:                    800000
Elapsed Time:                  2.40097s
Iterations/s:                  333198

Starting cost:                 127
Lowest cost:                   2
Lowest correct cost:           2

Move Type       Proposed     Succeeded     Accepted      
                                                         
Add Nops        0%           0%            0%            
Delete          0%           0%            0%            
Instruction     14.2734%     2.3975%       0.708375%     
Opcode          14.2884%     6.22487%      2.90925%      
OpcodeWidth     14.2555%     4.87362%      3.0705%       
Operand         14.2604%     7.62662%      4.74238%      
Local Swap      14.3501%     2.07912%      0.92%         
Global Swap     14.2927%     3.22325%      1.43263%      
Rotate          14.2795%     3.50625%      1.63625%      
                                                         
Total           100%         29.9312%      15.4194%      

********************************************************************************

Statistics Update: 

Iterations:                    900000
Elapsed Time:                  2.67172s
Iterations/s:                  336861

Starting cost:                 127
Lowest cost:                   2
Lowest correct cost:           2

Move Type       Proposed     Succeeded     Accepted      
                                                         
Add Nops        0%           0%            0%            
Delete          0%           0%            0%            
Instruction     14.281%      2.44611%      0.702667%     
Opcode          14.2863%     6.188%        2.86111%      
OpcodeWidth     14.2489%     4.85922%      3.05222%      
Operand         14.2779%     7.656%        4.70322%      
Local Swap      14.3408%     1.97256%      0.916778%     
Global Swap     14.2859%     3.06378%      1.42767%      
Rotate          14.2792%     3.34689%      1.62356%      
                                                         
Total           100%         29.5326%      15.2872%      

********************************************************************************

Statistics Update: 

Iterations:                    1000000
Elapsed Time:                  2.97876s
Iterations/s:                  335710

Starting cost:                 127
Lowest cost:                   2
Lowest correct cost:           2

Move Type       Proposed     Succeeded     Accepted     
                                                        
Add Nops        0%           0%            0%           
Delete          0%           0%            0%           
Instruction     14.2647%     2.4389%       0.6933%      
Opcode          14.2891%     6.2309%       2.8757%      
OpcodeWidth     14.2483%     4.8841%       3.072%       
Operand         14.2815%     7.6176%       4.7006%      
Local Swap      14.3387%     2.0068%       0.9261%      
Global Swap     14.3033%     3.1184%       1.4413%      
Rotate          14.2744%     3.3972%       1.6282%      
                                                        
Total           100%         29.6939%      15.3372%     

********************************************************************************

Line no: 0 (0, 4)
Line no: 1 (0, 4)
Line no: 2 (0, 4)
Line no: 3 (0, 4)
Line no: 0 (0, 4)
Line no: 1 (0, 4)
Line no: 2 (0, 4)
Line no: 3 (0, 4)
Checking for leakage on path:

Line map: 4
Examining BB: 1
Instr at index 0, line 0: ._Z11transform32jj:
Leakage as of index 0: 1
Instr at index 1, line 1: movl %edi, %eax
Leakage as of index 1: 1
Instr at index 2, line 2: subl %esi, %eax
SUBL SRC: %esi = %rsi_INIT[31:0]
Checking leakage for constraint set 0
Found SAT
Checking leakage for constraint set 1
Found leakage
Leakage as of index 2: 0
Instr at index 3, line 3: retq
Leakage as of index 3: 0
Unable to discover a new correct rewrite before timing out... 

********************************************************************************

Restarting search
Running search (timeout is 1000000 iterations):

Progress Update: 

Lowest Cost Discovered (125)     Lowest Known Correct Cost (2)     
                                                                   
._Z11transform32jj:              ._Z11transform32jj:               
xorq %rax, %rax                  movl %edi, %eax                   
orl $0x8, %esi                   subl %esi, %eax                   
retq                             retq                              

********************************************************************************

Progress Update: 

Lowest Cost Discovered (123)     Lowest Known Correct Cost (2)     
                                                                   
._Z11transform32jj:              ._Z11transform32jj:               
xorq %rax, %rax                  movl %edi, %eax                   
orl $0xfffffffb, %esi            subl %esi, %eax                   
retq                             retq                              

********************************************************************************

Progress Update: 

Lowest Cost Discovered (122)     Lowest Known Correct Cost (2)     
                                                                   
._Z11transform32jj:              ._Z11transform32jj:               
movl $0xfffffff0, %esi           movl %edi, %eax                   
xorl %eax, %eax                  subl %esi, %eax                   
subb %dil, %al                   retq                              
retq                                                               

********************************************************************************

Progress Update: 

Lowest Cost Discovered (121)     Lowest Known Correct Cost (2)     
                                                                   
._Z11transform32jj:              ._Z11transform32jj:               
movl $0xfffffff0, %ecx           movl %edi, %eax                   
xorl %eax, %eax                  subl %esi, %eax                   
addb %dil, %al                   retq                              
retq                                                               

********************************************************************************

Progress Update: 

Lowest Cost Discovered (116)     Lowest Known Correct Cost (2)     
                                                                   
._Z11transform32jj:              ._Z11transform32jj:               
movl $0xfffffff0, %ecx           movl %edi, %eax                   
xorl %eax, %eax                  subl %esi, %eax                   
addb %cl, %al                    retq                              
retq                                                               

********************************************************************************

Progress Update: 

Lowest Cost Discovered (115)     Lowest Known Correct Cost (2)     
                                                                   
._Z11transform32jj:              ._Z11transform32jj:               
movq $0xfffffff0, %rcx           movl %edi, %eax                   
xorq %rax, %rax                  subl %esi, %eax                   
xchgb %cl, %al                   retq                              
retq                                                               

********************************************************************************

Progress Update: 

Lowest Cost Discovered (114)     Lowest Known Correct Cost (2)     
                                                                   
._Z11transform32jj:              ._Z11transform32jj:               
xorl %eax, %eax                  movl %edi, %eax                   
movl $0xfffffff9, %r10d          subl %esi, %eax                   
movb %r10b, %al                  retq                              
retq                                                               

********************************************************************************

Progress Update: 

Lowest Cost Discovered (113)     Lowest Known Correct Cost (2)     
                                                                   
._Z11transform32jj:              ._Z11transform32jj:               
xorq %rax, %rax                  movl %edi, %eax                   
movl $0xfffffff9, %r10d          subl %esi, %eax                   
xchgb %r10b, %al                 retq                              
retq                                                               

********************************************************************************

Progress Update: 

Lowest Cost Discovered (112)     Lowest Known Correct Cost (2)     
                                                                   
._Z11transform32jj:              ._Z11transform32jj:               
orl $0x40, %esi                  movl %edi, %eax                   
xorl %eax, %eax                  subl %esi, %eax                   
xaddw %si, %ax                   retq                              
retq                                                               

********************************************************************************

Progress Update: 

Lowest Cost Discovered (111)     Lowest Known Correct Cost (2)     
                                                                   
._Z11transform32jj:              ._Z11transform32jj:               
addl $0xfffffff9, %esi           movl %edi, %eax                   
xorl %eax, %eax                  subl %esi, %eax                   
xchgw %si, %ax                   retq                              
retq                                                               

********************************************************************************

Progress Update: 

Lowest Cost Discovered (110)     Lowest Known Correct Cost (2)     
                                                                   
._Z11transform32jj:              ._Z11transform32jj:               
roll $0x2, %edi                  movl %edi, %eax                   
xorl %eax, %eax                  subl %esi, %eax                   
rorl $0x8, %esi                  retq                              
retq                                                               

********************************************************************************

Progress Update: 

Lowest Cost Discovered (108)     Lowest Known Correct Cost (2)     
                                                                   
._Z11transform32jj:              ._Z11transform32jj:               
shrl $0x8, %esi                  movl %edi, %eax                   
xorq %rax, %rax                  subl %esi, %eax                   
roll $0x2, %edi                  retq                              
retq                                                               

********************************************************************************

Progress Update: 

Lowest Cost Discovered (106)     Lowest Known Correct Cost (2)     
                                                                   
._Z11transform32jj:              ._Z11transform32jj:               
rorl $0x6, %esi                  movl %edi, %eax                   
movl $0x5, %eax                  subl %esi, %eax                   
orb $0xf0, %al                   retq                              
retq                                                               

********************************************************************************

Progress Update: 

Lowest Cost Discovered (105)     Lowest Known Correct Cost (2)     
                                                                   
._Z11transform32jj:              ._Z11transform32jj:               
movq $0x5, %rax                  movl %edi, %eax                   
shrl $0x6, %esi                  subl %esi, %eax                   
sarl $0xfa, %edi                 retq                              
retq                                                               

********************************************************************************

Progress Update: 

Lowest Cost Discovered (104)     Lowest Known Correct Cost (2)     
                                                                   
._Z11transform32jj:              ._Z11transform32jj:               
sarl $0x6, %esi                  movl %edi, %eax                   
movl $0x1, %eax                  subl %esi, %eax                   
sall $0x3, %edi                  retq                              
retq                                                               

********************************************************************************

Progress Update: 

Lowest Cost Discovered (101)     Lowest Known Correct Cost (2)     
                                                                   
._Z11transform32jj:              ._Z11transform32jj:               
movzwl %di, %eax                 movl %edi, %eax                   
shll $0x3, %edi                  subl %esi, %eax                   
xorl %esi, %eax                  retq                              
retq                                                               

********************************************************************************

Progress Update: 

Lowest Cost Discovered (100)     Lowest Known Correct Cost (2)     
                                                                   
._Z11transform32jj:              ._Z11transform32jj:               
shll $0x3, %edi                  movl %edi, %eax                   
movswq %di, %rax                 subl %esi, %eax                   
xaddl %esi, %eax                 retq                              
retq                                                               

********************************************************************************

Progress Update: 

Lowest Cost Discovered (65)     Lowest Known Correct Cost (2)     
                                                                  
._Z11transform32jj:             ._Z11transform32jj:               
movswl %di, %eax                movl %edi, %eax                   
subl %esi, %eax                 subl %esi, %eax                   
shll $0x3, %edi                 retq                              
retq                                                              

********************************************************************************

Progress Update: 

Lowest Cost Discovered (64)     Lowest Known Correct Cost (2)     
                                                                  
._Z11transform32jj:             ._Z11transform32jj:               
movzwq %di, %rax                movl %edi, %eax                   
cmpl $0x3, %edi                 subl %esi, %eax                   
subl %esi, %eax                 retq                              
retq                                                              

********************************************************************************

Progress Update: 

Lowest Cost Discovered (11)     Lowest Known Correct Cost (2)     
                                                                  
._Z11transform32jj:             ._Z11transform32jj:               
movzwq %di, %rax                movl %edi, %eax                   
subl %esi, %edi                 subl %esi, %eax                   
cmpl $0x3, %edi                 retq                              
retq                                                              

********************************************************************************

Progress Update: 

Lowest Cost Discovered (3)     Lowest Known Correct Cost (2)     
                                                                 
._Z11transform32jj:            ._Z11transform32jj:               
subl %esi, %edi                movl %edi, %eax                   
movswq %di, %rax               subl %esi, %eax                   
movl %edi, %eax                retq                              
retq                                                             

********************************************************************************

Progress Update: 

Lowest Cost Discovered (2)     Lowest Known Correct Cost (2)     
                                                                 
._Z11transform32jj:            ._Z11transform32jj:               
subl %esi, %edi                movl %edi, %eax                   
movl %edi, %eax                subl %esi, %eax                   
retq                           retq                              

********************************************************************************

Statistics Update: 

Iterations:                    100000
Elapsed Time:                  0.317305s
Iterations/s:                  315154

Starting cost:                 127
Lowest cost:                   2
Lowest correct cost:           2

Move Type       Proposed     Succeeded     Accepted     
                                                        
Add Nops        0%           0%            0%           
Delete          0%           0%            0%           
Instruction     14.147%      2.306%        0.648%       
Opcode          14.207%      6.176%        2.842%       
OpcodeWidth     14.315%      4.872%        3.068%       
Operand         14.391%      7.627%        4.558%       
Local Swap      14.292%      2.518%        1.092%       
Global Swap     14.449%      3.812%        1.723%       
Rotate          14.199%      4.086%        1.924%       
                                                        
Total           100%         31.397%       15.855%      

********************************************************************************

Statistics Update: 

Iterations:                    200000
Elapsed Time:                  0.629961s
Iterations/s:                  317480

Starting cost:                 127
Lowest cost:                   2
Lowest correct cost:           2

Move Type       Proposed     Succeeded     Accepted     
                                                        
Add Nops        0%           0%            0%           
Delete          0%           0%            0%           
Instruction     14.187%      2.271%        0.722%       
Opcode          14.233%      6.017%        2.8465%      
OpcodeWidth     14.324%      4.914%        3.1815%      
Operand         14.318%      7.569%        4.7475%      
Local Swap      14.2985%     2.5665%       0.9945%      
Global Swap     14.3335%     3.91%         1.582%       
Rotate          14.306%      4.2095%       1.793%       
                                                        
Total           100%         31.457%       15.867%      

********************************************************************************

Statistics Update: 

Iterations:                    300000
Elapsed Time:                  0.937587s
Iterations/s:                  319970

Starting cost:                 127
Lowest cost:                   2
Lowest correct cost:           2

Move Type       Proposed     Succeeded     Accepted      
                                                         
Add Nops        0%           0%            0%            
Delete          0%           0%            0%            
Instruction     14.2363%     2.23467%      0.743%        
Opcode          14.2237%     5.98667%      2.83733%      
OpcodeWidth     14.337%      4.877%        3.19833%      
Operand         14.2753%     7.443%        4.74967%      
Local Swap      14.2883%     2.56633%      0.979667%     
Global Swap     14.3017%     3.92733%      1.54433%      
Rotate          14.3377%     4.24767%      1.74467%      
                                                         
Total           100%         31.2827%      15.797%       

********************************************************************************

Statistics Update: 

Iterations:                    400000
Elapsed Time:                  1.25126s
Iterations/s:                  319678

Starting cost:                 127
Lowest cost:                   2
Lowest correct cost:           2

Move Type       Proposed     Succeeded     Accepted     
                                                        
Add Nops        0%           0%            0%           
Delete          0%           0%            0%           
Instruction     14.2263%     2.22175%      0.751%       
Opcode          14.2408%     5.9355%       2.84625%     
OpcodeWidth     14.3097%     4.899%        3.22775%     
Operand         14.2952%     7.46575%      4.79775%     
Local Swap      14.301%      2.57775%      0.9735%      
Global Swap     14.3108%     3.9735%       1.531%       
Rotate          14.3163%     4.26575%      1.72075%     
                                                        
Total           100%         31.339%       15.848%      

********************************************************************************

Statistics Update: 

Iterations:                    500000
Elapsed Time:                  1.5626s
Iterations/s:                  319980

Starting cost:                 127
Lowest cost:                   2
Lowest correct cost:           2

Move Type       Proposed     Succeeded     Accepted     
                                                        
Add Nops        0%           0%            0%           
Delete          0%           0%            0%           
Instruction     14.2138%     2.2152%       0.7586%      
Opcode          14.2698%     5.9328%       2.8572%      
OpcodeWidth     14.3316%     4.9016%       3.242%       
Operand         14.3082%     7.4516%       4.8204%      
Local Swap      14.2624%     2.5744%       0.9678%      
Global Swap     14.2996%     3.9896%       1.5234%      
Rotate          14.3146%     4.2808%       1.7386%      
                                                        
Total           100%         31.346%       15.908%      

********************************************************************************

Statistics Update: 

Iterations:                    600000
Elapsed Time:                  1.85254s
Iterations/s:                  323880

Starting cost:                 127
Lowest cost:                   2
Lowest correct cost:           2

Move Type       Proposed     Succeeded     Accepted      
                                                         
Add Nops        0%           0%            0%            
Delete          0%           0%            0%            
Instruction     14.2452%     2.28333%      0.739833%     
Opcode          14.2755%     6.2135%       3.095%        
OpcodeWidth     14.3017%     4.8285%       3.1465%       
Operand         14.3052%     7.584%        4.79983%      
Local Swap      14.2592%     2.37133%      0.961333%     
Global Swap     14.2875%     3.6765%       1.506%        
Rotate          14.3258%     3.97733%      1.725%        
                                                         
Total           100%         30.9345%      15.9735%      

********************************************************************************

Statistics Update: 

Iterations:                    700000
Elapsed Time:                  2.13319s
Iterations/s:                  328148

Starting cost:                 127
Lowest cost:                   2
Lowest correct cost:           2

Move Type       Proposed     Succeeded     Accepted      
                                                         
Add Nops        0%           0%            0%            
Delete          0%           0%            0%            
Instruction     14.2306%     2.34286%      0.723143%     
Opcode          14.2629%     6.37271%      3.21843%      
OpcodeWidth     14.3046%     4.78843%      3.06957%      
Operand         14.3009%     7.69243%      4.79129%      
Local Swap      14.2794%     2.198%        0.96%         
Global Swap     14.306%      3.39786%      1.49357%      
Rotate          14.3157%     3.70086%      1.70929%      
                                                         
Total           100%         30.4931%      15.9653%      

********************************************************************************

Statistics Update: 

Iterations:                    800000
Elapsed Time:                  2.40348s
Iterations/s:                  332851

Starting cost:                 127
Lowest cost:                   2
Lowest correct cost:           2

Move Type       Proposed     Succeeded     Accepted      
                                                         
Add Nops        0%           0%            0%            
Delete          0%           0%            0%            
Instruction     14.2108%     2.38587%      0.719125%     
Opcode          14.2828%     6.34325%      3.151%        
OpcodeWidth     14.3123%     4.79988%      3.06588%      
Operand         14.3235%     7.72713%      4.759%        
Local Swap      14.2587%     2.064%        0.947375%     
Global Swap     14.2994%     3.18625%      1.47637%      
Rotate          14.3126%     3.49162%      1.68775%      
                                                         
Total           100%         29.998%       15.8065%      

********************************************************************************

Statistics Update: 

Iterations:                    900000
Elapsed Time:                  2.69138s
Iterations/s:                  334401

Starting cost:                 127
Lowest cost:                   2
Lowest correct cost:           2

Move Type       Proposed     Succeeded     Accepted      
                                                         
Add Nops        0%           0%            0%            
Delete          0%           0%            0%            
Instruction     14.1982%     2.40456%      0.713%        
Opcode          14.2998%     6.31222%      3.09278%      
OpcodeWidth     14.3118%     4.81378%      3.07644%      
Operand         14.329%      7.72922%      4.75489%      
Local Swap      14.2548%     2.02511%      0.943111%     
Global Swap     14.313%      3.134%        1.46811%      
Rotate          14.2934%     3.42833%      1.67256%      
                                                         
Total           100%         29.8472%      15.7209%      

********************************************************************************

Statistics Update: 

Iterations:                    1000000
Elapsed Time:                  2.98341s
Iterations/s:                  335187

Starting cost:                 127
Lowest cost:                   2
Lowest correct cost:           2

Move Type       Proposed     Succeeded     Accepted     
                                                        
Add Nops        0%           0%            0%           
Delete          0%           0%            0%           
Instruction     14.2187%     2.4116%       0.7144%      
Opcode          14.2959%     6.2907%       3.0678%      
OpcodeWidth     14.2893%     4.8076%       3.0773%      
Operand         14.3294%     7.7246%       4.754%       
Local Swap      14.2659%     2.0057%       0.9495%      
Global Swap     14.3037%     3.1108%       1.4792%      
Rotate          14.2971%     3.4069%       1.6796%      
                                                        
Total           100%         29.7579%      15.7218%     

********************************************************************************

Line no: 0 (0, 4)
Line no: 1 (0, 4)
Line no: 2 (0, 4)
Line no: 3 (0, 4)
Line no: 0 (0, 4)
Line no: 1 (0, 4)
Line no: 2 (0, 4)
Line no: 3 (0, 4)
Checking for leakage on path:

Line map: 4
Examining BB: 1
Instr at index 0, line 0: ._Z11transform32jj:
Leakage as of index 0: 1
Instr at index 1, line 1: movl %edi, %eax
Leakage as of index 1: 1
Instr at index 2, line 2: subl %esi, %eax
SUBL SRC: %esi = %rsi_INIT[31:0]
Checking leakage for constraint set 0
Found SAT
Checking leakage for constraint set 1
Found leakage
Leakage as of index 2: 0
Instr at index 3, line 3: retq
Leakage as of index 3: 0
Unable to discover a new correct rewrite before timing out... 

********************************************************************************

Restarting search
Running search (timeout is 1000000 iterations):

Progress Update: 

Lowest Cost Discovered (122)     Lowest Known Correct Cost (2)     
                                                                   
._Z11transform32jj:              ._Z11transform32jj:               
xorq %rax, %rax                  movl %edi, %eax                   
rorl $0xe0, %edi                 subl %esi, %eax                   
retq                             retq                              

********************************************************************************

Progress Update: 

Lowest Cost Discovered (120)     Lowest Known Correct Cost (2)     
                                                                   
._Z11transform32jj:              ._Z11transform32jj:               
andl %edi, %esi                  movl %edi, %eax                   
xorq %rax, %rax                  subl %esi, %eax                   
cwtl                             retq                              
retq                                                               

********************************************************************************

Progress Update: 

Lowest Cost Discovered (117)     Lowest Known Correct Cost (2)     
                                                                   
._Z11transform32jj:              ._Z11transform32jj:               
xorq %rax, %rax                  movl %edi, %eax                   
andl %edi, %esi                  subl %esi, %eax                   
imulq $0x20, %rsi, %rcx          retq                              
retq                                                               

********************************************************************************

Progress Update: 

Lowest Cost Discovered (116)     Lowest Known Correct Cost (2)     
                                                                   
._Z11transform32jj:              ._Z11transform32jj:               
andl %edi, %esi                  movl %edi, %eax                   
xorq %rax, %rax                  subl %esi, %eax                   
imull $0x20, %esi, %ecx          retq                              
retq                                                               

********************************************************************************

Progress Update: 

Lowest Cost Discovered (115)     Lowest Known Correct Cost (2)     
                                                                   
._Z11transform32jj:              ._Z11transform32jj:               
imull $0x20, %esi, %ecx          movl %edi, %eax                   
andl %edi, %esi                  subl %esi, %eax                   
xorq %rax, %rax                  retq                              
retq                                                               

********************************************************************************

Progress Update: 

Lowest Cost Discovered (114)      Lowest Known Correct Cost (2)     
                                                                    
._Z11transform32jj:               ._Z11transform32jj:               
imull $0xfffffff8, %esi, %r8d     movl %edi, %eax                   
andl %edi, %esi                   subl %esi, %eax                   
xorl %eax, %eax                   retq                              
retq                                                                

********************************************************************************

Progress Update: 

Lowest Cost Discovered (112)      Lowest Known Correct Cost (2)     
                                                                    
._Z11transform32jj:               ._Z11transform32jj:               
andl %edi, %esi                   movl %edi, %eax                   
imull $0xfffffff8, %esi, %r8d     subl %esi, %eax                   
xorl %eax, %eax                   retq                              
retq                                                                

********************************************************************************

Progress Update: 

Lowest Cost Discovered (111)     Lowest Known Correct Cost (2)     
                                                                   
._Z11transform32jj:              ._Z11transform32jj:               
andl %edi, %esi                  movl %edi, %eax                   
imull $0x5, %esi, %edi           subl %esi, %eax                   
xorq %rax, %rax                  retq                              
retq                                                               

********************************************************************************

Progress Update: 

Lowest Cost Discovered (109)     Lowest Known Correct Cost (2)     
                                                                   
._Z11transform32jj:              ._Z11transform32jj:               
andl %edi, %esi                  movl %edi, %eax                   
imull $0x7, %esi, %ecx           subl %esi, %eax                   
xorq %rax, %rax                  retq                              
retq                                                               

********************************************************************************

Progress Update: 

Lowest Cost Discovered (105)     Lowest Known Correct Cost (2)     
                                                                   
._Z11transform32jj:              ._Z11transform32jj:               
andl %edi, %esi                  movl %edi, %eax                   
shrl $0x1, %edi                  subl %esi, %eax                   
imull $0x7, %esi, %eax           retq                              
retq                                                               

********************************************************************************

Progress Update: 

Lowest Cost Discovered (104)     Lowest Known Correct Cost (2)     
                                                                   
._Z11transform32jj:              ._Z11transform32jj:               
movl %edi, %r10d                 movl %edi, %eax                   
imulq $0x3, %rdi, %rax           subl %esi, %eax                   
adcl %r10d, %eax                 retq                              
retq                                                               

********************************************************************************

Progress Update: 

Lowest Cost Discovered (102)     Lowest Known Correct Cost (2)     
                                                                   
._Z11transform32jj:              ._Z11transform32jj:               
addb $0x5, %dil                  movl %edi, %eax                   
imulq $0x3, %rdi, %rax           subl %esi, %eax                   
adcl %edi, %eax                  retq                              
retq                                                               

********************************************************************************

Progress Update: 

Lowest Cost Discovered (101)     Lowest Known Correct Cost (2)     
                                                                   
._Z11transform32jj:              ._Z11transform32jj:               
imulq $0x3, %rdi, %rax           movl %edi, %eax                   
adcl %edi, %eax                  subl %esi, %eax                   
btcl $0xff, %eax                 retq                              
retq                                                               

********************************************************************************

Progress Update: 

Lowest Cost Discovered (27)     Lowest Known Correct Cost (2)     
                                                                  
._Z11transform32jj:             ._Z11transform32jj:               
negl %esi                       movl %edi, %eax                   
imulq $0x3, %rdi, %rax          subl %esi, %eax                   
adcl %edi, %esi                 retq                              
retq                                                              

********************************************************************************

Progress Update: 

Lowest Cost Discovered (11)     Lowest Known Correct Cost (2)     
                                                                  
._Z11transform32jj:             ._Z11transform32jj:               
negl %esi                       movl %edi, %eax                   
imulq $0x1, %rdi, %rax          subl %esi, %eax                   
adcl %edi, %esi                 retq                              
retq                                                              

********************************************************************************

Progress Update: 

Lowest Cost Discovered (3)     Lowest Known Correct Cost (2)     
                                                                 
._Z11transform32jj:            ._Z11transform32jj:               
negl %esi                      movl %edi, %eax                   
addl %edi, %esi                subl %esi, %eax                   
imull $0x1, %esi, %eax         retq                              
retq                                                             

********************************************************************************

Statistics Update: 

Iterations:                    100000
Elapsed Time:                  0.313643s
Iterations/s:                  318834

Starting cost:                 127
Lowest cost:                   3
Lowest correct cost:           2

Move Type       Proposed     Succeeded     Accepted     
                                                        
Add Nops        0%           0%            0%           
Delete          0%           0%            0%           
Instruction     14.312%      2.02%         0.023%       
Opcode          14.313%      6.058%        1.476%       
OpcodeWidth     14.376%      5.673%        2.317%       
Operand         14.454%      6.85%         3.408%       
Local Swap      14.226%      3.291%        0.191%       
Global Swap     14.277%      5.35%         0.266%       
Rotate          14.042%      5.258%        0.322%       
                                                        
Total           100%         34.5%         8.003%       

********************************************************************************

Statistics Update: 

Iterations:                    200000
Elapsed Time:                  0.61312s
Iterations/s:                  326201

Starting cost:                 127
Lowest cost:                   3
Lowest correct cost:           2

Move Type       Proposed     Succeeded     Accepted     
                                                        
Add Nops        0%           0%            0%           
Delete          0%           0%            0%           
Instruction     14.2975%     2.0175%       0.016%       
Opcode          14.29%       5.803%        1.239%       
OpcodeWidth     14.205%      5.48%         2.129%       
Operand         14.391%      6.514%        3.2915%      
Local Swap      14.254%      3.3625%       0.0965%      
Global Swap     14.3575%     5.4085%       0.1345%      
Rotate          14.205%      5.3615%       0.1625%      
                                                        
Total           100%         33.947%       7.069%       

********************************************************************************

Statistics Update: 

Iterations:                    300000
Elapsed Time:                  0.909444s
Iterations/s:                  329872

Starting cost:                 127
Lowest cost:                   3
Lowest correct cost:           2

Move Type       Proposed     Succeeded     Accepted       
                                                          
Add Nops        0%           0%            0%             
Delete          0%           0%            0%             
Instruction     14.315%      2.021%        0.014%         
Opcode          14.308%      5.69667%      1.15033%       
OpcodeWidth     14.2777%     5.44233%      2.12167%       
Operand         14.331%      6.425%        3.27767%       
Local Swap      14.2393%     3.35667%      0.0643333%     
Global Swap     14.3027%     5.38333%      0.09%          
Rotate          14.2263%     5.36733%      0.109667%      
                                                          
Total           100%         33.6923%      6.82767%       

********************************************************************************

Statistics Update: 

Iterations:                    400000
Elapsed Time:                  1.2054s
Iterations/s:                  331840

Starting cost:                 127
Lowest cost:                   3
Lowest correct cost:           2

Move Type       Proposed     Succeeded     Accepted     
                                                        
Add Nops        0%           0%            0%           
Delete          0%           0%            0%           
Instruction     14.3353%     1.9965%       0.0125%      
Opcode          14.285%      5.6635%       1.10325%     
OpcodeWidth     14.2317%     5.399%        2.08975%     
Operand         14.3588%     6.413%        3.2745%      
Local Swap      14.2408%     3.3545%       0.0485%      
Global Swap     14.3685%     5.39925%      0.06825%     
Rotate          14.18%       5.335%        0.08225%     
                                                        
Total           100%         33.5607%      6.679%       

********************************************************************************

Statistics Update: 

Iterations:                    500000
Elapsed Time:                  1.50922s
Iterations/s:                  331297

Starting cost:                 127
Lowest cost:                   3
Lowest correct cost:           2

Move Type       Proposed     Succeeded     Accepted     
                                                        
Add Nops        0%           0%            0%           
Delete          0%           0%            0%           
Instruction     14.3272%     2.0172%       0.0114%      
Opcode          14.2828%     5.9254%       1.3842%      
OpcodeWidth     14.2644%     5.3246%       1.9984%      
Operand         14.3282%     6.506%        3.305%       
Local Swap      14.2926%     3.3024%       0.0528%      
Global Swap     14.3264%     5.2658%       0.0784%      
Rotate          14.1784%     5.242%        0.0866%      
                                                        
Total           100%         33.5834%      6.9168%      

********************************************************************************

Statistics Update: 

Iterations:                    600000
Elapsed Time:                  1.77747s
Iterations/s:                  337558

Starting cost:                 127
Lowest cost:                   3
Lowest correct cost:           2

Move Type       Proposed     Succeeded     Accepted       
                                                          
Add Nops        0%           0%            0%             
Delete          0%           0%            0%             
Instruction     14.2975%     2.10733%      0.0101667%     
Opcode          14.3067%     6.44917%      1.89017%       
OpcodeWidth     14.2148%     5.17317%      1.83867%       
Operand         14.3218%     6.72117%      3.309%         
Local Swap      14.2965%     2.9325%       0.044%         
Global Swap     14.3353%     4.68517%      0.0653333%     
Rotate          14.2273%     4.81533%      0.0721667%     
                                                          
Total           100%         32.8838%      7.2295%        

********************************************************************************

Statistics Update: 

Iterations:                    700000
Elapsed Time:                  2.05394s
Iterations/s:                  340808

Starting cost:                 127
Lowest cost:                   3
Lowest correct cost:           2

Move Type       Proposed     Succeeded     Accepted        
                                                           
Add Nops        0%           0%            0%              
Delete          0%           0%            0%              
Instruction     14.3079%     2.15557%      0.00942857%     
Opcode          14.3214%     6.806%        2.24086%        
OpcodeWidth     14.2199%     5.08%         1.72714%        
Operand         14.299%      6.86114%      3.32486%        
Local Swap      14.3026%     2.72157%      0.0412857%      
Global Swap     14.315%      4.33471%      0.0598571%      
Rotate          14.2343%     4.55671%      0.0667143%      
                                                           
Total           100%         32.5157%      7.47014%        

********************************************************************************

Statistics Update: 

Iterations:                    800000
Elapsed Time:                  2.32256s
Iterations/s:                  344448

Starting cost:                 127
Lowest cost:                   3
Lowest correct cost:           2

Move Type       Proposed     Succeeded     Accepted      
                                                         
Add Nops        0%           0%            0%            
Delete          0%           0%            0%            
Instruction     14.324%      2.20187%      0.0085%       
Opcode          14.3057%     7.07613%      2.4955%       
OpcodeWidth     14.2355%     5.01037%      1.65325%      
Operand         14.2976%     6.96887%      3.329%        
Local Swap      14.3038%     2.52475%      0.036125%     
Global Swap     14.3046%     4.02337%      0.052375%     
Rotate          14.2287%     4.32575%      0.058375%     
                                                         
Total           100%         32.1311%      7.63312%      

********************************************************************************

Statistics Update: 

Iterations:                    900000
Elapsed Time:                  2.58825s
Iterations/s:                  347725

Starting cost:                 127
Lowest cost:                   3
Lowest correct cost:           2

Move Type       Proposed     Succeeded     Accepted       
                                                          
Add Nops        0%           0%            0%             
Delete          0%           0%            0%             
Instruction     14.3191%     2.24267%      0.008%         
Opcode          14.2947%     7.22056%      2.63422%       
OpcodeWidth     14.2523%     4.984%        1.60978%       
Operand         14.3086%     7.03089%      3.32711%       
Local Swap      14.2903%     2.36933%      0.0328889%     
Global Swap     14.2989%     3.78233%      0.0482222%     
Rotate          14.2361%     4.15267%      0.0544444%     
                                                          
Total           100%         31.7824%      7.71467%       

********************************************************************************

Statistics Update: 

Iterations:                    1000000
Elapsed Time:                  2.83422s
Iterations/s:                  352830

Starting cost:                 127
Lowest cost:                   3
Lowest correct cost:           2

Move Type       Proposed     Succeeded     Accepted     
                                                        
Add Nops        0%           0%            0%           
Delete          0%           0%            0%           
Instruction     14.3253%     2.2735%       0.0073%      
Opcode          14.298%      7.0586%       2.4623%      
OpcodeWidth     14.2461%     5.0251%       1.6416%      
Operand         14.3158%     7.0376%       3.2966%      
Local Swap      14.2917%     2.2486%       0.0296%      
Global Swap     14.3052%     3.5846%       0.0434%      
Rotate          14.2179%     4.0028%       0.049%       
                                                        
Total           100%         31.2308%      7.5298%      

********************************************************************************

Line no: 0 (0, 4)
Line no: 1 (0, 4)
Line no: 2 (0, 4)
Line no: 3 (0, 4)
Line no: 0 (0, 4)
Line no: 1 (0, 4)
Line no: 2 (0, 4)
Line no: 3 (0, 4)
Checking for leakage on path:

Line map: 4
Examining BB: 1
Instr at index 0, line 0: ._Z11transform32jj:
Leakage as of index 0: 1
Instr at index 1, line 1: movl %edi, %eax
Leakage as of index 1: 1
Instr at index 2, line 2: subl %esi, %eax
SUBL SRC: %esi = %rsi_INIT[31:0]
Checking leakage for constraint set 0
Found SAT
Checking leakage for constraint set 1
Found leakage
Leakage as of index 2: 0
Instr at index 3, line 3: retq
Leakage as of index 3: 0
Unable to discover a new correct rewrite before timing out... 

********************************************************************************

################################################################################

Final update:

Total search iterations:       16000000
Number of attempted searches:  16
Total search time:             46.9509s
Total time:                    47.2722s

Statistics of last search

Iterations:                    1000000
Elapsed Time:                  2.83429s
Iterations/s:                  352822

Starting cost:                 127
Lowest cost:                   3
Lowest correct cost:           2

Move Type       Proposed     Succeeded     Accepted     
                                                        
Add Nops        0%           0%            0%           
Delete          0%           0%            0%           
Instruction     14.3253%     2.2735%       0.0073%      
Opcode          14.298%      7.0586%       2.4623%      
OpcodeWidth     14.2461%     5.0251%       1.6416%      
Operand         14.3158%     7.0376%       3.2966%      
Local Swap      14.2917%     2.2486%       0.0296%      
Global Swap     14.3052%     3.5846%       0.0434%      
Rotate          14.2179%     4.0028%       0.049%       
                                                        
Total           100%         31.2308%      7.5298%      

Lowest Cost Discovered (3)     Lowest Known Correct Cost (2)     
                                                                 
._Z11transform32jj:            ._Z11transform32jj:               
negl %esi                      movl %edi, %eax                   
addl %edi, %esi                subl %esi, %eax                   
imull $0x1, %esi, %eax         retq                              
retq                                                             

################################################################################

FATAL ERROR: Search terminated unsuccessfully; unable to discover a new rewrite!
