Running search (timeout is 1000000 iterations):

Progress Update: 

Lowest Cost Discovered (121)     Lowest Known Correct Cost (2)     
                                                                   
._Z11transform32jj:              ._Z11transform32jj:               
btcl $0xfc, %esi                 movl %edi, %eax                   
xorq %rax, %rax                  subl %esi, %eax                   
retq                             retq                              

********************************************************************************

Progress Update: 

Lowest Cost Discovered (120)     Lowest Known Correct Cost (2)     
                                                                   
._Z11transform32jj:              ._Z11transform32jj:               
movzbw %dil, %di                 movl %edi, %eax                   
incl %edi                        subl %esi, %eax                   
xorl %eax, %eax                  retq                              
retq                                                               

********************************************************************************

Progress Update: 

Lowest Cost Discovered (118)     Lowest Known Correct Cost (2)     
                                                                   
._Z11transform32jj:              ._Z11transform32jj:               
decl %edi                        movl %edi, %eax                   
xorl %eax, %eax                  subl %esi, %eax                   
movzbw %dil, %di                 retq                              
retq                                                               

********************************************************************************

Progress Update: 

Lowest Cost Discovered (117)     Lowest Known Correct Cost (2)     
                                                                   
._Z11transform32jj:              ._Z11transform32jj:               
movzbw %sil, %di                 movl %edi, %eax                   
xorl %eax, %eax                  subl %esi, %eax                   
decl %edi                        retq                              
retq                                                               

********************************************************************************

Progress Update: 

Lowest Cost Discovered (115)     Lowest Known Correct Cost (2)     
                                                                   
._Z11transform32jj:              ._Z11transform32jj:               
decl %edi                        movl %edi, %eax                   
movzbw %sil, %di                 subl %esi, %eax                   
xorl %eax, %eax                  retq                              
retq                                                               

********************************************************************************

Progress Update: 

Lowest Cost Discovered (113)     Lowest Known Correct Cost (2)     
                                                                   
._Z11transform32jj:              ._Z11transform32jj:               
movzbw %sil, %di                 movl %edi, %eax                   
incl %edi                        subl %esi, %eax                   
xorl %eax, %eax                  retq                              
retq                                                               

********************************************************************************

Progress Update: 

Lowest Cost Discovered (110)     Lowest Known Correct Cost (2)     
                                                                   
._Z11transform32jj:              ._Z11transform32jj:               
movsbw %sil, %di                 movl %edi, %eax                   
leal 0x6(,%rdi,1), %eax          subl %esi, %eax                   
bswap %edi                       retq                              
retq                                                               

********************************************************************************

Progress Update: 

Lowest Cost Discovered (107)     Lowest Known Correct Cost (2)     
                                                                   
._Z11transform32jj:              ._Z11transform32jj:               
leal 0x6(,%rdi,1), %eax          movl %edi, %eax                   
movsbw %sil, %di                 subl %esi, %eax                   
bswap %edi                       retq                              
retq                                                               

********************************************************************************

Progress Update: 

Lowest Cost Discovered (105)     Lowest Known Correct Cost (2)     
                                                                   
._Z11transform32jj:              ._Z11transform32jj:               
leal 0x4(,%rsi,4), %eax          movl %edi, %eax                   
movsbw %sil, %di                 subl %esi, %eax                   
bswap %edi                       retq                              
retq                                                               

********************************************************************************

Progress Update: 

Lowest Cost Discovered (104)     Lowest Known Correct Cost (2)     
                                                                   
._Z11transform32jj:              ._Z11transform32jj:               
movzbw %sil, %di                 movl %edi, %eax                   
leal -0x3(%rdi,%rdi,4), %eax     subl %esi, %eax                   
bswap %edi                       retq                              
retq                                                               

********************************************************************************

Progress Update: 

Lowest Cost Discovered (103)     Lowest Known Correct Cost (2)     
                                                                   
._Z11transform32jj:              ._Z11transform32jj:               
leal 0x20(,%edi,8), %eax         movl %edi, %eax                   
sarl $0x1, %edi                  subl %esi, %eax                   
incl %esi                        retq                              
retq                                                               

********************************************************************************

Progress Update: 

Lowest Cost Discovered (102)     Lowest Known Correct Cost (2)     
                                                                   
._Z11transform32jj:              ._Z11transform32jj:               
btrl %edi, %edi                  movl %edi, %eax                   
incl %esi                        subl %esi, %eax                   
leaq 0x20(,%edi,8), %rax         retq                              
retq                                                               

********************************************************************************

Progress Update: 

Lowest Cost Discovered (99)     Lowest Known Correct Cost (2)     
                                                                  
._Z11transform32jj:             ._Z11transform32jj:               
rorb $0x1, %dil                 movl %edi, %eax                   
btsl %edi, %edi                 subl %esi, %eax                   
leal 0x20(,%edi,8), %eax        retq                              
retq                                                              

********************************************************************************

Progress Update: 

Lowest Cost Discovered (98)     Lowest Known Correct Cost (2)     
                                                                  
._Z11transform32jj:             ._Z11transform32jj:               
leal 0x20(,%edi,8), %eax        movl %edi, %eax                   
sarl $0x1, %edi                 subl %esi, %eax                   
xorl %edi, %esi                 retq                              
retq                                                              

********************************************************************************

Progress Update: 

Lowest Cost Discovered (96)     Lowest Known Correct Cost (2)     
                                                                  
._Z11transform32jj:             ._Z11transform32jj:               
leaq 0x4(,%edi,8), %rax         movl %edi, %eax                   
addl $0xffffffc0, %esi          subl %esi, %eax                   
sbbl $0xfffffff9, %edi          retq                              
retq                                                              

********************************************************************************

Progress Update: 

Lowest Cost Discovered (95)     Lowest Known Correct Cost (2)     
                                                                  
._Z11transform32jj:             ._Z11transform32jj:               
leaq 0x4(,%edi,8), %rax         movl %edi, %eax                   
addl $0xffffffc0, %esi          subl %esi, %eax                   
sbbl $0xf9, %edi                retq                              
retq                                                              

********************************************************************************

Progress Update: 

Lowest Cost Discovered (11)     Lowest Known Correct Cost (2)     
                                                                  
._Z11transform32jj:             ._Z11transform32jj:               
movl $0xf9, %edx                movl %edi, %eax                   
leal 0x4(,%edi,8), %eax         subl %esi, %eax                   
subl %esi, %edi                 retq                              
retq                                                              

********************************************************************************

Progress Update: 

Lowest Cost Discovered (3)     Lowest Known Correct Cost (2)     
                                                                 
._Z11transform32jj:            ._Z11transform32jj:               
subl %esi, %edi                movl %edi, %eax                   
movl $0xfffffff8, %eax         subl %esi, %eax                   
movl %edi, %eax                retq                              
retq                                                             

********************************************************************************

Progress Update: 

Lowest Cost Discovered (2)     Lowest Known Correct Cost (2)     
                                                                 
._Z11transform32jj:            ._Z11transform32jj:               
subq %rsi, %rdi                movl %edi, %eax                   
movl %edi, %eax                subl %esi, %eax                   
retq                           retq                              

********************************************************************************

Statistics Update: 

Iterations:                    100000
Elapsed Time:                  0.37567s
Iterations/s:                  266191

Starting cost:                 127
Lowest cost:                   2
Lowest correct cost:           2

Move Type       Proposed     Succeeded     Accepted     
                                                        
Add Nops        0%           0%            0%           
Delete          0%           0%            0%           
Instruction     14.267%      2.37%         0.558%       
Opcode          14.434%      6.59%         2.8%         
OpcodeWidth     14.224%      5.269%        2.892%       
Operand         14.133%      7.45%         4.14%        
Local Swap      14.279%      2.543%        1.21%        
Global Swap     14.437%      4.048%        1.958%       
Rotate          14.226%      4.251%        2.177%       
                                                        
Total           100%         32.521%       15.735%      

********************************************************************************

Statistics Update: 

Iterations:                    200000
Elapsed Time:                  0.670402s
Iterations/s:                  298328

Starting cost:                 127
Lowest cost:                   2
Lowest correct cost:           2

Move Type       Proposed     Succeeded     Accepted     
                                                        
Add Nops        0%           0%            0%           
Delete          0%           0%            0%           
Instruction     14.1915%     2.2845%       0.6545%      
Opcode          14.375%      6.268%        2.824%       
OpcodeWidth     14.3125%     5.1745%       3.143%       
Operand         14.2355%     7.425%        4.5565%      
Local Swap      14.3685%     2.571%        1.0735%      
Global Swap     14.3285%     3.9705%       1.715%       
Rotate          14.1885%     4.218%        1.931%       
                                                        
Total           100%         31.9115%      15.8975%     

********************************************************************************

Statistics Update: 

Iterations:                    300000
Elapsed Time:                  0.962181s
Iterations/s:                  311792

Starting cost:                 127
Lowest cost:                   2
Lowest correct cost:           2

Move Type       Proposed     Succeeded     Accepted     
                                                        
Add Nops        0%           0%            0%           
Delete          0%           0%            0%           
Instruction     14.2197%     2.30433%      0.671%       
Opcode          14.3373%     6.213%        2.837%       
OpcodeWidth     14.29%       5.07667%      3.155%       
Operand         14.257%      7.429%        4.67%        
Local Swap      14.3793%     2.54167%      1.03633%     
Global Swap     14.2983%     3.90667%      1.62533%     
Rotate          14.2183%     4.16867%      1.83833%     
                                                        
Total           100%         31.64%        15.833%      

********************************************************************************

Statistics Update: 

Iterations:                    400000
Elapsed Time:                  1.251s
Iterations/s:                  319743

Starting cost:                 127
Lowest cost:                   2
Lowest correct cost:           2

Move Type       Proposed     Succeeded     Accepted     
                                                        
Add Nops        0%           0%            0%           
Delete          0%           0%            0%           
Instruction     14.1975%     2.254%        0.6875%      
Opcode          14.2777%     6.09575%      2.80025%     
OpcodeWidth     14.296%      5.03125%      3.1815%      
Operand         14.3075%     7.389%        4.73825%     
Local Swap      14.4023%     2.5505%       1.02175%     
Global Swap     14.2873%     3.92125%      1.588%       
Rotate          14.2317%     4.167%        1.78925%     
                                                        
Total           100%         31.4088%      15.8065%     

********************************************************************************

Statistics Update: 

Iterations:                    500000
Elapsed Time:                  1.54696s
Iterations/s:                  323214

Starting cost:                 127
Lowest cost:                   2
Lowest correct cost:           2

Move Type       Proposed     Succeeded     Accepted     
                                                        
Add Nops        0%           0%            0%           
Delete          0%           0%            0%           
Instruction     14.1994%     2.253%        0.7006%      
Opcode          14.2432%     6.0914%       2.8282%      
OpcodeWidth     14.3218%     5.0246%       3.219%       
Operand         14.2974%     7.4222%       4.7934%      
Local Swap      14.3694%     2.5394%       1.018%       
Global Swap     14.3316%     3.9306%       1.602%       
Rotate          14.2372%     4.1724%       1.8034%      
                                                        
Total           100%         31.4336%      15.9646%     

********************************************************************************

Statistics Update: 

Iterations:                    600000
Elapsed Time:                  1.83358s
Iterations/s:                  327229

Starting cost:                 127
Lowest cost:                   2
Lowest correct cost:           2

Move Type       Proposed     Succeeded     Accepted      
                                                         
Add Nops        0%           0%            0%            
Delete          0%           0%            0%            
Instruction     14.2325%     2.23467%      0.6835%       
Opcode          14.2205%     6.0715%       2.72783%      
OpcodeWidth     14.3088%     4.9615%       3.15967%      
Operand         14.2983%     7.33367%      4.71183%      
Local Swap      14.3313%     2.58283%      0.959333%     
Global Swap     14.3527%     4.02383%      1.52167%      
Rotate          14.2558%     4.24417%      1.7025%       
                                                         
Total           100%         31.4522%      15.4663%      

********************************************************************************

Statistics Update: 

Iterations:                    700000
Elapsed Time:                  2.12625s
Iterations/s:                  329219

Starting cost:                 127
Lowest cost:                   2
Lowest correct cost:           2

Move Type       Proposed     Succeeded     Accepted      
                                                         
Add Nops        0%           0%            0%            
Delete          0%           0%            0%            
Instruction     14.233%      2.23114%      0.698286%     
Opcode          14.2357%     6.05671%      2.73329%      
OpcodeWidth     14.3094%     4.95629%      3.17471%      
Operand         14.2964%     7.33043%      4.73629%      
Local Swap      14.3123%     2.57157%      0.950429%     
Global Swap     14.3763%     4.03257%      1.51286%      
Rotate          14.2369%     4.24257%      1.69143%      
                                                         
Total           100%         31.4213%      15.4973%      

********************************************************************************

Statistics Update: 

Iterations:                    800000
Elapsed Time:                  2.41759s
Iterations/s:                  330908

Starting cost:                 127
Lowest cost:                   2
Lowest correct cost:           2

Move Type       Proposed     Succeeded     Accepted     
                                                        
Add Nops        0%           0%            0%           
Delete          0%           0%            0%           
Instruction     14.2308%     2.26638%      0.67025%     
Opcode          14.2515%     6.21125%      2.79625%     
OpcodeWidth     14.2871%     4.96025%      3.15587%     
Operand         14.2955%     7.33437%      4.71462%     
Local Swap      14.3164%     2.52513%      0.96175%     
Global Swap     14.3609%     3.95538%      1.52163%     
Rotate          14.2579%     4.1875%       1.691%       
                                                        
Total           100%         31.4402%      15.5114%     

********************************************************************************

Statistics Update: 

Iterations:                    900000
Elapsed Time:                  2.71092s
Iterations/s:                  331991

Starting cost:                 127
Lowest cost:                   2
Lowest correct cost:           2

Move Type       Proposed     Succeeded     Accepted      
                                                         
Add Nops        0%           0%            0%            
Delete          0%           0%            0%            
Instruction     14.2331%     2.26522%      0.681667%     
Opcode          14.2752%     6.20378%      2.80667%      
OpcodeWidth     14.2764%     4.95867%      3.166%        
Operand         14.2808%     7.33667%      4.72144%      
Local Swap      14.3242%     2.52211%      0.960111%     
Global Swap     14.3561%     3.95011%      1.51567%      
Rotate          14.2541%     4.18689%      1.67478%      
                                                         
Total           100%         31.4234%      15.5263%      

********************************************************************************

Statistics Update: 

Iterations:                    1000000
Elapsed Time:                  2.98806s
Iterations/s:                  334665

Starting cost:                 127
Lowest cost:                   2
Lowest correct cost:           2

Move Type       Proposed     Succeeded     Accepted     
                                                        
Add Nops        0%           0%            0%           
Delete          0%           0%            0%           
Instruction     14.2407%     2.2839%       0.6882%      
Opcode          14.2578%     6.1731%       2.7875%      
OpcodeWidth     14.2869%     4.9464%       3.154%       
Operand         14.272%      7.3429%       4.7087%      
Local Swap      14.3173%     2.4774%       0.9569%      
Global Swap     14.3674%     3.8825%       1.5039%      
Rotate          14.2579%     4.1136%       1.6627%      
                                                        
Total           100%         31.2198%      15.4619%     

********************************************************************************

Line no: 0 (0, 4)
Line no: 1 (0, 4)
Line no: 2 (0, 4)
Line no: 3 (0, 4)
Line no: 0 (0, 4)
Line no: 1 (0, 4)
Line no: 2 (0, 4)
Line no: 3 (0, 4)
Checking for leakage on path:

Line map: 4
Examining BB: 1
Instr at index 0, line 0: ._Z11transform32jj:
Leakage as of index 0: 0
Instr at index 1, line 1: movl %edi, %eax
Leakage as of index 1: 0
Instr at index 2, line 2: subl %esi, %eax
SUBL SRC: %esi = %rsi_INIT[31:0]
Checking leakage for constraint set 0
Found SAT
Checking leakage for constraint set 1
Found leakage
Leakage as of index 2: 0
Instr at index 3, line 3: retq
Leakage as of index 3: 0
Unable to discover a new correct rewrite before timing out... 

********************************************************************************

Restarting search
Running search (timeout is 1000000 iterations):

Progress Update: 

Lowest Cost Discovered (122)     Lowest Known Correct Cost (2)     
                                                                   
._Z11transform32jj:              ._Z11transform32jj:               
xorl %eax, %eax                  movl %edi, %eax                   
movswl %di, %r10d                subl %esi, %eax                   
retq                             retq                              

********************************************************************************

Progress Update: 

Lowest Cost Discovered (120)     Lowest Known Correct Cost (2)     
                                                                   
._Z11transform32jj:              ._Z11transform32jj:               
movzwl %si, %r8d                 movl %edi, %eax                   
xorl %eax, %eax                  subl %esi, %eax                   
orl %edi, %esi                   retq                              
retq                                                               

********************************************************************************

Progress Update: 

Lowest Cost Discovered (117)     Lowest Known Correct Cost (2)     
                                                                   
._Z11transform32jj:              ._Z11transform32jj:               
movzwq %si, %r11                 movl %edi, %eax                   
xorl %eax, %eax                  subl %esi, %eax                   
xorl %edi, %esi                  retq                              
retq                                                               

********************************************************************************

Progress Update: 

Lowest Cost Discovered (116)     Lowest Known Correct Cost (2)     
                                                                   
._Z11transform32jj:              ._Z11transform32jj:               
crc32b %dil, %esi                movl %edi, %eax                   
orl $0x6, %edi                   subl %esi, %eax                   
xorl %eax, %eax                  retq                              
retq                                                               

********************************************************************************

Progress Update: 

Lowest Cost Discovered (113)     Lowest Known Correct Cost (2)     
                                                                   
._Z11transform32jj:              ._Z11transform32jj:               
xorl %eax, %eax                  movl %edi, %eax                   
crc32w %di, %esi                 subl %esi, %eax                   
orl $0x6, %edi                   retq                              
retq                                                               

********************************************************************************

Progress Update: 

Lowest Cost Discovered (111)     Lowest Known Correct Cost (2)     
                                                                   
._Z11transform32jj:              ._Z11transform32jj:               
crc32w %di, %esi                 movl %edi, %eax                   
subl $0x4, %edi                  subl %esi, %eax                   
xorl %eax, %eax                  retq                              
retq                                                               

********************************************************************************

Progress Update: 

Lowest Cost Discovered (110)     Lowest Known Correct Cost (2)     
                                                                   
._Z11transform32jj:              ._Z11transform32jj:               
xorl %eax, %eax                  movl %edi, %eax                   
subl $0x4, %edi                  subl %esi, %eax                   
crc32w %di, %esi                 retq                              
retq                                                               

********************************************************************************

Progress Update: 

Lowest Cost Discovered (109)     Lowest Known Correct Cost (2)     
                                                                   
._Z11transform32jj:              ._Z11transform32jj:               
addl $0x6, %edi                  movl %edi, %eax                   
imull $0x3, %edi, %eax           subl %esi, %eax                   
btcl $0x6, %esi                  retq                              
retq                                                               

********************************************************************************

Progress Update: 

Lowest Cost Discovered (107)     Lowest Known Correct Cost (2)     
                                                                   
._Z11transform32jj:              ._Z11transform32jj:               
btcl $0x6, %esi                  movl %edi, %eax                   
addq $0x7, %rdi                  subl %esi, %eax                   
imull $0x3, %edi, %eax           retq                              
retq                                                               

********************************************************************************

Progress Update: 

Lowest Cost Discovered (106)     Lowest Known Correct Cost (2)     
                                                                   
._Z11transform32jj:              ._Z11transform32jj:               
imull $0x3, %edi, %eax           movl %edi, %eax                   
shrl $0x6, %esi                  subl %esi, %eax                   
imull %edi, %edi                 retq                              
retq                                                               

********************************************************************************

Progress Update: 

Lowest Cost Discovered (99)     Lowest Known Correct Cost (2)     
                                                                  
._Z11transform32jj:             ._Z11transform32jj:               
imull $0x4, %esi, %eax          movl %edi, %eax                   
xorl %edi, %eax                 subl %esi, %eax                   
shrl $0x6, %esi                 retq                              
retq                                                              

********************************************************************************

Progress Update: 

Lowest Cost Discovered (93)     Lowest Known Correct Cost (2)     
                                                                  
._Z11transform32jj:             ._Z11transform32jj:               
imull $0x4, %esi, %eax          movl %edi, %eax                   
xorw %di, %ax                   subl %esi, %eax                   
sarl $0x6, %esi                 retq                              
retq                                                              

********************************************************************************

Progress Update: 

Lowest Cost Discovered (11)     Lowest Known Correct Cost (2)     
                                                                  
._Z11transform32jj:             ._Z11transform32jj:               
imull $0x4, %esi, %eax          movl %edi, %eax                   
subl %esi, %edi                 subl %esi, %eax                   
subw %di, %ax                   retq                              
retq                                                              

********************************************************************************

Progress Update: 

Lowest Cost Discovered (3)        Lowest Known Correct Cost (2)     
                                                                    
._Z11transform32jj:               ._Z11transform32jj:               
imull $0xffffffff, %edi, %eax     movl %edi, %eax                   
sbbl %esi, %edi                   subl %esi, %eax                   
movq %rdi, %rax                   retq                              
retq                                                                

********************************************************************************

Progress Update: 

Lowest Cost Discovered (2)     Lowest Known Correct Cost (2)     
                                                                 
._Z11transform32jj:            ._Z11transform32jj:               
subl %esi, %edi                movl %edi, %eax                   
movl %edi, %eax                subl %esi, %eax                   
retq                           retq                              

********************************************************************************

Statistics Update: 

Iterations:                    100000
Elapsed Time:                  0.309149s
Iterations/s:                  323468

Starting cost:                 127
Lowest cost:                   2
Lowest correct cost:           2

Move Type       Proposed     Succeeded     Accepted     
                                                        
Add Nops        0%           0%            0%           
Delete          0%           0%            0%           
Instruction     14.601%      2.336%        0.76%        
Opcode          14.162%      6.002%        2.805%       
OpcodeWidth     14.143%      4.93%         3.112%       
Operand         14.369%      7.428%        4.645%       
Local Swap      14.169%      2.567%        1.029%       
Global Swap     14.213%      4.038%        1.566%       
Rotate          14.343%      4.423%        1.915%       
                                                        
Total           100%         31.724%       15.832%      

********************************************************************************

Statistics Update: 

Iterations:                    200000
Elapsed Time:                  0.606749s
Iterations/s:                  329626

Starting cost:                 127
Lowest cost:                   2
Lowest correct cost:           2

Move Type       Proposed     Succeeded     Accepted     
                                                        
Add Nops        0%           0%            0%           
Delete          0%           0%            0%           
Instruction     14.417%      2.224%        0.75%        
Opcode          14.2725%     5.9245%       2.807%       
OpcodeWidth     14.2375%     4.8605%       3.1515%      
Operand         14.4725%     7.3855%       4.7645%      
Local Swap      14.2115%     2.564%        0.991%       
Global Swap     14.196%      3.9645%       1.492%       
Rotate          14.193%      4.3065%       1.786%       
                                                        
Total           100%         31.2295%      15.742%      

********************************************************************************

Statistics Update: 

Iterations:                    300000
Elapsed Time:                  0.905748s
Iterations/s:                  331218

Starting cost:                 127
Lowest cost:                   2
Lowest correct cost:           2

Move Type       Proposed     Succeeded     Accepted      
                                                         
Add Nops        0%           0%            0%            
Delete          0%           0%            0%            
Instruction     14.2603%     2.21967%      0.702%        
Opcode          14.3363%     6.09233%      2.831%        
OpcodeWidth     14.2303%     4.944%        3.24333%      
Operand         14.438%      7.29233%      4.681%        
Local Swap      14.204%      2.49933%      0.962667%     
Global Swap     14.284%      3.90767%      1.492%        
Rotate          14.247%      4.225%        1.73233%      
                                                         
Total           100%         31.1803%      15.6443%      

********************************************************************************

Statistics Update: 

Iterations:                    400000
Elapsed Time:                  1.22641s
Iterations/s:                  326154

Starting cost:                 127
Lowest cost:                   2
Lowest correct cost:           2

Move Type       Proposed     Succeeded     Accepted     
                                                        
Add Nops        0%           0%            0%           
Delete          0%           0%            0%           
Instruction     14.2835%     2.2195%       0.727%       
Opcode          14.3255%     6.4225%       3.02575%     
OpcodeWidth     14.271%      5.18675%      3.4895%      
Operand         14.409%      7.1915%       4.584%       
Local Swap      14.2103%     2.53175%      0.96925%     
Global Swap     14.2713%     3.93475%      1.4805%      
Rotate          14.2295%     4.2345%       1.7265%      
                                                        
Total           100%         31.7213%      16.0025%     

********************************************************************************

Statistics Update: 

Iterations:                    500000
Elapsed Time:                  1.53067s
Iterations/s:                  326655

Starting cost:                 127
Lowest cost:                   2
Lowest correct cost:           2

Move Type       Proposed     Succeeded     Accepted     
                                                        
Add Nops        0%           0%            0%           
Delete          0%           0%            0%           
Instruction     14.2598%     2.2196%       0.7386%      
Opcode          14.3376%     6.3038%       2.969%       
OpcodeWidth     14.2822%     5.1516%       3.4544%      
Operand         14.3748%     7.2072%       4.6514%      
Local Swap      14.21%       2.5402%       0.9708%      
Global Swap     14.2616%     3.948%        1.4724%      
Rotate          14.274%      4.2606%       1.7372%      
                                                        
Total           100%         31.631%       15.9938%     

********************************************************************************

Statistics Update: 

Iterations:                    600000
Elapsed Time:                  1.82489s
Iterations/s:                  328786

Starting cost:                 127
Lowest cost:                   2
Lowest correct cost:           2

Move Type       Proposed     Succeeded     Accepted      
                                                         
Add Nops        0%           0%            0%            
Delete          0%           0%            0%            
Instruction     14.2478%     2.205%        0.719833%     
Opcode          14.3093%     6.30983%      2.975%        
OpcodeWidth     14.319%      5.10317%      3.38967%      
Operand         14.3952%     7.22367%      4.67083%      
Local Swap      14.2033%     2.513%        0.954333%     
Global Swap     14.2715%     3.90817%      1.4385%       
Rotate          14.2538%     4.21233%      1.68033%      
                                                         
Total           100%         31.4752%      15.8285%      

********************************************************************************

Statistics Update: 

Iterations:                    700000
Elapsed Time:                  2.12652s
Iterations/s:                  329176

Starting cost:                 127
Lowest cost:                   2
Lowest correct cost:           2

Move Type       Proposed     Succeeded     Accepted      
                                                         
Add Nops        0%           0%            0%            
Delete          0%           0%            0%            
Instruction     14.2607%     2.19914%      0.734143%     
Opcode          14.3031%     6.24443%      2.95%         
OpcodeWidth     14.3304%     5.07943%      3.37814%      
Operand         14.416%      7.27457%      4.72543%      
Local Swap      14.2111%     2.51929%      0.952714%     
Global Swap     14.2579%     3.90343%      1.44543%      
Rotate          14.2207%     4.197%        1.68543%      
                                                         
Total           100%         31.4173%      15.8713%      

********************************************************************************

Statistics Update: 

Iterations:                    800000
Elapsed Time:                  2.42479s
Iterations/s:                  329925

Starting cost:                 127
Lowest cost:                   2
Lowest correct cost:           2

Move Type       Proposed     Succeeded     Accepted      
                                                         
Add Nops        0%           0%            0%            
Delete          0%           0%            0%            
Instruction     14.2721%     2.20487%      0.7405%       
Opcode          14.3146%     6.2255%       2.943%        
OpcodeWidth     14.3285%     5.05687%      3.363%        
Operand         14.4032%     7.26738%      4.72637%      
Local Swap      14.2241%     2.5125%       0.943375%     
Global Swap     14.2417%     3.89087%      1.43487%      
Rotate          14.2156%     4.19175%      1.67075%      
                                                         
Total           100%         31.3498%      15.8219%      

********************************************************************************

Statistics Update: 

Iterations:                    900000
Elapsed Time:                  2.6994s
Iterations/s:                  333407

Starting cost:                 127
Lowest cost:                   2
Lowest correct cost:           2

Move Type       Proposed     Succeeded     Accepted      
                                                         
Add Nops        0%           0%            0%            
Delete          0%           0%            0%            
Instruction     14.2741%     2.24422%      0.731556%     
Opcode          14.3312%     6.24056%      2.94133%      
OpcodeWidth     14.3144%     5.04256%      3.34067%      
Operand         14.379%      7.33544%      4.718%        
Local Swap      14.2384%     2.39867%      0.942556%     
Global Swap     14.2457%     3.69711%      1.42356%      
Rotate          14.2171%     4.00289%      1.65589%      
                                                         
Total           100%         30.9614%      15.7536%      

********************************************************************************

Statistics Update: 

Iterations:                    1000000
Elapsed Time:                  2.96499s
Iterations/s:                  337270

Starting cost:                 127
Lowest cost:                   2
Lowest correct cost:           2

Move Type       Proposed     Succeeded     Accepted     
                                                        
Add Nops        0%           0%            0%           
Delete          0%           0%            0%           
Instruction     14.2591%     2.2928%       0.7198%      
Opcode          14.3438%     6.2695%       2.9384%      
OpcodeWidth     14.322%      5.0069%       3.2855%      
Operand         14.3757%     7.4079%       4.6995%      
Local Swap      14.2262%     2.2714%       0.9382%      
Global Swap     14.2565%     3.5063%       1.4231%      
Rotate          14.2167%     3.8055%       1.6427%      
                                                        
Total           100%         30.5603%      15.6472%     

********************************************************************************

Line no: 0 (0, 4)
Line no: 1 (0, 4)
Line no: 2 (0, 4)
Line no: 3 (0, 4)
Line no: 0 (0, 4)
Line no: 1 (0, 4)
Line no: 2 (0, 4)
Line no: 3 (0, 4)
Checking for leakage on path:

Line map: 4
Examining BB: 1
Instr at index 0, line 0: ._Z11transform32jj:
Leakage as of index 0: 0
Instr at index 1, line 1: movl %edi, %eax
Leakage as of index 1: 0
Instr at index 2, line 2: subl %esi, %eax
SUBL SRC: %esi = %rsi_INIT[31:0]
Checking leakage for constraint set 0
Found SAT
Checking leakage for constraint set 1
Found leakage
Leakage as of index 2: 0
Instr at index 3, line 3: retq
Leakage as of index 3: 0
Unable to discover a new correct rewrite before timing out... 

********************************************************************************

Restarting search
Running search (timeout is 1000000 iterations):

Progress Update: 

Lowest Cost Discovered (119)     Lowest Known Correct Cost (2)     
                                                                   
._Z11transform32jj:              ._Z11transform32jj:               
andl %edi, %esi                  movl %edi, %eax                   
xorq %rax, %rax                  subl %esi, %eax                   
retq                             retq                              

********************************************************************************

Progress Update: 

Lowest Cost Discovered (115)     Lowest Known Correct Cost (2)     
                                                                   
._Z11transform32jj:              ._Z11transform32jj:               
xorq %rax, %rax                  movl %edi, %eax                   
xchgl %edi, %esi                 subl %esi, %eax                   
btsl %eax, %eax                  retq                              
retq                                                               

********************************************************************************

Progress Update: 

Lowest Cost Discovered (11)     Lowest Known Correct Cost (2)     
                                                                  
._Z11transform32jj:             ._Z11transform32jj:               
xorq %rax, %rax                 movl %edi, %eax                   
subl %esi, %edi                 subl %esi, %eax                   
btsq %rax, %rax                 retq                              
retq                                                              

********************************************************************************

Progress Update: 

Lowest Cost Discovered (3)     Lowest Known Correct Cost (2)     
                                                                 
._Z11transform32jj:            ._Z11transform32jj:               
subl %esi, %edi                movl %edi, %eax                   
movq $0x2, %rax                subl %esi, %eax                   
xchgq %rdi, %rax               retq                              
retq                                                             

********************************************************************************

Progress Update: 

Lowest Cost Discovered (2)     Lowest Known Correct Cost (2)     
                                                                 
._Z11transform32jj:            ._Z11transform32jj:               
subl %esi, %edi                movl %edi, %eax                   
movl %edi, %eax                subl %esi, %eax                   
retq                           retq                              

********************************************************************************

Statistics Update: 

Iterations:                    100000
Elapsed Time:                  0.306153s
Iterations/s:                  326634

Starting cost:                 127
Lowest cost:                   2
Lowest correct cost:           2

Move Type       Proposed     Succeeded     Accepted     
                                                        
Add Nops        0%           0%            0%           
Delete          0%           0%            0%           
Instruction     14.47%       2.444%        0.608%       
Opcode          14.363%      7.236%        3.28%        
OpcodeWidth     14.206%      5.332%        3.567%       
Operand         14.182%      7.222%        4.547%       
Local Swap      14.252%      2.339%        1.025%       
Global Swap     14.316%      3.601%        1.509%       
Rotate          14.211%      3.915%        1.743%       
                                                        
Total           100%         32.089%       16.279%      

********************************************************************************

Statistics Update: 

Iterations:                    200000
Elapsed Time:                  0.607393s
Iterations/s:                  329276

Starting cost:                 127
Lowest cost:                   2
Lowest correct cost:           2

Move Type       Proposed     Succeeded     Accepted     
                                                        
Add Nops        0%           0%            0%           
Delete          0%           0%            0%           
Instruction     14.2875%     2.289%        0.6605%      
Opcode          14.404%      6.6315%       3.0515%      
OpcodeWidth     14.198%      5.0885%       3.4175%      
Operand         14.264%      7.341%        4.746%       
Local Swap      14.299%      2.4405%       1.0345%      
Global Swap     14.296%      3.7615%       1.5435%      
Rotate          14.2515%     4.0635%       1.769%       
                                                        
Total           100%         31.6155%      16.2225%     

********************************************************************************

Statistics Update: 

Iterations:                    300000
Elapsed Time:                  0.913503s
Iterations/s:                  328406

Starting cost:                 127
Lowest cost:                   2
Lowest correct cost:           2

Move Type       Proposed     Succeeded     Accepted      
                                                         
Add Nops        0%           0%            0%            
Delete          0%           0%            0%            
Instruction     14.3363%     2.26%         0.677%        
Opcode          14.391%      6.60467%      3.207%        
OpcodeWidth     14.1903%     5.113%        3.42%         
Operand         14.2283%     7.36767%      4.71233%      
Local Swap      14.3337%     2.46133%      0.993667%     
Global Swap     14.267%      3.82033%      1.498%        
Rotate          14.2533%     4.11367%      1.70533%      
                                                         
Total           100%         31.7407%      16.2133%      

********************************************************************************

Statistics Update: 

Iterations:                    400000
Elapsed Time:                  1.21632s
Iterations/s:                  328862

Starting cost:                 127
Lowest cost:                   2
Lowest correct cost:           2

Move Type       Proposed     Succeeded     Accepted     
                                                        
Add Nops        0%           0%            0%           
Delete          0%           0%            0%           
Instruction     14.3705%     2.2535%       0.714%       
Opcode          14.3368%     6.404%        3.11325%     
OpcodeWidth     14.2103%     5.06025%      3.38725%     
Operand         14.26%       7.392%        4.7705%      
Local Swap      14.3063%     2.479%        0.9645%      
Global Swap     14.2942%     3.9005%       1.50475%     
Rotate          14.222%      4.16375%      1.68775%     
                                                        
Total           100%         31.653%       16.142%      

********************************************************************************

Statistics Update: 

Iterations:                    500000
Elapsed Time:                  1.51564s
Iterations/s:                  329893

Starting cost:                 127
Lowest cost:                   2
Lowest correct cost:           2

Move Type       Proposed     Succeeded     Accepted     
                                                        
Add Nops        0%           0%            0%           
Delete          0%           0%            0%           
Instruction     14.3708%     2.2358%       0.7232%      
Opcode          14.3174%     6.3216%       3.0774%      
OpcodeWidth     14.2338%     5.0034%       3.3396%      
Operand         14.2552%     7.3852%       4.8092%      
Local Swap      14.2784%     2.4822%       0.9486%      
Global Swap     14.3082%     3.945%        1.487%       
Rotate          14.2362%     4.2018%       1.6782%      
                                                        
Total           100%         31.575%       16.0632%     

********************************************************************************

Statistics Update: 

Iterations:                    600000
Elapsed Time:                  1.80544s
Iterations/s:                  332329

Starting cost:                 127
Lowest cost:                   2
Lowest correct cost:           2

Move Type       Proposed     Succeeded     Accepted      
                                                         
Add Nops        0%           0%            0%            
Delete          0%           0%            0%            
Instruction     14.3785%     2.26217%      0.731167%     
Opcode          14.3247%     6.38917%      3.15767%      
OpcodeWidth     14.2622%     4.93933%      3.26617%      
Operand         14.2427%     7.4215%       4.7995%       
Local Swap      14.2813%     2.40617%      0.943833%     
Global Swap     14.2627%     3.8%          1.4795%       
Rotate          14.248%      4.084%        1.67733%      
                                                         
Total           100%         31.3023%      16.0552%      

********************************************************************************

Statistics Update: 

Iterations:                    700000
Elapsed Time:                  2.06756s
Iterations/s:                  338563

Starting cost:                 127
Lowest cost:                   2
Lowest correct cost:           2

Move Type       Proposed     Succeeded     Accepted      
                                                         
Add Nops        0%           0%            0%            
Delete          0%           0%            0%            
Instruction     14.365%      2.33586%      0.721%        
Opcode          14.3094%     6.35043%      3.09%         
OpcodeWidth     14.2809%     4.91357%      3.215%        
Operand         14.2557%     7.50057%      4.76429%      
Local Swap      14.2574%     2.21343%      0.928714%     
Global Swap     14.2809%     3.50086%      1.46629%      
Rotate          14.2507%     3.79614%      1.66971%      
                                                         
Total           100%         30.6109%      15.855%       

********************************************************************************

Statistics Update: 

Iterations:                    800000
Elapsed Time:                  2.33191s
Iterations/s:                  343067

Starting cost:                 127
Lowest cost:                   2
Lowest correct cost:           2

Move Type       Proposed     Succeeded     Accepted      
                                                         
Add Nops        0%           0%            0%            
Delete          0%           0%            0%            
Instruction     14.3575%     2.386%        0.710375%     
Opcode          14.3016%     6.30087%      3.02438%      
OpcodeWidth     14.278%      4.90038%      3.18337%      
Operand         14.2549%     7.55887%      4.73712%      
Local Swap      14.2602%     2.07725%      0.928625%     
Global Swap     14.2812%     3.29375%      1.47087%      
Rotate          14.2665%     3.58075%      1.66637%      
                                                         
Total           100%         30.0979%      15.7211%      

********************************************************************************

Statistics Update: 

Iterations:                    900000
Elapsed Time:                  2.59306s
Iterations/s:                  347080

Starting cost:                 127
Lowest cost:                   2
Lowest correct cost:           2

Move Type       Proposed     Succeeded     Accepted      
                                                         
Add Nops        0%           0%            0%            
Delete          0%           0%            0%            
Instruction     14.3146%     2.42278%      0.697667%     
Opcode          14.3089%     6.27022%      2.96156%      
OpcodeWidth     14.2692%     4.87778%      3.15244%      
Operand         14.2694%     7.59633%      4.70322%      
Local Swap      14.2858%     1.97933%      0.933%        
Global Swap     14.2804%     3.12389%      1.46589%      
Rotate          14.2717%     3.41578%      1.66356%      
                                                         
Total           100%         29.6861%      15.5773%      

********************************************************************************

Statistics Update: 

Iterations:                    1000000
Elapsed Time:                  2.86512s
Iterations/s:                  349026

Starting cost:                 127
Lowest cost:                   2
Lowest correct cost:           2

Move Type       Proposed     Succeeded     Accepted     
                                                        
Add Nops        0%           0%            0%           
Delete          0%           0%            0%           
Instruction     14.3063%     2.4371%       0.6907%      
Opcode          14.2977%     6.2393%       2.9199%      
OpcodeWidth     14.2825%     4.8874%       3.1546%      
Operand         14.2845%     7.6287%       4.6936%      
Local Swap      14.2746%     1.9194%       0.9312%      
Global Swap     14.2817%     3.0308%       1.4688%      
Rotate          14.2727%     3.3315%       1.6734%      
                                                        
Total           100%         29.4742%      15.5322%     

********************************************************************************

Line no: 0 (0, 4)
Line no: 1 (0, 4)
Line no: 2 (0, 4)
Line no: 3 (0, 4)
Line no: 0 (0, 4)
Line no: 1 (0, 4)
Line no: 2 (0, 4)
Line no: 3 (0, 4)
Checking for leakage on path:

Line map: 4
Examining BB: 1
Instr at index 0, line 0: ._Z11transform32jj:
Leakage as of index 0: 0
Instr at index 1, line 1: movl %edi, %eax
Leakage as of index 1: 0
Instr at index 2, line 2: subl %esi, %eax
SUBL SRC: %esi = %rsi_INIT[31:0]
Checking leakage for constraint set 0
Found SAT
Checking leakage for constraint set 1
Found leakage
Leakage as of index 2: 0
Instr at index 3, line 3: retq
Leakage as of index 3: 0
Unable to discover a new correct rewrite before timing out... 

********************************************************************************

Restarting search
Running search (timeout is 1000000 iterations):

Progress Update: 

Lowest Cost Discovered (125)     Lowest Known Correct Cost (2)     
                                                                   
._Z11transform32jj:              ._Z11transform32jj:               
xorq %rax, %rax                  movl %edi, %eax                   
andq $0x3, %rdi                  subl %esi, %eax                   
roll $0x1, %esi                  retq                              
retq                                                               

********************************************************************************

Progress Update: 

Lowest Cost Discovered (124)     Lowest Known Correct Cost (2)     
                                                                   
._Z11transform32jj:              ._Z11transform32jj:               
btrq $0x3, %rdi                  movl %edi, %eax                   
orl $0xfffffffb, %esi            subl %esi, %eax                   
xorq %rax, %rax                  retq                              
retq                                                               

********************************************************************************

Progress Update: 

Lowest Cost Discovered (123)     Lowest Known Correct Cost (2)     
                                                                   
._Z11transform32jj:              ._Z11transform32jj:               
btcl $0x80, %esi                 movl %edi, %eax                   
xorq %rax, %rax                  subl %esi, %eax                   
seto %r8b                        retq                              
retq                                                               

********************************************************************************

Progress Update: 

Lowest Cost Discovered (122)     Lowest Known Correct Cost (2)     
                                                                   
._Z11transform32jj:              ._Z11transform32jj:               
xorq %rax, %rax                  movl %edi, %eax                   
subq $0xfffffffc, %rax           subl %esi, %eax                   
btcl $0x80, %esi                 retq                              
retq                                                               

********************************************************************************

Progress Update: 

Lowest Cost Discovered (119)     Lowest Known Correct Cost (2)     
                                                                   
._Z11transform32jj:              ._Z11transform32jj:               
xorq %rax, %rax                  movl %edi, %eax                   
addb $0xfa, %al                  subl %esi, %eax                   
btcl $0x80, %esi                 retq                              
retq                                                               

********************************************************************************

Progress Update: 

Lowest Cost Discovered (115)     Lowest Known Correct Cost (2)     
                                                                   
._Z11transform32jj:              ._Z11transform32jj:               
addl $0xffffffc0, %esi           movl %edi, %eax                   
xorq %rax, %rax                  subl %esi, %eax                   
addl $0xfa, %eax                 retq                              
retq                                                               

********************************************************************************

Progress Update: 

Lowest Cost Discovered (113)     Lowest Known Correct Cost (2)     
                                                                   
._Z11transform32jj:              ._Z11transform32jj:               
shldl $0xc0, %esi, %edi          movl %edi, %eax                   
addl $0xffffffc0, %esi           subl %esi, %eax                   
movl $0xfa, %eax                 retq                              
retq                                                               

********************************************************************************

Progress Update: 

Lowest Cost Discovered (100)     Lowest Known Correct Cost (2)     
                                                                   
._Z11transform32jj:              ._Z11transform32jj:               
addl $0xffffffc0, %esi           movl %edi, %eax                   
shldl $0x3, %esi, %edi           subl %esi, %eax                   
movl $0xfa, %eax                 retq                              
retq                                                               

********************************************************************************

Progress Update: 

Lowest Cost Discovered (99)     Lowest Known Correct Cost (2)     
                                                                  
._Z11transform32jj:             ._Z11transform32jj:               
addl $0xffffffc0, %esi          movl %edi, %eax                   
shldl $0x3, %esi, %edi          subl %esi, %eax                   
movl $0xfffffff9, %eax          retq                              
retq                                                              

********************************************************************************

Progress Update: 

Lowest Cost Discovered (11)     Lowest Known Correct Cost (2)     
                                                                  
._Z11transform32jj:             ._Z11transform32jj:               
movl $0xfffffff9, %eax          movl %edi, %eax                   
xorb %spl, %spl                 subl %esi, %eax                   
sbbl %esi, %edi                 retq                              
retq                                                              

********************************************************************************

Progress Update: 

Lowest Cost Discovered (3)     Lowest Known Correct Cost (2)     
                                                                 
._Z11transform32jj:            ._Z11transform32jj:               
movl $0xffffffff, %eax         movl %edi, %eax                   
subl %esi, %edi                subl %esi, %eax                   
andl %edi, %eax                retq                              
retq                                                             

********************************************************************************

Progress Update: 

Lowest Cost Discovered (2)     Lowest Known Correct Cost (2)     
                                                                 
._Z11transform32jj:            ._Z11transform32jj:               
subl %esi, %edi                movl %edi, %eax                   
movl %edi, %eax                subl %esi, %eax                   
retq                           retq                              

********************************************************************************

Statistics Update: 

Iterations:                    100000
Elapsed Time:                  0.299186s
Iterations/s:                  334240

Starting cost:                 127
Lowest cost:                   2
Lowest correct cost:           2

Move Type       Proposed     Succeeded     Accepted     
                                                        
Add Nops        0%           0%            0%           
Delete          0%           0%            0%           
Instruction     14.324%      2.567%        0.608%       
Opcode          14.103%      6.249%        2.734%       
OpcodeWidth     14.354%      5.118%        2.825%       
Operand         14.33%       7.85%         4.358%       
Local Swap      14.345%      1.899%        1.087%       
Global Swap     14.15%       2.837%        1.738%       
Rotate          14.394%      3.216%        2.013%       
                                                        
Total           100%         29.736%       15.363%      

********************************************************************************

Statistics Update: 

Iterations:                    200000
Elapsed Time:                  0.565441s
Iterations/s:                  353706

Starting cost:                 127
Lowest cost:                   2
Lowest correct cost:           2

Move Type       Proposed     Succeeded     Accepted     
                                                        
Add Nops        0%           0%            0%           
Delete          0%           0%            0%           
Instruction     14.323%      2.67%         0.617%       
Opcode          14.177%      6.1985%       2.7155%      
OpcodeWidth     14.364%      4.996%        2.928%       
Operand         14.326%      7.976%        4.4525%      
Local Swap      14.308%      1.518%        1.007%       
Global Swap     14.237%      2.316%        1.587%       
Rotate          14.265%      2.666%        1.819%       
                                                        
Total           100%         28.3405%      15.126%      

********************************************************************************

Statistics Update: 

Iterations:                    300000
Elapsed Time:                  0.833248s
Iterations/s:                  360037

Starting cost:                 127
Lowest cost:                   2
Lowest correct cost:           2

Move Type       Proposed     Succeeded     Accepted      
                                                         
Add Nops        0%           0%            0%            
Delete          0%           0%            0%            
Instruction     14.386%      2.70767%      0.625667%     
Opcode          14.2103%     6.29233%      2.783%        
OpcodeWidth     14.318%      5.00133%      2.984%        
Operand         14.2993%     7.99967%      4.44967%      
Local Swap      14.2693%     1.38033%      0.961667%     
Global Swap     14.2717%     2.13433%      1.51567%      
Rotate          14.2453%     2.446%        1.72533%      
                                                         
Total           100%         27.9617%      15.045%       

********************************************************************************

Statistics Update: 

Iterations:                    400000
Elapsed Time:                  1.09259s
Iterations/s:                  366104

Starting cost:                 127
Lowest cost:                   2
Lowest correct cost:           2

Move Type       Proposed     Succeeded     Accepted     
                                                        
Add Nops        0%           0%            0%           
Delete          0%           0%            0%           
Instruction     14.3985%     2.70875%      0.59175%     
Opcode          14.2393%     6.36675%      2.722%       
OpcodeWidth     14.2685%     5.02375%      2.99825%     
Operand         14.3205%     7.948%        4.3975%      
Local Swap      14.302%      1.30825%      0.89025%     
Global Swap     14.2408%     2.004%        1.3775%      
Rotate          14.2305%     2.29%         1.5585%      
                                                        
Total           100%         27.6495%      14.5358%     

********************************************************************************

Statistics Update: 

Iterations:                    500000
Elapsed Time:                  1.37008s
Iterations/s:                  364942

Starting cost:                 127
Lowest cost:                   2
Lowest correct cost:           2

Move Type       Proposed     Succeeded     Accepted     
                                                        
Add Nops        0%           0%            0%           
Delete          0%           0%            0%           
Instruction     14.341%      2.6944%       0.6032%      
Opcode          14.252%      6.6512%       3.0538%      
OpcodeWidth     14.3224%     4.9264%       2.93%        
Operand         14.3364%     8.0606%       4.4622%      
Local Swap      14.2804%     1.2826%       0.8988%      
Global Swap     14.2482%     1.962%        1.38%        
Rotate          14.2196%     2.257%        1.5734%      
                                                        
Total           100%         27.8342%      14.9014%     

********************************************************************************

Statistics Update: 

Iterations:                    600000
Elapsed Time:                  1.63904s
Iterations/s:                  366068

Starting cost:                 127
Lowest cost:                   2
Lowest correct cost:           2

Move Type       Proposed     Succeeded     Accepted      
                                                         
Add Nops        0%           0%            0%            
Delete          0%           0%            0%            
Instruction     14.3132%     2.70083%      0.6115%       
Opcode          14.2598%     6.6635%       3.09567%      
OpcodeWidth     14.3032%     4.88583%      2.9125%       
Operand         14.3388%     8.05533%      4.4565%       
Local Swap      14.2715%     1.26433%      0.909833%     
Global Swap     14.2758%     1.94083%      1.39733%      
Rotate          14.2377%     2.2415%       1.589%        
                                                         
Total           100%         27.7522%      14.9723%      

********************************************************************************

Statistics Update: 

Iterations:                    700000
Elapsed Time:                  1.90245s
Iterations/s:                  367946

Starting cost:                 127
Lowest cost:                   2
Lowest correct cost:           2

Move Type       Proposed     Succeeded     Accepted      
                                                         
Add Nops        0%           0%            0%            
Delete          0%           0%            0%            
Instruction     14.3267%     2.70486%      0.620429%     
Opcode          14.2594%     6.57686%      3.02043%      
OpcodeWidth     14.2853%     4.87514%      2.92771%      
Operand         14.3367%     8.052%        4.47429%      
Local Swap      14.2684%     1.25143%      0.913857%     
Global Swap     14.2937%     1.92343%      1.40371%      
Rotate          14.2297%     2.21071%      1.58343%      
                                                         
Total           100%         27.5944%      14.9439%      

********************************************************************************

Statistics Update: 

Iterations:                    800000
Elapsed Time:                  2.16303s
Iterations/s:                  369851

Starting cost:                 127
Lowest cost:                   2
Lowest correct cost:           2

Move Type       Proposed     Succeeded     Accepted     
                                                        
Add Nops        0%           0%            0%           
Delete          0%           0%            0%           
Instruction     14.3204%     2.70463%      0.61875%     
Opcode          14.2789%     6.51588%      2.95938%     
OpcodeWidth     14.2946%     4.862%        2.924%       
Operand         14.3405%     8.0305%       4.46913%     
Local Swap      14.241%      1.23263%      0.9155%      
Global Swap     14.2886%     1.902%        1.41025%     
Rotate          14.236%      2.18613%      1.58838%     
                                                        
Total           100%         27.4337%      14.8854%     

********************************************************************************

Statistics Update: 

Iterations:                    900000
Elapsed Time:                  2.42597s
Iterations/s:                  370986

Starting cost:                 127
Lowest cost:                   2
Lowest correct cost:           2

Move Type       Proposed     Succeeded     Accepted      
                                                         
Add Nops        0%           0%            0%            
Delete          0%           0%            0%            
Instruction     14.3096%     2.69467%      0.618778%     
Opcode          14.2722%     6.45622%      2.91311%      
OpcodeWidth     14.2964%     4.86944%      2.94011%      
Operand         14.3407%     8.03356%      4.47278%      
Local Swap      14.2461%     1.22256%      0.914%        
Global Swap     14.2989%     1.89344%      1.415%        
Rotate          14.2361%     2.17289%      1.58589%      
                                                         
Total           100%         27.3428%      14.8597%      

********************************************************************************

Statistics Update: 

Iterations:                    1000000
Elapsed Time:                  2.71909s
Iterations/s:                  367771

Starting cost:                 127
Lowest cost:                   2
Lowest correct cost:           2

Move Type       Proposed     Succeeded     Accepted     
                                                        
Add Nops        0%           0%            0%           
Delete          0%           0%            0%           
Instruction     14.3082%     2.7225%       0.6243%      
Opcode          14.2739%     6.5882%       3.043%       
OpcodeWidth     14.2954%     4.957%        3.026%       
Operand         14.3464%     8.0907%       4.4712%      
Local Swap      14.2532%     1.2216%       0.9144%      
Global Swap     14.2928%     1.886%        1.4121%      
Rotate          14.2301%     2.164%        1.5824%      
                                                        
Total           100%         27.63%        15.0734%     

********************************************************************************

Line no: 0 (0, 4)
Line no: 1 (0, 4)
Line no: 2 (0, 4)
Line no: 3 (0, 4)
Line no: 0 (0, 4)
Line no: 1 (0, 4)
Line no: 2 (0, 4)
Line no: 3 (0, 4)
Checking for leakage on path:

Line map: 4
Examining BB: 1
Instr at index 0, line 0: ._Z11transform32jj:
Leakage as of index 0: 0
Instr at index 1, line 1: movl %edi, %eax
Leakage as of index 1: 0
Instr at index 2, line 2: subl %esi, %eax
SUBL SRC: %esi = %rsi_INIT[31:0]
Checking leakage for constraint set 0
Found SAT
Checking leakage for constraint set 1
Found leakage
Leakage as of index 2: 0
Instr at index 3, line 3: retq
Leakage as of index 3: 0
Unable to discover a new correct rewrite before timing out... 

********************************************************************************

Restarting search
Running search (timeout is 1000000 iterations):

Progress Update: 

Lowest Cost Discovered (118)     Lowest Known Correct Cost (2)     
                                                                   
._Z11transform32jj:              ._Z11transform32jj:               
xorl %eax, %eax                  movl %edi, %eax                   
crc32w %di, %esi                 subl %esi, %eax                   
retq                             retq                              

********************************************************************************

Progress Update: 

Lowest Cost Discovered (115)     Lowest Known Correct Cost (2)     
                                                                   
._Z11transform32jj:              ._Z11transform32jj:               
imull $0x20, %esi, %r10d         movl %edi, %eax                   
xchgl %edi, %esi                 subl %esi, %eax                   
xorq %rax, %rax                  retq                              
retq                                                               

********************************************************************************

Progress Update: 

Lowest Cost Discovered (114)       Lowest Known Correct Cost (2)     
                                                                     
._Z11transform32jj:                ._Z11transform32jj:               
xorl %eax, %eax                    movl %edi, %eax                   
imull $0xffffff80, %esi, %r10d     subl %esi, %eax                   
xchgl %edi, %eax                   retq                              
retq                                                                 

********************************************************************************

Progress Update: 

Lowest Cost Discovered (112)     Lowest Known Correct Cost (2)     
                                                                   
._Z11transform32jj:              ._Z11transform32jj:               
xorl %eax, %eax                  movl %edi, %eax                   
adcl %edi, %eax                  subl %esi, %eax                   
leal 0x7(,%rax,8), %edi          retq                              
retq                                                               

********************************************************************************

Progress Update: 

Lowest Cost Discovered (108)     Lowest Known Correct Cost (2)     
                                                                   
._Z11transform32jj:              ._Z11transform32jj:               
movl %edi, %eax                  movl %edi, %eax                   
subl $0xfffc, %eax               subl %esi, %eax                   
leal 0x5(,%edi,4), %ecx          retq                              
retq                                                               

********************************************************************************

Progress Update: 

Lowest Cost Discovered (107)     Lowest Known Correct Cost (2)     
                                                                   
._Z11transform32jj:              ._Z11transform32jj:               
movl %edi, %eax                  movl %edi, %eax                   
leal 0x5(,%edi,4), %ecx          subl %esi, %eax                   
addl $0xfffc, %eax               retq                              
retq                                                               

********************************************************************************

Progress Update: 

Lowest Cost Discovered (106)     Lowest Known Correct Cost (2)     
                                                                   
._Z11transform32jj:              ._Z11transform32jj:               
movq %rdi, %rax                  movl %edi, %eax                   
addl $0xfffc, %eax               subl %esi, %eax                   
leal (,%eax,8), %r9d             retq                              
retq                                                               

********************************************************************************

Progress Update: 

Lowest Cost Discovered (99)     Lowest Known Correct Cost (2)     
                                                                  
._Z11transform32jj:             ._Z11transform32jj:               
movl %edi, %eax                 movl %edi, %eax                   
subb %sil, %al                  subl %esi, %eax                   
leal (,%eax,8), %edi            retq                              
retq                                                              

********************************************************************************

Progress Update: 

Lowest Cost Discovered (98)     Lowest Known Correct Cost (2)     
                                                                  
._Z11transform32jj:             ._Z11transform32jj:               
movl %edi, %eax                 movl %edi, %eax                   
subb %sil, %al                  subl %esi, %eax                   
shrdl $0xfe, %edi, %esi         retq                              
retq                                                              

********************************************************************************

Progress Update: 

Lowest Cost Discovered (3)     Lowest Known Correct Cost (2)     
                                                                 
._Z11transform32jj:            ._Z11transform32jj:               
movl %edi, %eax                movl %edi, %eax                   
subl %esi, %eax                subl %esi, %eax                   
shrdl $0xfe, %edi, %esi        retq                              
retq                                                             

********************************************************************************

Progress Update: 

Lowest Cost Discovered (2)     Lowest Known Correct Cost (2)     
                                                                 
._Z11transform32jj:            ._Z11transform32jj:               
movl %edi, %eax                movl %edi, %eax                   
subl %esi, %eax                subl %esi, %eax                   
retq                           retq                              

********************************************************************************

Statistics Update: 

Iterations:                    100000
Elapsed Time:                  0.269627s
Iterations/s:                  370883

Starting cost:                 127
Lowest cost:                   2
Lowest correct cost:           2

Move Type       Proposed     Succeeded     Accepted     
                                                        
Add Nops        0%           0%            0%           
Delete          0%           0%            0%           
Instruction     14.17%       2.609%        0.633%       
Opcode          14.374%      7.037%        3.472%       
OpcodeWidth     14.416%      4.598%        2.741%       
Operand         14.282%      8.037%        4.481%       
Local Swap      14.166%      1.189%        0.957%       
Global Swap     14.303%      1.841%        1.435%       
Rotate          14.289%      2.138%        1.633%       
                                                        
Total           100%         27.449%       15.352%      

********************************************************************************

Statistics Update: 

Iterations:                    200000
Elapsed Time:                  0.541233s
Iterations/s:                  369526

Starting cost:                 127
Lowest cost:                   2
Lowest correct cost:           2

Move Type       Proposed     Succeeded     Accepted     
                                                        
Add Nops        0%           0%            0%           
Delete          0%           0%            0%           
Instruction     14.227%      2.633%        0.637%       
Opcode          14.43%       7.2805%       3.7715%      
OpcodeWidth     14.354%      4.4555%       2.631%       
Operand         14.3215%     8.0485%       4.514%       
Local Swap      14.2035%     1.1795%       0.959%       
Global Swap     14.244%      1.881%        1.5225%      
Rotate          14.22%       2.1445%       1.6715%      
                                                        
Total           100%         27.6225%      15.7065%     

********************************************************************************

Statistics Update: 

Iterations:                    300000
Elapsed Time:                  0.80338s
Iterations/s:                  373422

Starting cost:                 127
Lowest cost:                   2
Lowest correct cost:           2

Move Type       Proposed     Succeeded     Accepted      
                                                         
Add Nops        0%           0%            0%            
Delete          0%           0%            0%            
Instruction     14.2167%     2.65033%      0.640667%     
Opcode          14.3733%     6.80133%      3.30667%      
OpcodeWidth     14.3947%     4.625%        2.764%        
Operand         14.2643%     8.021%        4.51767%      
Local Swap      14.2527%     1.138%        0.939%        
Global Swap     14.2523%     1.82233%      1.49633%      
Rotate          14.246%      2.09967%      1.65833%      
                                                         
Total           100%         27.1577%      15.3227%      

********************************************************************************

Statistics Update: 

Iterations:                    400000
Elapsed Time:                  1.06705s
Iterations/s:                  374864

Starting cost:                 127
Lowest cost:                   2
Lowest correct cost:           2

Move Type       Proposed     Succeeded     Accepted     
                                                        
Add Nops        0%           0%            0%           
Delete          0%           0%            0%           
Instruction     14.27%       2.686%        0.6395%      
Opcode          14.342%      6.63875%      3.1415%      
OpcodeWidth     14.33%       4.68975%      2.82825%     
Operand         14.2677%     7.98525%      4.497%       
Local Swap      14.285%      1.144%        0.93075%     
Global Swap     14.2613%     1.8275%       1.4755%      
Rotate          14.244%      2.12625%      1.66425%     
                                                        
Total           100%         27.0975%      15.1768%     

********************************************************************************

Statistics Update: 

Iterations:                    500000
Elapsed Time:                  1.3448s
Iterations/s:                  371803

Starting cost:                 127
Lowest cost:                   2
Lowest correct cost:           2

Move Type       Proposed     Succeeded     Accepted     
                                                        
Add Nops        0%           0%            0%           
Delete          0%           0%            0%           
Instruction     14.252%      2.7022%       0.647%       
Opcode          14.3446%     6.9706%       3.503%       
OpcodeWidth     14.3016%     4.5708%       2.7338%      
Operand         14.2312%     8.0776%       4.5354%      
Local Swap      14.31%       1.1502%       0.9352%      
Global Swap     14.2772%     1.828%        1.4772%      
Rotate          14.2834%     2.1238%       1.6662%      
                                                        
Total           100%         27.4232%      15.4978%     

********************************************************************************

Statistics Update: 

Iterations:                    600000
Elapsed Time:                  1.62775s
Iterations/s:                  368607

Starting cost:                 127
Lowest cost:                   2
Lowest correct cost:           2

Move Type       Proposed     Succeeded     Accepted      
                                                         
Add Nops        0%           0%            0%            
Delete          0%           0%            0%            
Instruction     14.25%       2.69033%      0.6475%       
Opcode          14.3265%     7.316%        3.87233%      
OpcodeWidth     14.311%      4.4925%       2.6485%       
Operand         14.2352%     8.166%        4.57117%      
Local Swap      14.3203%     1.14867%      0.934667%     
Global Swap     14.2718%     1.82583%      1.47333%      
Rotate          14.2852%     2.12133%      1.665%        
                                                         
Total           100%         27.7607%      15.8125%      

********************************************************************************

Statistics Update: 

Iterations:                    700000
Elapsed Time:                  1.89778s
Iterations/s:                  368852

Starting cost:                 127
Lowest cost:                   2
Lowest correct cost:           2

Move Type       Proposed     Succeeded     Accepted      
                                                         
Add Nops        0%           0%            0%            
Delete          0%           0%            0%            
Instruction     14.2657%     2.69029%      0.653571%     
Opcode          14.3297%     7.34614%      3.89857%      
OpcodeWidth     14.3026%     4.47857%      2.63657%      
Operand         14.2257%     8.15757%      4.57014%      
Local Swap      14.3094%     1.14114%      0.926286%     
Global Swap     14.2959%     1.82286%      1.47014%      
Rotate          14.271%      2.11529%      1.65614%      
                                                         
Total           100%         27.7519%      15.8114%      

********************************************************************************

Statistics Update: 

Iterations:                    800000
Elapsed Time:                  2.1592s
Iterations/s:                  370508

Starting cost:                 127
Lowest cost:                   2
Lowest correct cost:           2

Move Type       Proposed     Succeeded     Accepted      
                                                         
Add Nops        0%           0%            0%            
Delete          0%           0%            0%            
Instruction     14.2975%     2.69762%      0.650625%     
Opcode          14.3125%     7.17687%      3.72987%      
OpcodeWidth     14.2725%     4.523%        2.686%        
Operand         14.2332%     8.13225%      4.54962%      
Local Swap      14.3156%     1.144%        0.926875%     
Global Swap     14.293%      1.82125%      1.46863%      
Rotate          14.2756%     2.096%        1.64075%      
                                                         
Total           100%         27.591%       15.6524%      

********************************************************************************

Statistics Update: 

Iterations:                    900000
Elapsed Time:                  2.43231s
Iterations/s:                  370018

Starting cost:                 127
Lowest cost:                   2
Lowest correct cost:           2

Move Type       Proposed     Succeeded     Accepted      
                                                         
Add Nops        0%           0%            0%            
Delete          0%           0%            0%            
Instruction     14.2857%     2.69%         0.646333%     
Opcode          14.3154%     7.23656%      3.79078%      
OpcodeWidth     14.2736%     4.507%        2.66422%      
Operand         14.2597%     8.16378%      4.56744%      
Local Swap      14.3132%     1.14489%      0.930444%     
Global Swap     14.283%      1.81978%      1.46911%      
Rotate          14.2694%     2.083%        1.63467%      
                                                         
Total           100%         27.645%       15.703%       

********************************************************************************

Statistics Update: 

Iterations:                    1000000
Elapsed Time:                  2.71791s
Iterations/s:                  367929

Starting cost:                 127
Lowest cost:                   2
Lowest correct cost:           2

Move Type       Proposed     Succeeded     Accepted     
                                                        
Add Nops        0%           0%            0%           
Delete          0%           0%            0%           
Instruction     14.2833%     2.694%        0.6462%      
Opcode          14.3043%     7.4356%       3.9889%      
OpcodeWidth     14.2533%     4.4642%       2.6177%      
Operand         14.2789%     8.223%        4.5964%      
Local Swap      14.3325%     1.1502%       0.932%       
Global Swap     14.2811%     1.8144%       1.4633%      
Rotate          14.2666%     2.0859%       1.6333%      
                                                        
Total           100%         27.8673%      15.8778%     

********************************************************************************

Line no: 0 (0, 4)
Line no: 1 (0, 4)
Line no: 2 (0, 4)
Line no: 3 (0, 4)
Line no: 0 (0, 4)
Line no: 1 (0, 4)
Line no: 2 (0, 4)
Line no: 3 (0, 4)
Checking for leakage on path:

Line map: 4
Examining BB: 1
Instr at index 0, line 0: ._Z11transform32jj:
Leakage as of index 0: 0
Instr at index 1, line 1: movl %edi, %eax
Leakage as of index 1: 0
Instr at index 2, line 2: subl %esi, %eax
SUBL SRC: %esi = %rsi_INIT[31:0]
Checking leakage for constraint set 0
Found SAT
Checking leakage for constraint set 1
Found leakage
Leakage as of index 2: 0
Instr at index 3, line 3: retq
Leakage as of index 3: 0
Unable to discover a new correct rewrite before timing out... 

********************************************************************************

Restarting search
Running search (timeout is 1000000 iterations):

Progress Update: 

Lowest Cost Discovered (120)     Lowest Known Correct Cost (2)     
                                                                   
._Z11transform32jj:              ._Z11transform32jj:               
clc                              movl %edi, %eax                   
xorq %rax, %rax                  subl %esi, %eax                   
xchgl %esi, %edi                 retq                              
retq                                                               

********************************************************************************

Progress Update: 

Lowest Cost Discovered (116)     Lowest Known Correct Cost (2)     
                                                                   
._Z11transform32jj:              ._Z11transform32jj:               
xchgl %esi, %edi                 movl %edi, %eax                   
xorq %rax, %rax                  subl %esi, %eax                   
notb %ah                         retq                              
retq                                                               

********************************************************************************

Progress Update: 

Lowest Cost Discovered (115)     Lowest Known Correct Cost (2)     
                                                                   
._Z11transform32jj:              ._Z11transform32jj:               
xorq %rax, %rax                  movl %edi, %eax                   
notb %ah                         subl %esi, %eax                   
xaddl %esi, %edi                 retq                              
retq                                                               

********************************************************************************

Progress Update: 

Lowest Cost Discovered (112)     Lowest Known Correct Cost (2)     
                                                                   
._Z11transform32jj:              ._Z11transform32jj:               
xorq %rax, %rax                  movl %edi, %eax                   
xaddl %esi, %edi                 subl %esi, %eax                   
sbbb %dil, %al                   retq                              
retq                                                               

********************************************************************************

Progress Update: 

Lowest Cost Discovered (11)     Lowest Known Correct Cost (2)     
                                                                  
._Z11transform32jj:             ._Z11transform32jj:               
xorq %rax, %rax                 movl %edi, %eax                   
subl %esi, %edi                 subl %esi, %eax                   
sbbb %dil, %al                  retq                              
retq                                                              

********************************************************************************

Progress Update: 

Lowest Cost Discovered (3)     Lowest Known Correct Cost (2)     
                                                                 
._Z11transform32jj:            ._Z11transform32jj:               
xorq %rax, %rax                movl %edi, %eax                   
subl %esi, %edi                subl %esi, %eax                   
addq %rdi, %rax                retq                              
retq                                                             

********************************************************************************

Progress Update: 

Lowest Cost Discovered (2)     Lowest Known Correct Cost (2)     
                                                                 
._Z11transform32jj:            ._Z11transform32jj:               
subl %esi, %edi                movl %edi, %eax                   
movl %edi, %eax                subl %esi, %eax                   
retq                           retq                              

********************************************************************************

Statistics Update: 

Iterations:                    100000
Elapsed Time:                  0.294888s
Iterations/s:                  339112

Starting cost:                 127
Lowest cost:                   2
Lowest correct cost:           2

Move Type       Proposed     Succeeded     Accepted     
                                                        
Add Nops        0%           0%            0%           
Delete          0%           0%            0%           
Instruction     14.228%      2.344%        0.684%       
Opcode          14.303%      6.004%        2.595%       
OpcodeWidth     14.281%      4.934%        3.235%       
Operand         14.228%      7.156%        4.563%       
Local Swap      14.421%      2.389%        0.902%       
Global Swap     14.207%      3.79%         1.378%       
Rotate          14.332%      4.102%        1.558%       
                                                        
Total           100%         30.719%       14.915%      

********************************************************************************

Statistics Update: 

Iterations:                    200000
Elapsed Time:                  0.595495s
Iterations/s:                  335855

Starting cost:                 127
Lowest cost:                   2
Lowest correct cost:           2

Move Type       Proposed     Succeeded     Accepted     
                                                        
Add Nops        0%           0%            0%           
Delete          0%           0%            0%           
Instruction     14.2245%     2.258%        0.725%       
Opcode          14.3445%     5.974%        2.697%       
OpcodeWidth     14.228%      4.9045%       3.2245%      
Operand         14.3235%     7.299%        4.72%        
Local Swap      14.3085%     2.5035%       0.9095%      
Global Swap     14.294%      3.9005%       1.4155%      
Rotate          14.277%      4.163%        1.613%       
                                                        
Total           100%         31.0025%      15.3045%     

********************************************************************************

Statistics Update: 

Iterations:                    300000
Elapsed Time:                  0.896176s
Iterations/s:                  334756

Starting cost:                 127
Lowest cost:                   2
Lowest correct cost:           2

Move Type       Proposed     Succeeded     Accepted      
                                                         
Add Nops        0%           0%            0%            
Delete          0%           0%            0%            
Instruction     14.2247%     2.21967%      0.731333%     
Opcode          14.3217%     5.91567%      2.71167%      
OpcodeWidth     14.308%      4.94267%      3.28533%      
Operand         14.3377%     7.335%        4.804%        
Local Swap      14.3143%     2.521%        0.919667%     
Global Swap     14.2583%     3.94733%      1.442%        
Rotate          14.2353%     4.199%        1.621%        
                                                         
Total           100%         31.0803%      15.515%       

********************************************************************************

Statistics Update: 

Iterations:                    400000
Elapsed Time:                  1.19315s
Iterations/s:                  335248

Starting cost:                 127
Lowest cost:                   2
Lowest correct cost:           2

Move Type       Proposed     Succeeded     Accepted     
                                                        
Add Nops        0%           0%            0%           
Delete          0%           0%            0%           
Instruction     14.2212%     2.203%        0.726%       
Opcode          14.297%      5.884%        2.70875%     
OpcodeWidth     14.3507%     4.9475%       3.27325%     
Operand         14.342%      7.3375%       4.82325%     
Local Swap      14.318%      2.53275%      0.9205%      
Global Swap     14.2655%     3.93525%      1.45%        
Rotate          14.2055%     4.19575%      1.614%       
                                                        
Total           100%         31.0358%      15.5158%     

********************************************************************************

Statistics Update: 

Iterations:                    500000
Elapsed Time:                  1.49573s
Iterations/s:                  334286

Starting cost:                 127
Lowest cost:                   2
Lowest correct cost:           2

Move Type       Proposed     Succeeded     Accepted     
                                                        
Add Nops        0%           0%            0%           
Delete          0%           0%            0%           
Instruction     14.2374%     2.2058%       0.7358%      
Opcode          14.3102%     5.8986%       2.7246%      
OpcodeWidth     14.3302%     4.9384%       3.2658%      
Operand         14.3268%     7.3358%       4.8246%      
Local Swap      14.2834%     2.537%        0.9304%      
Global Swap     14.2912%     3.9624%       1.469%       
Rotate          14.2208%     4.2356%       1.6348%      
                                                        
Total           100%         31.1136%      15.585%      

********************************************************************************

Statistics Update: 

Iterations:                    600000
Elapsed Time:                  1.79535s
Iterations/s:                  334197

Starting cost:                 127
Lowest cost:                   2
Lowest correct cost:           2

Move Type       Proposed     Succeeded     Accepted      
                                                         
Add Nops        0%           0%            0%            
Delete          0%           0%            0%            
Instruction     14.2565%     2.20017%      0.734667%     
Opcode          14.3135%     5.91133%      2.7425%       
OpcodeWidth     14.3162%     4.93683%      3.27883%      
Operand         14.3027%     7.33533%      4.83567%      
Local Swap      14.291%      2.539%        0.923667%     
Global Swap     14.2757%     3.95967%      1.46233%      
Rotate          14.2445%     4.23317%      1.62617%      
                                                         
Total           100%         31.1155%      15.6038%      

********************************************************************************

Statistics Update: 

Iterations:                    700000
Elapsed Time:                  2.10001s
Iterations/s:                  333332

Starting cost:                 127
Lowest cost:                   2
Lowest correct cost:           2

Move Type       Proposed     Succeeded     Accepted      
                                                         
Add Nops        0%           0%            0%            
Delete          0%           0%            0%            
Instruction     14.2571%     2.19771%      0.744857%     
Opcode          14.311%      5.89643%      2.75414%      
OpcodeWidth     14.2847%     4.94%         3.289%        
Operand         14.3167%     7.344%        4.85057%      
Local Swap      14.2979%     2.55971%      0.937143%     
Global Swap     14.2717%     3.97186%      1.46771%      
Rotate          14.2609%     4.24757%      1.62771%      
                                                         
Total           100%         31.1573%      15.6711%      

********************************************************************************

Statistics Update: 

Iterations:                    800000
Elapsed Time:                  2.39676s
Iterations/s:                  333785

Starting cost:                 127
Lowest cost:                   2
Lowest correct cost:           2

Move Type       Proposed     Succeeded     Accepted      
                                                         
Add Nops        0%           0%            0%            
Delete          0%           0%            0%            
Instruction     14.2556%     2.20363%      0.746875%     
Opcode          14.308%      5.8965%       2.75488%      
OpcodeWidth     14.2769%     4.92812%      3.28512%      
Operand         14.3015%     7.33125%      4.84112%      
Local Swap      14.29%       2.54612%      0.929375%     
Global Swap     14.2844%     3.964%        1.46837%      
Rotate          14.2836%     4.24488%      1.624%        
                                                         
Total           100%         31.1145%      15.6497%      

********************************************************************************

Statistics Update: 

Iterations:                    900000
Elapsed Time:                  2.69951s
Iterations/s:                  333394

Starting cost:                 127
Lowest cost:                   2
Lowest correct cost:           2

Move Type       Proposed     Succeeded     Accepted      
                                                         
Add Nops        0%           0%            0%            
Delete          0%           0%            0%            
Instruction     14.2412%     2.20544%      0.746%        
Opcode          14.3147%     5.90222%      2.76556%      
OpcodeWidth     14.2864%     4.94089%      3.296%        
Operand         14.314%      7.34056%      4.84356%      
Local Swap      14.2806%     2.55233%      0.929222%     
Global Swap     14.2907%     3.97867%      1.46956%      
Rotate          14.2724%     4.24344%      1.62667%      
                                                         
Total           100%         31.1636%      15.6766%      

********************************************************************************

Statistics Update: 

Iterations:                    1000000
Elapsed Time:                  2.99325s
Iterations/s:                  334085

Starting cost:                 127
Lowest cost:                   2
Lowest correct cost:           2

Move Type       Proposed     Succeeded     Accepted     
                                                        
Add Nops        0%           0%            0%           
Delete          0%           0%            0%           
Instruction     14.2487%     2.202%        0.743%       
Opcode          14.2927%     5.9008%       2.761%       
OpcodeWidth     14.2813%     4.9308%       3.2831%      
Operand         14.3164%     7.3368%       4.8479%      
Local Swap      14.2899%     2.5387%       0.9226%      
Global Swap     14.2899%     3.9578%       1.4612%      
Rotate          14.2811%     4.2297%       1.6178%      
                                                        
Total           100%         31.0966%      15.6366%     

********************************************************************************

Line no: 0 (0, 4)
Line no: 1 (0, 4)
Line no: 2 (0, 4)
Line no: 3 (0, 4)
Line no: 0 (0, 4)
Line no: 1 (0, 4)
Line no: 2 (0, 4)
Line no: 3 (0, 4)
Checking for leakage on path:

Line map: 4
Examining BB: 1
Instr at index 0, line 0: ._Z11transform32jj:
Leakage as of index 0: 0
Instr at index 1, line 1: movl %edi, %eax
Leakage as of index 1: 0
Instr at index 2, line 2: subl %esi, %eax
SUBL SRC: %esi = %rsi_INIT[31:0]
Checking leakage for constraint set 0
Found SAT
Checking leakage for constraint set 1
Found leakage
Leakage as of index 2: 0
Instr at index 3, line 3: retq
Leakage as of index 3: 0
Unable to discover a new correct rewrite before timing out... 

********************************************************************************

Restarting search
Running search (timeout is 1000000 iterations):

Progress Update: 

Lowest Cost Discovered (122)     Lowest Known Correct Cost (2)     
                                                                   
._Z11transform32jj:              ._Z11transform32jj:               
xorl %esi, %edi                  movl %edi, %eax                   
xorq %rax, %rax                  subl %esi, %eax                   
retq                             retq                              

********************************************************************************

Progress Update: 

Lowest Cost Discovered (120)     Lowest Known Correct Cost (2)     
                                                                   
._Z11transform32jj:              ._Z11transform32jj:               
clc                              movl %edi, %eax                   
andl %esi, %edi                  subl %esi, %eax                   
xorl %eax, %eax                  retq                              
retq                                                               

********************************************************************************

Progress Update: 

Lowest Cost Discovered (119)     Lowest Known Correct Cost (2)     
                                                                   
._Z11transform32jj:              ._Z11transform32jj:               
orl %esi, %esi                   movl %edi, %eax                   
xorl %eax, %eax                  subl %esi, %eax                   
incl %eax                        retq                              
retq                                                               

********************************************************************************

Progress Update: 

Lowest Cost Discovered (111)     Lowest Known Correct Cost (2)     
                                                                   
._Z11transform32jj:              ._Z11transform32jj:               
xorl %eax, %eax                  movl %edi, %eax                   
rorl $0xfd, %edi                 subl %esi, %eax                   
incb %al                         retq                              
retq                                                               

********************************************************************************

Progress Update: 

Lowest Cost Discovered (108)     Lowest Known Correct Cost (2)     
                                                                   
._Z11transform32jj:              ._Z11transform32jj:               
xorl %eax, %eax                  movl %edi, %eax                   
rorl $0x7, %esi                  subl %esi, %eax                   
rorl $0xfd, %edi                 retq                              
retq                                                               

********************************************************************************

Progress Update: 

Lowest Cost Discovered (107)     Lowest Known Correct Cost (2)     
                                                                   
._Z11transform32jj:              ._Z11transform32jj:               
sarl $0x6, %esi                  movl %edi, %eax                   
rorl $0xfd, %edi                 subl %esi, %eax                   
xorl %eax, %eax                  retq                              
retq                                                               

********************************************************************************

Progress Update: 

Lowest Cost Discovered (106)     Lowest Known Correct Cost (2)     
                                                                   
._Z11transform32jj:              ._Z11transform32jj:               
xorl %eax, %eax                  movl %edi, %eax                   
shrl $0x6, %esi                  subl %esi, %eax                   
rorl $0xfd, %edi                 retq                              
retq                                                               

********************************************************************************

Progress Update: 

Lowest Cost Discovered (105)      Lowest Known Correct Cost (2)     
                                                                    
._Z11transform32jj:               ._Z11transform32jj:               
rorl $0xfe, %edi                  movl %edi, %eax                   
imull $0xffffff80, %esi, %eax     subl %esi, %eax                   
crc32q %rax, %rsi                 retq                              
retq                                                                

********************************************************************************

Progress Update: 

Lowest Cost Discovered (104)      Lowest Known Correct Cost (2)     
                                                                    
._Z11transform32jj:               ._Z11transform32jj:               
imull $0xffffff80, %esi, %eax     movl %edi, %eax                   
crc32b %al, %esi                  subl %esi, %eax                   
rorl $0xfe, %edi                  retq                              
retq                                                                

********************************************************************************

Progress Update: 

Lowest Cost Discovered (103)      Lowest Known Correct Cost (2)     
                                                                    
._Z11transform32jj:               ._Z11transform32jj:               
imull $0xffffff80, %esi, %eax     movl %edi, %eax                   
crc32b %sil, %esi                 subl %esi, %eax                   
rorl $0xfe, %edi                  retq                              
retq                                                                

********************************************************************************

Progress Update: 

Lowest Cost Discovered (101)      Lowest Known Correct Cost (2)     
                                                                    
._Z11transform32jj:               ._Z11transform32jj:               
imull $0x8, %edi, %edi            movl %edi, %eax                   
imull $0xffffff80, %esi, %eax     subl %esi, %eax                   
crc32b %sil, %rsi                 retq                              
retq                                                                

********************************************************************************

Progress Update: 

Lowest Cost Discovered (100)      Lowest Known Correct Cost (2)     
                                                                    
._Z11transform32jj:               ._Z11transform32jj:               
imull $0x8, %edi, %r10d           movl %edi, %eax                   
adcl $0xf9, %edi                  subl %esi, %eax                   
imull $0xfffffff8, %esi, %eax     retq                              
retq                                                                

********************************************************************************

Progress Update: 

Lowest Cost Discovered (99)       Lowest Known Correct Cost (2)     
                                                                    
._Z11transform32jj:               ._Z11transform32jj:               
imull $0xfffffff8, %esi, %eax     movl %edi, %eax                   
adcl $0xf9, %edi                  subl %esi, %eax                   
imull $0x8, %edi, %r10d           retq                              
retq                                                                

********************************************************************************

Progress Update: 

Lowest Cost Discovered (98)       Lowest Known Correct Cost (2)     
                                                                    
._Z11transform32jj:               ._Z11transform32jj:               
andl $0xfffffffb, %edi            movl %edi, %eax                   
crc32b %dil, %esi                 subl %esi, %eax                   
imull $0xfffffff8, %esi, %eax     retq                              
retq                                                                

********************************************************************************

Progress Update: 

Lowest Cost Discovered (11)     Lowest Known Correct Cost (2)     
                                                                  
._Z11transform32jj:             ._Z11transform32jj:               
imull $0x2, %esi, %eax          movl %edi, %eax                   
subl %esi, %edi                 subl %esi, %eax                   
movzbl %dil, %r10d              retq                              
retq                                                              

********************************************************************************

Progress Update: 

Lowest Cost Discovered (3)     Lowest Known Correct Cost (2)     
                                                                 
._Z11transform32jj:            ._Z11transform32jj:               
subl %esi, %edi                movl %edi, %eax                   
movq %rdi, %rax                subl %esi, %eax                   
cmpq $0xfffffffb, %rax         retq                              
retq                                                             

********************************************************************************

Progress Update: 

Lowest Cost Discovered (2)     Lowest Known Correct Cost (2)     
                                                                 
._Z11transform32jj:            ._Z11transform32jj:               
subl %esi, %edi                movl %edi, %eax                   
movl %edi, %eax                subl %esi, %eax                   
retq                           retq                              

********************************************************************************

Statistics Update: 

Iterations:                    100000
Elapsed Time:                  0.313541s
Iterations/s:                  318937

Starting cost:                 127
Lowest cost:                   2
Lowest correct cost:           2

Move Type       Proposed     Succeeded     Accepted     
                                                        
Add Nops        0%           0%            0%           
Delete          0%           0%            0%           
Instruction     14.046%      2.235%        0.704%       
Opcode          14.468%      6.392%        3.105%       
OpcodeWidth     14.37%       5.022%        3.085%       
Operand         14.287%      7.608%        4.891%       
Local Swap      14.512%      2.591%        1.1%         
Global Swap     14.039%      3.909%        1.72%        
Rotate          14.278%      4.272%        1.957%       
                                                        
Total           100%         32.029%       16.562%      

********************************************************************************

Statistics Update: 

Iterations:                    200000
Elapsed Time:                  0.615135s
Iterations/s:                  325132

Starting cost:                 127
Lowest cost:                   2
Lowest correct cost:           2

Move Type       Proposed     Succeeded     Accepted     
                                                        
Add Nops        0%           0%            0%           
Delete          0%           0%            0%           
Instruction     14.218%      2.3265%       0.627%       
Opcode          14.426%      6.6635%       3.183%       
OpcodeWidth     14.276%      5.266%        3.37%        
Operand         14.212%      7.4075%       4.722%       
Local Swap      14.413%      2.4545%       1.0565%      
Global Swap     14.128%      3.737%        1.622%       
Rotate          14.327%      4.0615%       1.8125%      
                                                        
Total           100%         31.9165%      16.393%      

********************************************************************************

Statistics Update: 

Iterations:                    300000
Elapsed Time:                  0.91975s
Iterations/s:                  326175

Starting cost:                 127
Lowest cost:                   2
Lowest correct cost:           2

Move Type       Proposed     Succeeded     Accepted     
                                                        
Add Nops        0%           0%            0%           
Delete          0%           0%            0%           
Instruction     14.2823%     2.34633%      0.611%       
Opcode          14.4237%     6.645%        3.122%       
OpcodeWidth     14.2407%     5.30633%      3.42733%     
Operand         14.221%      7.40733%      4.74433%     
Local Swap      14.3823%     2.43667%      1.05467%     
Global Swap     14.151%      3.75033%      1.60967%     
Rotate          14.299%      4.06633%      1.779%       
                                                        
Total           100%         31.9583%      16.348%      

********************************************************************************

Statistics Update: 

Iterations:                    400000
Elapsed Time:                  1.21892s
Iterations/s:                  328159

Starting cost:                 127
Lowest cost:                   2
Lowest correct cost:           2

Move Type       Proposed     Succeeded     Accepted     
                                                        
Add Nops        0%           0%            0%           
Delete          0%           0%            0%           
Instruction     14.313%      2.32225%      0.655%       
Opcode          14.3745%     6.43225%      3.03175%     
OpcodeWidth     14.2353%     5.1885%       3.37675%     
Operand         14.219%      7.373%        4.789%       
Local Swap      14.372%      2.47725%      1.04425%     
Global Swap     14.1975%     3.81075%      1.58625%     
Rotate          14.2888%     4.116%        1.7555%      
                                                        
Total           100%         31.72%        16.2385%     

********************************************************************************

Statistics Update: 

Iterations:                    500000
Elapsed Time:                  1.5179s
Iterations/s:                  329402

Starting cost:                 127
Lowest cost:                   2
Lowest correct cost:           2

Move Type       Proposed     Succeeded     Accepted     
                                                        
Add Nops        0%           0%            0%           
Delete          0%           0%            0%           
Instruction     14.2908%     2.318%        0.6762%      
Opcode          14.3408%     6.3232%       2.986%       
OpcodeWidth     14.2664%     5.1216%       3.343%       
Operand         14.2702%     7.3784%       4.7928%      
Local Swap      14.3358%     2.4962%       1.028%       
Global Swap     14.2286%     3.8448%       1.5564%      
Rotate          14.2674%     4.1284%       1.7316%      
                                                        
Total           100%         31.6106%      16.114%      

********************************************************************************

Statistics Update: 

Iterations:                    600000
Elapsed Time:                  1.81628s
Iterations/s:                  330345

Starting cost:                 127
Lowest cost:                   2
Lowest correct cost:           2

Move Type       Proposed     Succeeded     Accepted      
                                                         
Add Nops        0%           0%            0%            
Delete          0%           0%            0%            
Instruction     14.2937%     2.298%        0.696333%     
Opcode          14.3608%     6.24683%      2.9625%       
OpcodeWidth     14.2287%     5.0495%       3.30517%      
Operand         14.2753%     7.36067%      4.79367%      
Local Swap      14.3658%     2.52267%      1.02033%      
Global Swap     14.2033%     3.871%        1.54117%      
Rotate          14.2723%     4.16417%      1.71417%      
                                                         
Total           100%         31.5128%      16.0333%      

********************************************************************************

Statistics Update: 

Iterations:                    700000
Elapsed Time:                  2.11537s
Iterations/s:                  330911

Starting cost:                 127
Lowest cost:                   2
Lowest correct cost:           2

Move Type       Proposed     Succeeded     Accepted      
                                                         
Add Nops        0%           0%            0%            
Delete          0%           0%            0%            
Instruction     14.2693%     2.28214%      0.700429%     
Opcode          14.3479%     6.20171%      2.94471%      
OpcodeWidth     14.236%      5.01357%      3.29014%      
Operand         14.3061%     7.387%        4.83171%      
Local Swap      14.379%      2.52286%      1.01286%      
Global Swap     14.2169%     3.88386%      1.53871%      
Rotate          14.2449%     4.15457%      1.70443%      
                                                         
Total           100%         31.4457%      16.023%       

********************************************************************************

Statistics Update: 

Iterations:                    800000
Elapsed Time:                  2.42057s
Iterations/s:                  330501

Starting cost:                 127
Lowest cost:                   2
Lowest correct cost:           2

Move Type       Proposed     Succeeded     Accepted      
                                                         
Add Nops        0%           0%            0%            
Delete          0%           0%            0%            
Instruction     14.2706%     2.27813%      0.711875%     
Opcode          14.3331%     6.183%        2.9305%       
OpcodeWidth     14.2519%     5.00525%      3.28863%      
Operand         14.3256%     7.40225%      4.85725%      
Local Swap      14.3415%     2.52962%      1.01263%      
Global Swap     14.2144%     3.90975%      1.53713%      
Rotate          14.2629%     4.182%        1.70887%      
                                                         
Total           100%         31.49%        16.0469%      

********************************************************************************

Statistics Update: 

Iterations:                    900000
Elapsed Time:                  2.7159s
Iterations/s:                  331382

Starting cost:                 127
Lowest cost:                   2
Lowest correct cost:           2

Move Type       Proposed     Succeeded     Accepted      
                                                         
Add Nops        0%           0%            0%            
Delete          0%           0%            0%            
Instruction     14.2704%     2.26233%      0.715222%     
Opcode          14.337%      6.15167%      2.91289%      
OpcodeWidth     14.2621%     4.974%        3.27867%      
Operand         14.3044%     7.38856%      4.857%        
Local Swap      14.3373%     2.53167%      1.00111%      
Global Swap     14.2289%     3.90722%      1.52%         
Rotate          14.2598%     4.18356%      1.69356%      
                                                         
Total           100%         31.399%       15.9784%      

********************************************************************************

Statistics Update: 

Iterations:                    1000000
Elapsed Time:                  3.02055s
Iterations/s:                  331065

Starting cost:                 127
Lowest cost:                   2
Lowest correct cost:           2

Move Type       Proposed     Succeeded     Accepted     
                                                        
Add Nops        0%           0%            0%           
Delete          0%           0%            0%           
Instruction     14.259%      2.2581%       0.722%       
Opcode          14.3405%     6.1291%       2.9053%      
OpcodeWidth     14.2722%     4.9671%       3.2837%      
Operand         14.3126%     7.3991%       4.8649%      
Local Swap      14.3279%     2.5447%       0.998%       
Global Swap     14.2254%     3.9234%       1.5083%      
Rotate          14.2624%     4.1953%       1.6909%      
                                                        
Total           100%         31.4168%      15.9731%     

********************************************************************************

Line no: 0 (0, 4)
Line no: 1 (0, 4)
Line no: 2 (0, 4)
Line no: 3 (0, 4)
Line no: 0 (0, 4)
Line no: 1 (0, 4)
Line no: 2 (0, 4)
Line no: 3 (0, 4)
Checking for leakage on path:

Line map: 4
Examining BB: 1
Instr at index 0, line 0: ._Z11transform32jj:
Leakage as of index 0: 0
Instr at index 1, line 1: movl %edi, %eax
Leakage as of index 1: 0
Instr at index 2, line 2: subl %esi, %eax
SUBL SRC: %esi = %rsi_INIT[31:0]
Checking leakage for constraint set 0
Found SAT
Checking leakage for constraint set 1
Found leakage
Leakage as of index 2: 0
Instr at index 3, line 3: retq
Leakage as of index 3: 0
Unable to discover a new correct rewrite before timing out... 

********************************************************************************

Restarting search
Running search (timeout is 1000000 iterations):

Progress Update: 

Lowest Cost Discovered (121)     Lowest Known Correct Cost (2)     
                                                                   
._Z11transform32jj:              ._Z11transform32jj:               
xorl %eax, %eax                  movl %edi, %eax                   
setpe %dh                        subl %esi, %eax                   
incb %al                         retq                              
retq                                                               

********************************************************************************

Progress Update: 

Lowest Cost Discovered (119)     Lowest Known Correct Cost (2)     
                                                                   
._Z11transform32jj:              ._Z11transform32jj:               
crc32b %sil, %rdi                movl %edi, %eax                   
xorl %eax, %eax                  subl %esi, %eax                   
xchgl %edi, %eax                 retq                              
retq                                                               

********************************************************************************

Progress Update: 

Lowest Cost Discovered (117)     Lowest Known Correct Cost (2)     
                                                                   
._Z11transform32jj:              ._Z11transform32jj:               
xorl %eax, %eax                  movl %edi, %eax                   
xchgl %edi, %esi                 subl %esi, %eax                   
crc32b %sil, %rdi                retq                              
retq                                                               

********************************************************************************

Progress Update: 

Lowest Cost Discovered (114)     Lowest Known Correct Cost (2)     
                                                                   
._Z11transform32jj:              ._Z11transform32jj:               
xaddb %sil, %dil                 movl %edi, %eax                   
movl %esi, %eax                  subl %esi, %eax                   
bswap %esi                       retq                              
retq                                                               

********************************************************************************

Progress Update: 

Lowest Cost Discovered (113)     Lowest Known Correct Cost (2)     
                                                                   
._Z11transform32jj:              ._Z11transform32jj:               
bswap %esi                       movl %edi, %eax                   
movl %esi, %eax                  subl %esi, %eax                   
xaddb %sil, %dil                 retq                              
retq                                                               

********************************************************************************

Progress Update: 

Lowest Cost Discovered (69)     Lowest Known Correct Cost (2)     
                                                                  
._Z11transform32jj:             ._Z11transform32jj:               
negl %esi                       movl %edi, %eax                   
xaddw %si, %di                  subl %esi, %eax                   
movl %edi, %eax                 retq                              
retq                                                              

********************************************************************************

Progress Update: 

Lowest Cost Discovered (3)     Lowest Known Correct Cost (2)     
                                                                 
._Z11transform32jj:            ._Z11transform32jj:               
negq %rsi                      movl %edi, %eax                   
addl %esi, %edi                subl %esi, %eax                   
movl %edi, %eax                retq                              
retq                                                             

********************************************************************************

Statistics Update: 

Iterations:                    100000
Elapsed Time:                  0.284078s
Iterations/s:                  352016

Starting cost:                 127
Lowest cost:                   3
Lowest correct cost:           2

Move Type       Proposed     Succeeded     Accepted     
                                                        
Add Nops        0%           0%            0%           
Delete          0%           0%            0%           
Instruction     14.431%      1.944%        0.011%       
Opcode          14.242%      5.504%        0.983%       
OpcodeWidth     14.342%      5.414%        2.125%       
Operand         14.217%      6.166%        3.18%        
Local Swap      14.257%      3.464%        0.027%       
Global Swap     14.122%      5.199%        0.035%       
Rotate          14.389%      5.3%          0.037%       
                                                        
Total           100%         32.991%       6.398%       

********************************************************************************

Statistics Update: 

Iterations:                    200000
Elapsed Time:                  0.569485s
Iterations/s:                  351194

Starting cost:                 127
Lowest cost:                   3
Lowest correct cost:           2

Move Type       Proposed     Succeeded     Accepted     
                                                        
Add Nops        0%           0%            0%           
Delete          0%           0%            0%           
Instruction     14.3405%     1.963%        0.01%        
Opcode          14.2145%     5.514%        0.971%       
OpcodeWidth     14.241%      5.3285%       2.0675%      
Operand         14.3855%     6.3045%       3.2595%      
Local Swap      14.2805%     3.476%        0.0135%      
Global Swap     14.2445%     5.2695%       0.018%       
Rotate          14.2935%     5.314%        0.019%       
                                                        
Total           100%         33.1695%      6.3585%      

********************************************************************************

Statistics Update: 

Iterations:                    300000
Elapsed Time:                  0.845897s
Iterations/s:                  354653

Starting cost:                 127
Lowest cost:                   3
Lowest correct cost:           2

Move Type       Proposed     Succeeded     Accepted      
                                                         
Add Nops        0%           0%            0%            
Delete          0%           0%            0%            
Instruction     14.4297%     2.09433%      0.008%        
Opcode          14.25%       5.55933%      0.962667%     
OpcodeWidth     14.214%      5.31767%      2.04333%      
Operand         14.3487%     6.36267%      3.20667%      
Local Swap      14.2703%     3.27133%      0.131%        
Global Swap     14.237%      4.99667%      0.201%        
Rotate          14.2503%     5.05633%      0.191%        
                                                         
Total           100%         32.6583%      6.74367%      

********************************************************************************

Statistics Update: 

Iterations:                    400000
Elapsed Time:                  1.11771s
Iterations/s:                  357875

Starting cost:                 127
Lowest cost:                   3
Lowest correct cost:           2

Move Type       Proposed     Succeeded     Accepted     
                                                        
Add Nops        0%           0%            0%           
Delete          0%           0%            0%           
Instruction     14.3965%     2.268%        0.00825%     
Opcode          14.2728%     6.07075%      1.34025%     
OpcodeWidth     14.242%      5.2635%       1.92075%     
Operand         14.3227%     6.581%        3.14375%     
Local Swap      14.2792%     2.87275%      0.38025%     
Global Swap     14.274%      4.41375%      0.598%       
Rotate          14.2127%     4.5635%       0.58875%     
                                                        
Total           100%         32.0333%      7.98%        

********************************************************************************

Statistics Update: 

Iterations:                    500000
Elapsed Time:                  1.39917s
Iterations/s:                  357354

Starting cost:                 127
Lowest cost:                   3
Lowest correct cost:           2

Move Type       Proposed     Succeeded     Accepted     
                                                        
Add Nops        0%           0%            0%           
Delete          0%           0%            0%           
Instruction     14.3464%     2.35%         0.0082%      
Opcode          14.2862%     6.7202%       1.9394%      
OpcodeWidth     14.293%      5.1216%       1.7634%      
Operand         14.3312%     6.7574%       3.1392%      
Local Swap      14.2678%     2.6224%       0.522%       
Global Swap     14.2742%     4.078%        0.8378%      
Rotate          14.2012%     4.2872%       0.828%       
                                                        
Total           100%         31.9368%      9.038%       

********************************************************************************

Statistics Update: 

Iterations:                    600000
Elapsed Time:                  1.68131s
Iterations/s:                  356865

Starting cost:                 127
Lowest cost:                   3
Lowest correct cost:           2

Move Type       Proposed     Succeeded     Accepted        
                                                           
Add Nops        0%           0%            0%              
Delete          0%           0%            0%              
Instruction     14.3155%     2.42717%      0.00716667%     
Opcode          14.3055%     7.15183%      2.33933%        
OpcodeWidth     14.2767%     5.01283%      1.64967%        
Operand         14.3248%     6.85917%      3.1275%         
Local Swap      14.2753%     2.475%        0.624667%       
Global Swap     14.3002%     3.86833%      1.0135%         
Rotate          14.202%      4.10067%      0.994667%       
                                                           
Total           100%         31.895%       9.7565%         

********************************************************************************

Statistics Update: 

Iterations:                    700000
Elapsed Time:                  1.96193s
Iterations/s:                  356791

Starting cost:                 127
Lowest cost:                   3
Lowest correct cost:           2

Move Type       Proposed     Succeeded     Accepted        
                                                           
Add Nops        0%           0%            0%              
Delete          0%           0%            0%              
Instruction     14.3221%     2.46386%      0.00642857%     
Opcode          14.29%       7.45143%      2.62571%        
OpcodeWidth     14.2739%     4.949%        1.57857%        
Operand         14.3099%     6.95143%      3.13214%        
Local Swap      14.2834%     2.36314%      0.695143%       
Global Swap     14.2941%     3.69329%      1.12357%        
Rotate          14.2266%     3.965%        1.11543%        
                                                           
Total           100%         31.8371%      10.277%         

********************************************************************************

Statistics Update: 

Iterations:                    800000
Elapsed Time:                  2.2426s
Iterations/s:                  356728

Starting cost:                 127
Lowest cost:                   3
Lowest correct cost:           2

Move Type       Proposed     Succeeded     Accepted      
                                                         
Add Nops        0%           0%            0%            
Delete          0%           0%            0%            
Instruction     14.3155%     2.50675%      0.005875%     
Opcode          14.278%      7.6595%       2.817%        
OpcodeWidth     14.2835%     4.91113%      1.52563%      
Operand         14.3011%     7.00962%      3.128%        
Local Swap      14.2894%     2.28463%      0.753125%     
Global Swap     14.297%      3.56988%      1.1995%       
Rotate          14.2355%     3.8645%       1.19225%      
                                                         
Total           100%         31.806%       10.6214%      

********************************************************************************

Statistics Update: 

Iterations:                    900000
Elapsed Time:                  2.52409s
Iterations/s:                  356564

Starting cost:                 127
Lowest cost:                   3
Lowest correct cost:           2

Move Type       Proposed     Succeeded     Accepted        
                                                           
Add Nops        0%           0%            0%              
Delete          0%           0%            0%              
Instruction     14.3097%     2.53389%      0.00566667%     
Opcode          14.2732%     7.84189%      2.981%          
OpcodeWidth     14.2939%     4.87244%      1.47789%        
Operand         14.2778%     7.05144%      3.12967%        
Local Swap      14.2997%     2.22956%      0.793444%       
Global Swap     14.3078%     3.47778%      1.255%          
Rotate          14.238%      3.78567%      1.24833%        
                                                           
Total           100%         31.7927%      10.891%         

********************************************************************************

Statistics Update: 

Iterations:                    1000000
Elapsed Time:                  2.80466s
Iterations/s:                  356549

Starting cost:                 127
Lowest cost:                   3
Lowest correct cost:           2

Move Type       Proposed     Succeeded     Accepted     
                                                        
Add Nops        0%           0%            0%           
Delete          0%           0%            0%           
Instruction     14.3096%     2.5584%       0.0054%      
Opcode          14.274%      7.9834%       3.1052%      
OpcodeWidth     14.2897%     4.8326%       1.4456%      
Operand         14.2812%     7.0986%       3.1327%      
Local Swap      14.2977%     2.1759%       0.8331%      
Global Swap     14.3175%     3.3976%       1.3133%      
Rotate          14.2303%     3.7163%       1.3006%      
                                                        
Total           100%         31.7628%      11.1359%     

********************************************************************************

Line no: 0 (0, 4)
Line no: 1 (0, 4)
Line no: 2 (0, 4)
Line no: 3 (0, 4)
Line no: 0 (0, 4)
Line no: 1 (0, 4)
Line no: 2 (0, 4)
Line no: 3 (0, 4)
Checking for leakage on path:

Line map: 4
Examining BB: 1
Instr at index 0, line 0: ._Z11transform32jj:
Leakage as of index 0: 0
Instr at index 1, line 1: movl %edi, %eax
Leakage as of index 1: 0
Instr at index 2, line 2: subl %esi, %eax
SUBL SRC: %esi = %rsi_INIT[31:0]
Checking leakage for constraint set 0
Found SAT
Checking leakage for constraint set 1
Found leakage
Leakage as of index 2: 0
Instr at index 3, line 3: retq
Leakage as of index 3: 0
Unable to discover a new correct rewrite before timing out... 

********************************************************************************

Restarting search
Running search (timeout is 1000000 iterations):

Progress Update: 

Lowest Cost Discovered (124)     Lowest Known Correct Cost (2)     
                                                                   
._Z11transform32jj:              ._Z11transform32jj:               
shll $0x1, %esi                  movl %edi, %eax                   
xorq %rax, %rax                  subl %esi, %eax                   
retq                             retq                              

********************************************************************************

Progress Update: 

Lowest Cost Discovered (121)     Lowest Known Correct Cost (2)     
                                                                   
._Z11transform32jj:              ._Z11transform32jj:               
rorb $0x6, %dil                  movl %edi, %eax                   
xorl %eax, %eax                  subl %esi, %eax                   
xaddw %ax, %di                   retq                              
retq                                                               

********************************************************************************

Progress Update: 

Lowest Cost Discovered (120)     Lowest Known Correct Cost (2)     
                                                                   
._Z11transform32jj:              ._Z11transform32jj:               
xorl %eax, %eax                  movl %edi, %eax                   
btsl %edi, %edi                  subl %esi, %eax                   
rorb $0x6, %dil                  retq                              
retq                                                               

********************************************************************************

Progress Update: 

Lowest Cost Discovered (119)     Lowest Known Correct Cost (2)     
                                                                   
._Z11transform32jj:              ._Z11transform32jj:               
xorl %eax, %eax                  movl %edi, %eax                   
andl %edi, %edi                  subl %esi, %eax                   
addl %esi, %esi                  retq                              
retq                                                               

********************************************************************************

Progress Update: 

Lowest Cost Discovered (118)     Lowest Known Correct Cost (2)     
                                                                   
._Z11transform32jj:              ._Z11transform32jj:               
andl %edi, %edi                  movl %edi, %eax                   
addl %edi, %esi                  subl %esi, %eax                   
xorl %eax, %eax                  retq                              
retq                                                               

********************************************************************************

Progress Update: 

Lowest Cost Discovered (117)     Lowest Known Correct Cost (2)     
                                                                   
._Z11transform32jj:              ._Z11transform32jj:               
btrl %edi, %edi                  movl %edi, %eax                   
xorl %eax, %eax                  subl %esi, %eax                   
addl %edi, %esi                  retq                              
retq                                                               

********************************************************************************

Progress Update: 

Lowest Cost Discovered (115)     Lowest Known Correct Cost (2)     
                                                                   
._Z11transform32jj:              ._Z11transform32jj:               
btrl %edi, %edi                  movl %edi, %eax                   
imull %edi, %edi                 subl %esi, %eax                   
xorl %eax, %eax                  retq                              
retq                                                               

********************************************************************************

Progress Update: 

Lowest Cost Discovered (114)     Lowest Known Correct Cost (2)     
                                                                   
._Z11transform32jj:              ._Z11transform32jj:               
btrl %esi, %edi                  movl %edi, %eax                   
imulw %di, %di                   subl %esi, %eax                   
xorl %eax, %eax                  retq                              
retq                                                               

********************************************************************************

Progress Update: 

Lowest Cost Discovered (112)     Lowest Known Correct Cost (2)     
                                                                   
._Z11transform32jj:              ._Z11transform32jj:               
btcl %esi, %edi                  movl %edi, %eax                   
imulw %di, %di                   subl %esi, %eax                   
xorl %eax, %eax                  retq                              
retq                                                               

********************************************************************************

Progress Update: 

Lowest Cost Discovered (68)     Lowest Known Correct Cost (2)     
                                                                  
._Z11transform32jj:             ._Z11transform32jj:               
subl %esi, %edi                 movl %edi, %eax                   
xorl %eax, %eax                 subl %esi, %eax                   
imulw %di, %di                  retq                              
retq                                                              

********************************************************************************

Progress Update: 

Lowest Cost Discovered (11)     Lowest Known Correct Cost (2)     
                                                                  
._Z11transform32jj:             ._Z11transform32jj:               
subl %esi, %edi                 movl %edi, %eax                   
xorl %eax, %eax                 subl %esi, %eax                   
testw %di, %di                  retq                              
retq                                                              

********************************************************************************

Progress Update: 

Lowest Cost Discovered (3)     Lowest Known Correct Cost (2)     
                                                                 
._Z11transform32jj:            ._Z11transform32jj:               
xorq %rax, %rax                movl %edi, %eax                   
sbbl %esi, %edi                subl %esi, %eax                   
xchgl %eax, %edi               retq                              
retq                                                             

********************************************************************************

Progress Update: 

Lowest Cost Discovered (2)     Lowest Known Correct Cost (2)     
                                                                 
._Z11transform32jj:            ._Z11transform32jj:               
subl %esi, %edi                movl %edi, %eax                   
movq %rdi, %rax                subl %esi, %eax                   
retq                           retq                              

********************************************************************************

Statistics Update: 

Iterations:                    100000
Elapsed Time:                  0.293587s
Iterations/s:                  340614

Starting cost:                 127
Lowest cost:                   2
Lowest correct cost:           2

Move Type       Proposed     Succeeded     Accepted     
                                                        
Add Nops        0%           0%            0%           
Delete          0%           0%            0%           
Instruction     14.222%      2.325%        0.702%       
Opcode          14.312%      5.976%        2.707%       
OpcodeWidth     14.204%      4.915%        3.191%       
Operand         14.249%      7.172%        4.661%       
Local Swap      14.217%      2.319%        0.946%       
Global Swap     14.35%       3.686%        1.549%       
Rotate          14.446%      3.982%        1.695%       
                                                        
Total           100%         30.375%       15.451%      

********************************************************************************

Statistics Update: 

Iterations:                    200000
Elapsed Time:                  0.564551s
Iterations/s:                  354264

Starting cost:                 127
Lowest cost:                   2
Lowest correct cost:           2

Move Type       Proposed     Succeeded     Accepted     
                                                        
Add Nops        0%           0%            0%           
Delete          0%           0%            0%           
Instruction     14.2095%     2.5165%       0.65%        
Opcode          14.3415%     6.586%        3.194%       
OpcodeWidth     14.2535%     4.7245%       2.9345%      
Operand         14.198%      7.664%        4.5785%      
Local Swap      14.216%      1.756%        0.9365%      
Global Swap     14.3695%     2.786%        1.5325%      
Rotate          14.412%      3.0755%       1.695%       
                                                        
Total           100%         29.1085%      15.521%      

********************************************************************************

Statistics Update: 

Iterations:                    300000
Elapsed Time:                  0.826013s
Iterations/s:                  363190

Starting cost:                 127
Lowest cost:                   2
Lowest correct cost:           2

Move Type       Proposed     Succeeded     Accepted      
                                                         
Add Nops        0%           0%            0%            
Delete          0%           0%            0%            
Instruction     14.2797%     2.625%        0.662%        
Opcode          14.336%      6.40067%      2.96467%      
OpcodeWidth     14.269%      4.748%        2.951%        
Operand         14.116%      7.682%        4.51667%      
Local Swap      14.3027%     1.558%        0.939333%     
Global Swap     14.337%      2.45767%      1.512%        
Rotate          14.3597%     2.747%        1.66867%      
                                                         
Total           100%         28.2183%      15.2143%      

********************************************************************************

Statistics Update: 

Iterations:                    400000
Elapsed Time:                  1.10538s
Iterations/s:                  361867

Starting cost:                 127
Lowest cost:                   2
Lowest correct cost:           2

Move Type       Proposed     Succeeded     Accepted     
                                                        
Add Nops        0%           0%            0%           
Delete          0%           0%            0%           
Instruction     14.2957%     2.631%        0.6685%      
Opcode          14.3208%     6.9145%       3.5085%      
OpcodeWidth     14.2803%     4.6275%       2.78025%     
Operand         14.226%      7.93375%      4.5935%      
Local Swap      14.2643%     1.4365%       0.92675%     
Global Swap     14.2912%     2.2595%       1.47%        
Rotate          14.3217%     2.5485%       1.63%        
                                                        
Total           100%         28.3513%      15.5775%     

********************************************************************************

Statistics Update: 

Iterations:                    500000
Elapsed Time:                  1.37737s
Iterations/s:                  363010

Starting cost:                 127
Lowest cost:                   2
Lowest correct cost:           2

Move Type       Proposed     Succeeded     Accepted     
                                                        
Add Nops        0%           0%            0%           
Delete          0%           0%            0%           
Instruction     14.3112%     2.641%        0.671%       
Opcode          14.304%      6.9128%       3.5176%      
OpcodeWidth     14.2856%     4.6352%       2.7948%      
Operand         14.2218%     7.9764%       4.6016%      
Local Swap      14.2916%     1.401%        0.9422%      
Global Swap     14.2912%     2.1866%       1.4772%      
Rotate          14.2946%     2.4724%       1.632%       
                                                        
Total           100%         28.2254%      15.6364%     

********************************************************************************

Statistics Update: 

Iterations:                    600000
Elapsed Time:                  1.63755s
Iterations/s:                  366401

Starting cost:                 127
Lowest cost:                   2
Lowest correct cost:           2

Move Type       Proposed     Succeeded     Accepted     
                                                        
Add Nops        0%           0%            0%           
Delete          0%           0%            0%           
Instruction     14.322%      2.6525%       0.661%       
Opcode          14.2417%     6.7975%       3.389%       
OpcodeWidth     14.2868%     4.6455%       2.80083%     
Operand         14.2345%     8.00217%      4.60983%     
Local Swap      14.2852%     1.351%        0.9195%      
Global Swap     14.3103%     2.10717%      1.4315%      
Rotate          14.3195%     2.38717%      1.58617%     
                                                        
Total           100%         27.943%       15.3978%     

********************************************************************************

Statistics Update: 

Iterations:                    700000
Elapsed Time:                  1.93138s
Iterations/s:                  362436

Starting cost:                 127
Lowest cost:                   2
Lowest correct cost:           2

Move Type       Proposed     Succeeded     Accepted      
                                                         
Add Nops        0%           0%            0%            
Delete          0%           0%            0%            
Instruction     14.3251%     2.59357%      0.671429%     
Opcode          14.236%      6.67271%      3.29757%      
OpcodeWidth     14.2931%     4.668%        2.85414%      
Operand         14.2149%     7.86371%      4.61871%      
Local Swap      14.3041%     1.52686%      0.921429%     
Global Swap     14.2973%     2.36829%      1.43057%      
Rotate          14.3294%     2.64414%      1.59514%      
                                                         
Total           100%         28.3373%      15.389%       

********************************************************************************

Statistics Update: 

Iterations:                    800000
Elapsed Time:                  2.20304s
Iterations/s:                  363135

Starting cost:                 127
Lowest cost:                   2
Lowest correct cost:           2

Move Type       Proposed     Succeeded     Accepted      
                                                         
Add Nops        0%           0%            0%            
Delete          0%           0%            0%            
Instruction     14.3414%     2.61375%      0.675125%     
Opcode          14.2266%     6.62488%      3.26213%      
OpcodeWidth     14.311%      4.69337%      2.87938%      
Operand         14.2014%     7.87625%      4.63187%      
Local Swap      14.3144%     1.498%        0.935375%     
Global Swap     14.2904%     2.32713%      1.45687%      
Rotate          14.3149%     2.59938%      1.62187%      
                                                         
Total           100%         28.2327%      15.4626%      

********************************************************************************

Statistics Update: 

Iterations:                    900000
Elapsed Time:                  2.49144s
Iterations/s:                  361237

Starting cost:                 127
Lowest cost:                   2
Lowest correct cost:           2

Move Type       Proposed     Succeeded     Accepted      
                                                         
Add Nops        0%           0%            0%            
Delete          0%           0%            0%            
Instruction     14.3534%     2.59233%      0.690556%     
Opcode          14.2362%     6.53167%      3.19633%      
OpcodeWidth     14.2947%     4.69756%      2.90044%      
Operand         14.1983%     7.84244%      4.66056%      
Local Swap      14.3127%     1.57311%      0.928222%     
Global Swap     14.3068%     2.44078%      1.44711%      
Rotate          14.2979%     2.71533%      1.61533%      
                                                         
Total           100%         28.3932%      15.4386%      

********************************************************************************

Statistics Update: 

Iterations:                    1000000
Elapsed Time:                  2.79387s
Iterations/s:                  357926

Starting cost:                 127
Lowest cost:                   2
Lowest correct cost:           2

Move Type       Proposed     Succeeded     Accepted     
                                                        
Add Nops        0%           0%            0%           
Delete          0%           0%            0%           
Instruction     14.3638%     2.5617%       0.7054%      
Opcode          14.2209%     6.453%        3.1609%      
OpcodeWidth     14.2898%     4.7083%       2.9365%      
Operand         14.2171%     7.7984%       4.6873%      
Local Swap      14.2978%     1.6769%       0.9337%      
Global Swap     14.3275%     2.6193%       1.4545%      
Rotate          14.2831%     2.8819%       1.6275%      
                                                        
Total           100%         28.6995%      15.5058%     

********************************************************************************

Line no: 0 (0, 4)
Line no: 1 (0, 4)
Line no: 2 (0, 4)
Line no: 3 (0, 4)
Line no: 0 (0, 4)
Line no: 1 (0, 4)
Line no: 2 (0, 4)
Line no: 3 (0, 4)
Checking for leakage on path:

Line map: 4
Examining BB: 1
Instr at index 0, line 0: ._Z11transform32jj:
Leakage as of index 0: 0
Instr at index 1, line 1: movl %edi, %eax
Leakage as of index 1: 0
Instr at index 2, line 2: subl %esi, %eax
SUBL SRC: %esi = %rsi_INIT[31:0]
Checking leakage for constraint set 0
Found SAT
Checking leakage for constraint set 1
Found leakage
Leakage as of index 2: 0
Instr at index 3, line 3: retq
Leakage as of index 3: 0
Unable to discover a new correct rewrite before timing out... 

********************************************************************************

Restarting search
Running search (timeout is 1000000 iterations):

Progress Update: 

Lowest Cost Discovered (123)     Lowest Known Correct Cost (2)     
                                                                   
._Z11transform32jj:              ._Z11transform32jj:               
xorl %eax, %eax                  movl %edi, %eax                   
addl $0xffffffc0, %edi           subl %esi, %eax                   
retq                             retq                              

********************************************************************************

Progress Update: 

Lowest Cost Discovered (122)     Lowest Known Correct Cost (2)     
                                                                   
._Z11transform32jj:              ._Z11transform32jj:               
roll $0x6, %esi                  movl %edi, %eax                   
xorl %eax, %eax                  subl %esi, %eax                   
btrl $0xfd, %edi                 retq                              
retq                                                               

********************************************************************************

Progress Update: 

Lowest Cost Discovered (119)     Lowest Known Correct Cost (2)     
                                                                   
._Z11transform32jj:              ._Z11transform32jj:               
roll $0x6, %esi                  movl %edi, %eax                   
xorl %eax, %eax                  subl %esi, %eax                   
btrl $0x3, %edi                  retq                              
retq                                                               

********************************************************************************

Progress Update: 

Lowest Cost Discovered (118)     Lowest Known Correct Cost (2)     
                                                                   
._Z11transform32jj:              ._Z11transform32jj:               
btsl $0x2, %esi                  movl %edi, %eax                   
adcl $0x4, %edi                  subl %esi, %eax                   
xorl %eax, %eax                  retq                              
retq                                                               

********************************************************************************

Progress Update: 

Lowest Cost Discovered (116)     Lowest Known Correct Cost (2)     
                                                                   
._Z11transform32jj:              ._Z11transform32jj:               
btsl $0xfb, %esi                 movl %edi, %eax                   
adcl $0x4, %edi                  subl %esi, %eax                   
xorl %eax, %eax                  retq                              
retq                                                               

********************************************************************************

Progress Update: 

Lowest Cost Discovered (115)     Lowest Known Correct Cost (2)     
                                                                   
._Z11transform32jj:              ._Z11transform32jj:               
xorq %rax, %rax                  movl %edi, %eax                   
xorl $0x40, %esi                 subl %esi, %eax                   
adcl $0x4, %edi                  retq                              
retq                                                               

********************************************************************************

Progress Update: 

Lowest Cost Discovered (113)     Lowest Known Correct Cost (2)     
                                                                   
._Z11transform32jj:              ._Z11transform32jj:               
shrl $0x2, %esi                  movl %edi, %eax                   
xorq %rax, %rax                  subl %esi, %eax                   
subl $0x4, %edi                  retq                              
retq                                                               

********************************************************************************

Progress Update: 

Lowest Cost Discovered (111)     Lowest Known Correct Cost (2)     
                                                                   
._Z11transform32jj:              ._Z11transform32jj:               
shrl $0x2, %esi                  movl %edi, %eax                   
xorq %rax, %rax                  subl %esi, %eax                   
subl $0xfffffffa, %edi           retq                              
retq                                                               

********************************************************************************

Progress Update: 

Lowest Cost Discovered (11)     Lowest Known Correct Cost (2)     
                                                                  
._Z11transform32jj:             ._Z11transform32jj:               
subl %esi, %edi                 movl %edi, %eax                   
movl $0xe0, %eax                subl %esi, %eax                   
addb %ah, %al                   retq                              
retq                                                              

********************************************************************************

Progress Update: 

Lowest Cost Discovered (3)     Lowest Known Correct Cost (2)     
                                                                 
._Z11transform32jj:            ._Z11transform32jj:               
subl %esi, %edi                movl %edi, %eax                   
movl $0xfffffff8, %eax         subl %esi, %eax                   
movl %edi, %eax                retq                              
retq                                                             

********************************************************************************

Progress Update: 

Lowest Cost Discovered (2)     Lowest Known Correct Cost (2)     
                                                                 
._Z11transform32jj:            ._Z11transform32jj:               
subl %esi, %edi                movl %edi, %eax                   
movq %rdi, %rax                subl %esi, %eax                   
retq                           retq                              

********************************************************************************

Statistics Update: 

Iterations:                    100000
Elapsed Time:                  0.303436s
Iterations/s:                  329558

Starting cost:                 127
Lowest cost:                   2
Lowest correct cost:           2

Move Type       Proposed     Succeeded     Accepted     
                                                        
Add Nops        0%           0%            0%           
Delete          0%           0%            0%           
Instruction     14.311%      2.281%        0.789%       
Opcode          14.424%      6.045%        2.834%       
OpcodeWidth     14.111%      4.842%        3.206%       
Operand         14.278%      7.39%         4.985%       
Local Swap      14.323%      2.659%        1.001%       
Global Swap     14.391%      4.064%        1.517%       
Rotate          14.162%      4.179%        1.649%       
                                                        
Total           100%         31.46%        15.981%      

********************************************************************************

Statistics Update: 

Iterations:                    200000
Elapsed Time:                  0.602773s
Iterations/s:                  331800

Starting cost:                 127
Lowest cost:                   2
Lowest correct cost:           2

Move Type       Proposed     Succeeded     Accepted     
                                                        
Add Nops        0%           0%            0%           
Delete          0%           0%            0%           
Instruction     14.3285%     2.2305%       0.753%       
Opcode          14.349%      5.9755%       2.7695%      
OpcodeWidth     14.1655%     4.8295%       3.202%       
Operand         14.3545%     7.3845%       4.9125%      
Local Swap      14.239%      2.6185%       0.94%        
Global Swap     14.3295%     4.0135%       1.4825%      
Rotate          14.234%      4.269%        1.6445%      
                                                        
Total           100%         31.321%       15.704%      

********************************************************************************

Statistics Update: 

Iterations:                    300000
Elapsed Time:                  0.900127s
Iterations/s:                  333286

Starting cost:                 127
Lowest cost:                   2
Lowest correct cost:           2

Move Type       Proposed     Succeeded     Accepted      
                                                         
Add Nops        0%           0%            0%            
Delete          0%           0%            0%            
Instruction     14.28%       2.22133%      0.752333%     
Opcode          14.2953%     6.02533%      2.86467%      
OpcodeWidth     14.237%      4.79533%      3.17433%      
Operand         14.332%      7.39467%      4.90633%      
Local Swap      14.2727%     2.556%        0.927%        
Global Swap     14.3197%     3.994%        1.46433%      
Rotate          14.2633%     4.235%        1.61733%      
                                                         
Total           100%         31.2217%      15.7063%      

********************************************************************************

Statistics Update: 

Iterations:                    400000
Elapsed Time:                  1.17176s
Iterations/s:                  341368

Starting cost:                 127
Lowest cost:                   2
Lowest correct cost:           2

Move Type       Proposed     Succeeded     Accepted     
                                                        
Add Nops        0%           0%            0%           
Delete          0%           0%            0%           
Instruction     14.2538%     2.34425%      0.737%       
Opcode          14.322%      6.4595%       3.2325%      
OpcodeWidth     14.2777%     4.70925%      3.0375%      
Operand         14.3392%     7.60975%      4.845%       
Local Swap      14.2797%     2.18675%      0.91375%     
Global Swap     14.2912%     3.4095%       1.43625%     
Rotate          14.2363%     3.675%        1.60475%     
                                                        
Total           100%         30.394%       15.8067%     

********************************************************************************

Statistics Update: 

Iterations:                    500000
Elapsed Time:                  1.43357s
Iterations/s:                  348781

Starting cost:                 127
Lowest cost:                   2
Lowest correct cost:           2

Move Type       Proposed     Succeeded     Accepted     
                                                        
Add Nops        0%           0%            0%           
Delete          0%           0%            0%           
Instruction     14.2216%     2.4276%       0.7156%      
Opcode          14.2714%     6.3492%       3.0846%      
OpcodeWidth     14.31%       4.7614%       3.0526%      
Operand         14.3622%     7.706%        4.7814%      
Local Swap      14.2788%     1.982%        0.9064%      
Global Swap     14.2956%     3.0748%       1.416%       
Rotate          14.2604%     3.337%        1.5844%      
                                                        
Total           100%         29.638%       15.541%      

********************************************************************************

Statistics Update: 

Iterations:                    600000
Elapsed Time:                  1.70543s
Iterations/s:                  351817

Starting cost:                 127
Lowest cost:                   2
Lowest correct cost:           2

Move Type       Proposed     Succeeded     Accepted      
                                                         
Add Nops        0%           0%            0%            
Delete          0%           0%            0%            
Instruction     14.227%      2.47217%      0.709833%     
Opcode          14.2682%     6.54517%      3.24183%      
OpcodeWidth     14.315%      4.72117%      2.98783%      
Operand         14.3455%     7.77767%      4.75717%      
Local Swap      14.2868%     1.8435%       0.92%         
Global Swap     14.3077%     2.86567%      1.43367%      
Rotate          14.2498%     3.12017%      1.60167%      
                                                         
Total           100%         29.3455%      15.652%       

********************************************************************************

Statistics Update: 

Iterations:                    700000
Elapsed Time:                  1.99154s
Iterations/s:                  351487

Starting cost:                 127
Lowest cost:                   2
Lowest correct cost:           2

Move Type       Proposed     Succeeded     Accepted      
                                                         
Add Nops        0%           0%            0%            
Delete          0%           0%            0%            
Instruction     14.2241%     2.49943%      0.703571%     
Opcode          14.2807%     6.92786%      3.61386%      
OpcodeWidth     14.3357%     4.62643%      2.87214%      
Operand         14.3316%     7.91357%      4.78514%      
Local Swap      14.2786%     1.74671%      0.924571%     
Global Swap     14.2921%     2.717%        1.43957%      
Rotate          14.2571%     2.98843%      1.61957%      
                                                         
Total           100%         29.4194%      15.9584%      

********************************************************************************

Statistics Update: 

Iterations:                    800000
Elapsed Time:                  2.26625s
Iterations/s:                  353006

Starting cost:                 127
Lowest cost:                   2
Lowest correct cost:           2

Move Type       Proposed     Succeeded     Accepted      
                                                         
Add Nops        0%           0%            0%            
Delete          0%           0%            0%            
Instruction     14.2384%     2.53638%      0.708%        
Opcode          14.2982%     7.01912%      3.687%        
OpcodeWidth     14.3189%     4.57937%      2.82313%      
Operand         14.3265%     7.97912%      4.78025%      
Local Swap      14.271%      1.67388%      0.920875%     
Global Swap     14.3059%     2.61375%      1.44437%      
Rotate          14.2411%     2.89162%      1.62475%      
                                                         
Total           100%         29.2933%      15.9884%      

********************************************************************************

Statistics Update: 

Iterations:                    900000
Elapsed Time:                  2.52804s
Iterations/s:                  356006

Starting cost:                 127
Lowest cost:                   2
Lowest correct cost:           2

Move Type       Proposed     Succeeded     Accepted      
                                                         
Add Nops        0%           0%            0%            
Delete          0%           0%            0%            
Instruction     14.2414%     2.55922%      0.7%          
Opcode          14.3092%     6.89778%      3.55544%      
OpcodeWidth     14.3109%     4.60178%      2.83844%      
Operand         14.3186%     7.96756%      4.754%        
Local Swap      14.2902%     1.61622%      0.920111%     
Global Swap     14.2866%     2.51811%      1.43967%      
Rotate          14.2431%     2.79811%      1.62433%      
                                                         
Total           100%         28.9588%      15.832%       

********************************************************************************

Statistics Update: 

Iterations:                    1000000
Elapsed Time:                  2.79015s
Iterations/s:                  358404

Starting cost:                 127
Lowest cost:                   2
Lowest correct cost:           2

Move Type       Proposed     Succeeded     Accepted     
                                                        
Add Nops        0%           0%            0%           
Delete          0%           0%            0%           
Instruction     14.2533%     2.5767%       0.6966%      
Opcode          14.3128%     6.8468%       3.4964%      
OpcodeWidth     14.2978%     4.6126%       2.8465%      
Operand         14.3278%     7.9814%       4.7268%      
Local Swap      14.2692%     1.5516%       0.9084%      
Global Swap     14.2855%     2.431%        1.4329%      
Rotate          14.2536%     2.7176%       1.6241%      
                                                        
Total           100%         28.7177%      15.7317%     

********************************************************************************

Line no: 0 (0, 4)
Line no: 1 (0, 4)
Line no: 2 (0, 4)
Line no: 3 (0, 4)
Line no: 0 (0, 4)
Line no: 1 (0, 4)
Line no: 2 (0, 4)
Line no: 3 (0, 4)
Checking for leakage on path:

Line map: 4
Examining BB: 1
Instr at index 0, line 0: ._Z11transform32jj:
Leakage as of index 0: 0
Instr at index 1, line 1: movl %edi, %eax
Leakage as of index 1: 0
Instr at index 2, line 2: subl %esi, %eax
SUBL SRC: %esi = %rsi_INIT[31:0]
Checking leakage for constraint set 0
Found SAT
Checking leakage for constraint set 1
Found leakage
Leakage as of index 2: 0
Instr at index 3, line 3: retq
Leakage as of index 3: 0
Unable to discover a new correct rewrite before timing out... 

********************************************************************************

Restarting search
Running search (timeout is 1000000 iterations):

Progress Update: 

Lowest Cost Discovered (126)     Lowest Known Correct Cost (2)     
                                                                   
._Z11transform32jj:              ._Z11transform32jj:               
xorl %eax, %eax                  movl %edi, %eax                   
subb $0xe0, %ah                  subl %esi, %eax                   
retq                             retq                              

********************************************************************************

Progress Update: 

Lowest Cost Discovered (124)     Lowest Known Correct Cost (2)     
                                                                   
._Z11transform32jj:              ._Z11transform32jj:               
xorl %eax, %eax                  movl %edi, %eax                   
addl %eax, %esi                  subl %esi, %eax                   
cmpb $0xe0, %ah                  retq                              
retq                                                               

********************************************************************************

Progress Update: 

Lowest Cost Discovered (122)     Lowest Known Correct Cost (2)     
                                                                   
._Z11transform32jj:              ._Z11transform32jj:               
xorl %eax, %eax                  movl %edi, %eax                   
xorl %eax, %esi                  subl %esi, %eax                   
movb $0xe0, %ah                  retq                              
retq                                                               

********************************************************************************

Progress Update: 

Lowest Cost Discovered (121)     Lowest Known Correct Cost (2)     
                                                                   
._Z11transform32jj:              ._Z11transform32jj:               
xorl %eax, %eax                  movl %edi, %eax                   
movb $0xe0, %ah                  subl %esi, %eax                   
subl %eax, %esi                  retq                              
retq                                                               

********************************************************************************

Progress Update: 

Lowest Cost Discovered (120)     Lowest Known Correct Cost (2)     
                                                                   
._Z11transform32jj:              ._Z11transform32jj:               
xorl %eax, %eax                  movl %edi, %eax                   
movb $0xf0, %ah                  subl %esi, %eax                   
subl %eax, %esi                  retq                              
retq                                                               

********************************************************************************

Progress Update: 

Lowest Cost Discovered (119)     Lowest Known Correct Cost (2)     
                                                                   
._Z11transform32jj:              ._Z11transform32jj:               
xorq %rax, %rax                  movl %edi, %eax                   
sbbl %eax, %esi                  subl %esi, %eax                   
movq $0xf0, %rsp                 retq                              
retq                                                               

********************************************************************************

Progress Update: 

Lowest Cost Discovered (116)     Lowest Known Correct Cost (2)     
                                                                   
._Z11transform32jj:              ._Z11transform32jj:               
xorq %rax, %rax                  movl %edi, %eax                   
subb %sil, %al                   subl %esi, %eax                   
adcl %eax, %esi                  retq                              
retq                                                               

********************************************************************************

Progress Update: 

Lowest Cost Discovered (114)     Lowest Known Correct Cost (2)     
                                                                   
._Z11transform32jj:              ._Z11transform32jj:               
andl %edi, %esi                  movl %edi, %eax                   
xorl %eax, %eax                  subl %esi, %eax                   
xorw %di, %ax                    retq                              
retq                                                               

********************************************************************************

Progress Update: 

Lowest Cost Discovered (112)     Lowest Known Correct Cost (2)     
                                                                   
._Z11transform32jj:              ._Z11transform32jj:               
andl %edi, %esi                  movl %edi, %eax                   
imull %edi, %edi                 subl %esi, %eax                   
xorl %eax, %eax                  retq                              
retq                                                               

********************************************************************************

Progress Update: 

Lowest Cost Discovered (106)     Lowest Known Correct Cost (2)     
                                                                   
._Z11transform32jj:              ._Z11transform32jj:               
xorl %eax, %eax                  movl %edi, %eax                   
imull %edi, %edi                 subl %esi, %eax                   
xchgw %ax, %di                   retq                              
retq                                                               

********************************************************************************

Progress Update: 

Lowest Cost Discovered (66)     Lowest Known Correct Cost (2)     
                                                                  
._Z11transform32jj:             ._Z11transform32jj:               
xorq %rax, %rax                 movl %edi, %eax                   
sbbw %si, %di                   subl %esi, %eax                   
xchgw %ax, %di                  retq                              
retq                                                              

********************************************************************************

Progress Update: 

Lowest Cost Discovered (61)     Lowest Known Correct Cost (2)     
                                                                  
._Z11transform32jj:             ._Z11transform32jj:               
xorq %rax, %rax                 movl %edi, %eax                   
sbbl %esi, %edi                 subl %esi, %eax                   
xchgw %ax, %di                  retq                              
retq                                                              

********************************************************************************

Progress Update: 

Lowest Cost Discovered (11)     Lowest Known Correct Cost (2)     
                                                                  
._Z11transform32jj:             ._Z11transform32jj:               
xorq %rax, %rax                 movl %edi, %eax                   
sbbl %esi, %edi                 subl %esi, %eax                   
xorb %ah, %ah                   retq                              
retq                                                              

********************************************************************************

Progress Update: 

Lowest Cost Discovered (3)     Lowest Known Correct Cost (2)     
                                                                 
._Z11transform32jj:            ._Z11transform32jj:               
subl %esi, %edi                movl %edi, %eax                   
xorq %rax, %rax                subl %esi, %eax                   
xorl %edi, %eax                retq                              
retq                                                             

********************************************************************************

Progress Update: 

Lowest Cost Discovered (2)     Lowest Known Correct Cost (2)     
                                                                 
._Z11transform32jj:            ._Z11transform32jj:               
subl %esi, %edi                movl %edi, %eax                   
movl %edi, %eax                subl %esi, %eax                   
retq                           retq                              

********************************************************************************

Statistics Update: 

Iterations:                    100000
Elapsed Time:                  0.297833s
Iterations/s:                  335759

Starting cost:                 127
Lowest cost:                   2
Lowest correct cost:           2

Move Type       Proposed     Succeeded     Accepted     
                                                        
Add Nops        0%           0%            0%           
Delete          0%           0%            0%           
Instruction     14.467%      2.367%        0.757%       
Opcode          14.15%       5.865%        2.737%       
OpcodeWidth     14.149%      4.81%         3.051%       
Operand         14.304%      7.226%        4.716%       
Local Swap      14.357%      2.572%        0.966%       
Global Swap     14.229%      3.819%        1.48%        
Rotate          14.344%      4.054%        1.684%       
                                                        
Total           100%         30.713%       15.391%      

********************************************************************************

Statistics Update: 

Iterations:                    200000
Elapsed Time:                  0.596734s
Iterations/s:                  335158

Starting cost:                 127
Lowest cost:                   2
Lowest correct cost:           2

Move Type       Proposed     Succeeded     Accepted     
                                                        
Add Nops        0%           0%            0%           
Delete          0%           0%            0%           
Instruction     14.3015%     2.271%        0.771%       
Opcode          14.23%       5.845%        2.7055%      
OpcodeWidth     14.239%      4.8815%       3.1545%      
Operand         14.335%      7.264%        4.746%       
Local Swap      14.39%       2.5285%       0.938%       
Global Swap     14.1865%     3.9335%       1.443%       
Rotate          14.318%      4.205%        1.657%       
                                                        
Total           100%         30.9285%      15.415%      

********************************************************************************

Statistics Update: 

Iterations:                    300000
Elapsed Time:                  0.899468s
Iterations/s:                  333531

Starting cost:                 127
Lowest cost:                   2
Lowest correct cost:           2

Move Type       Proposed     Succeeded     Accepted      
                                                         
Add Nops        0%           0%            0%            
Delete          0%           0%            0%            
Instruction     14.3173%     2.241%        0.775667%     
Opcode          14.2313%     5.89433%      2.754%        
OpcodeWidth     14.2743%     4.91767%      3.218%        
Operand         14.301%      7.318%        4.822%        
Local Swap      14.3357%     2.53933%      0.933667%     
Global Swap     14.2017%     3.96767%      1.451%        
Rotate          14.3387%     4.231%        1.67567%      
                                                         
Total           100%         31.109%       15.63%        

********************************************************************************

Statistics Update: 

Iterations:                    400000
Elapsed Time:                  1.19715s
Iterations/s:                  334128

Starting cost:                 127
Lowest cost:                   2
Lowest correct cost:           2

Move Type       Proposed     Succeeded     Accepted     
                                                        
Add Nops        0%           0%            0%           
Delete          0%           0%            0%           
Instruction     14.318%      2.2375%       0.76775%     
Opcode          14.2293%     5.8995%       2.771%       
OpcodeWidth     14.274%      4.891%        3.2065%      
Operand         14.2903%     7.29275%      4.8155%      
Local Swap      14.373%      2.55975%      0.93125%     
Global Swap     14.1898%     3.9775%       1.45125%     
Rotate          14.3257%     4.218%        1.65275%     
                                                        
Total           100%         31.076%       15.596%      

********************************************************************************

Statistics Update: 

Iterations:                    500000
Elapsed Time:                  1.48478s
Iterations/s:                  336750

Starting cost:                 127
Lowest cost:                   2
Lowest correct cost:           2

Move Type       Proposed     Succeeded     Accepted     
                                                        
Add Nops        0%           0%            0%           
Delete          0%           0%            0%           
Instruction     14.2852%     2.3172%       0.7122%      
Opcode          14.2362%     6.292%        3.0224%      
OpcodeWidth     14.2654%     4.7996%       3.0628%      
Operand         14.3092%     7.439%        4.8256%      
Local Swap      14.3514%     2.3742%       0.941%       
Global Swap     14.2066%     3.7102%       1.4662%      
Rotate          14.346%      3.9678%       1.6474%      
                                                        
Total           100%         30.9%         15.6776%     

********************************************************************************

Statistics Update: 

Iterations:                    600000
Elapsed Time:                  1.75551s
Iterations/s:                  341780

Starting cost:                 127
Lowest cost:                   2
Lowest correct cost:           2

Move Type       Proposed     Succeeded     Accepted      
                                                         
Add Nops        0%           0%            0%            
Delete          0%           0%            0%            
Instruction     14.3067%     2.38883%      0.704333%     
Opcode          14.2555%     6.4175%       3.08967%      
OpcodeWidth     14.2652%     4.812%        3.04767%      
Operand         14.2858%     7.549%        4.7495%       
Local Swap      14.3467%     2.16933%      0.936%        
Global Swap     14.2027%     3.38233%      1.45433%      
Rotate          14.3375%     3.64883%      1.638%        
                                                         
Total           100%         30.3678%      15.6195%      

********************************************************************************

Statistics Update: 

Iterations:                    700000
Elapsed Time:                  2.02429s
Iterations/s:                  345801

Starting cost:                 127
Lowest cost:                   2
Lowest correct cost:           2

Move Type       Proposed     Succeeded     Accepted      
                                                         
Add Nops        0%           0%            0%            
Delete          0%           0%            0%            
Instruction     14.2883%     2.44429%      0.698%        
Opcode          14.2764%     6.40986%      3.04257%      
OpcodeWidth     14.2524%     4.83414%      3.05771%      
Operand         14.2901%     7.64086%      4.73286%      
Local Swap      14.3684%     2.02029%      0.932286%     
Global Swap     14.183%      3.15143%      1.45129%      
Rotate          14.3413%     3.426%        1.63486%      
                                                         
Total           100%         29.9269%      15.5496%      

********************************************************************************

Statistics Update: 

Iterations:                    800000
Elapsed Time:                  2.29123s
Iterations/s:                  349157

Starting cost:                 127
Lowest cost:                   2
Lowest correct cost:           2

Move Type       Proposed     Succeeded     Accepted     
                                                        
Add Nops        0%           0%            0%           
Delete          0%           0%            0%           
Instruction     14.2981%     2.48163%      0.69525%     
Opcode          14.2878%     6.43438%      3.065%       
OpcodeWidth     14.2509%     4.80825%      3.02712%     
Operand         14.2874%     7.69412%      4.70812%     
Local Swap      14.3559%     1.90925%      0.931%       
Global Swap     14.2%        2.9865%       1.4535%      
Rotate          14.32%       3.265%        1.63363%     
                                                        
Total           100%         29.5791%      15.5136%     

********************************************************************************

Statistics Update: 

Iterations:                    900000
Elapsed Time:                  2.57259s
Iterations/s:                  349843

Starting cost:                 127
Lowest cost:                   2
Lowest correct cost:           2

Move Type       Proposed     Succeeded     Accepted      
                                                         
Add Nops        0%           0%            0%            
Delete          0%           0%            0%            
Instruction     14.2916%     2.51267%      0.690889%     
Opcode          14.286%      6.74978%      3.37544%      
OpcodeWidth     14.252%      4.70911%      2.93156%      
Operand         14.2904%     7.79267%      4.72133%      
Local Swap      14.3441%     1.81689%      0.924889%     
Global Swap     14.2159%     2.84567%      1.44867%      
Rotate          14.32%       3.11822%      1.62256%      
                                                         
Total           100%         29.545%       15.7153%      

********************************************************************************

Statistics Update: 

Iterations:                    1000000
Elapsed Time:                  2.84853s
Iterations/s:                  351058

Starting cost:                 127
Lowest cost:                   2
Lowest correct cost:           2

Move Type       Proposed     Succeeded     Accepted     
                                                        
Add Nops        0%           0%            0%           
Delete          0%           0%            0%           
Instruction     14.3039%     2.5401%       0.6894%      
Opcode          14.284%      6.9008%       3.5174%      
OpcodeWidth     14.2654%     4.6721%       2.8853%      
Operand         14.2873%     7.8418%       4.703%       
Local Swap      14.3421%     1.7428%       0.9194%      
Global Swap     14.2143%     2.7343%       1.4464%      
Rotate          14.303%      3.0084%       1.6169%      
                                                        
Total           100%         29.4403%      15.7778%     

********************************************************************************

Line no: 0 (0, 4)
Line no: 1 (0, 4)
Line no: 2 (0, 4)
Line no: 3 (0, 4)
Line no: 0 (0, 4)
Line no: 1 (0, 4)
Line no: 2 (0, 4)
Line no: 3 (0, 4)
Checking for leakage on path:

Line map: 4
Examining BB: 1
Instr at index 0, line 0: ._Z11transform32jj:
Leakage as of index 0: 0
Instr at index 1, line 1: movl %edi, %eax
Leakage as of index 1: 0
Instr at index 2, line 2: subl %esi, %eax
SUBL SRC: %esi = %rsi_INIT[31:0]
Checking leakage for constraint set 0
Found SAT
Checking leakage for constraint set 1
Found leakage
Leakage as of index 2: 0
Instr at index 3, line 3: retq
Leakage as of index 3: 0
Unable to discover a new correct rewrite before timing out... 

********************************************************************************

Restarting search
Running search (timeout is 1000000 iterations):

Progress Update: 

Lowest Cost Discovered (123)     Lowest Known Correct Cost (2)     
                                                                   
._Z11transform32jj:              ._Z11transform32jj:               
addb $0x2, %dil                  movl %edi, %eax                   
xorl %eax, %eax                  subl %esi, %eax                   
xaddb %sil, %al                  retq                              
retq                                                               

********************************************************************************

Progress Update: 

Lowest Cost Discovered (122)     Lowest Known Correct Cost (2)     
                                                                   
._Z11transform32jj:              ._Z11transform32jj:               
xorl %eax, %eax                  movl %edi, %eax                   
xorb %sil, %al                   subl %esi, %eax                   
salq $0xff, %rdi                 retq                              
retq                                                               

********************************************************************************

Progress Update: 

Lowest Cost Discovered (118)     Lowest Known Correct Cost (2)     
                                                                   
._Z11transform32jj:              ._Z11transform32jj:               
xorl %eax, %eax                  movl %edi, %eax                   
leaq 0x1(,%rax,1), %rdx          subl %esi, %eax                   
adcb %sil, %al                   retq                              
retq                                                               

********************************************************************************

Progress Update: 

Lowest Cost Discovered (116)     Lowest Known Correct Cost (2)     
                                                                   
._Z11transform32jj:              ._Z11transform32jj:               
xorl %eax, %eax                  movl %edi, %eax                   
roll $0x1, %esi                  subl %esi, %eax                   
orb %sil, %al                    retq                              
retq                                                               

********************************************************************************

Progress Update: 

Lowest Cost Discovered (115)     Lowest Known Correct Cost (2)     
                                                                   
._Z11transform32jj:              ._Z11transform32jj:               
xorq %rax, %rax                  movl %edi, %eax                   
orb %dil, %al                    subl %esi, %eax                   
bswap %esi                       retq                              
retq                                                               

********************************************************************************

Progress Update: 

Lowest Cost Discovered (113)     Lowest Known Correct Cost (2)     
                                                                   
._Z11transform32jj:              ._Z11transform32jj:               
xorl %eax, %eax                  movl %edi, %eax                   
xchgw %si, %di                   subl %esi, %eax                   
bswap %edi                       retq                              
retq                                                               

********************************************************************************

Progress Update: 

Lowest Cost Discovered (112)     Lowest Known Correct Cost (2)     
                                                                   
._Z11transform32jj:              ._Z11transform32jj:               
movw %si, %di                    movl %edi, %eax                   
bswap %edi                       subl %esi, %eax                   
movsbq %dil, %rax                retq                              
retq                                                               

********************************************************************************

Progress Update: 

Lowest Cost Discovered (109)     Lowest Known Correct Cost (2)     
                                                                   
._Z11transform32jj:              ._Z11transform32jj:               
movw %si, %di                    movl %edi, %eax                   
movzbq %dil, %rax                subl %esi, %eax                   
bswap %edi                       retq                              
retq                                                               

********************************************************************************

Progress Update: 

Lowest Cost Discovered (94)     Lowest Known Correct Cost (2)     
                                                                  
._Z11transform32jj:             ._Z11transform32jj:               
subw %si, %di                   movl %edi, %eax                   
movzbq %dil, %rax               subl %esi, %eax                   
bswap %edi                      retq                              
retq                                                              

********************************************************************************

Progress Update: 

Lowest Cost Discovered (93)     Lowest Known Correct Cost (2)     
                                                                  
._Z11transform32jj:             ._Z11transform32jj:               
subq %rsi, %rdi                 movl %edi, %eax                   
xorl $0xfffffffa, %esi          subl %esi, %eax                   
movzbl %dil, %eax               retq                              
retq                                                              

********************************************************************************

Progress Update: 

Lowest Cost Discovered (11)     Lowest Known Correct Cost (2)     
                                                                  
._Z11transform32jj:             ._Z11transform32jj:               
subl %esi, %edi                 movl %edi, %eax                   
xorl $0xfffffffa, %esi          subl %esi, %eax                   
movzbq %dil, %rax               retq                              
retq                                                              

********************************************************************************

Progress Update: 

Lowest Cost Discovered (3)     Lowest Known Correct Cost (2)     
                                                                 
._Z11transform32jj:            ._Z11transform32jj:               
cmpl %edi, %esi                movl %edi, %eax                   
subl %esi, %edi                subl %esi, %eax                   
movl %edi, %eax                retq                              
retq                                                             

********************************************************************************

Progress Update: 

Lowest Cost Discovered (2)     Lowest Known Correct Cost (2)     
                                                                 
._Z11transform32jj:            ._Z11transform32jj:               
subl %esi, %edi                movl %edi, %eax                   
movl %edi, %eax                subl %esi, %eax                   
retq                           retq                              

********************************************************************************

Statistics Update: 

Iterations:                    100000
Elapsed Time:                  0.302673s
Iterations/s:                  330390

Starting cost:                 127
Lowest cost:                   2
Lowest correct cost:           2

Move Type       Proposed     Succeeded     Accepted     
                                                        
Add Nops        0%           0%            0%           
Delete          0%           0%            0%           
Instruction     14.366%      2.225%        0.666%       
Opcode          14.43%       5.978%        2.719%       
OpcodeWidth     14.239%      4.85%         2.998%       
Operand         14.226%      7.4%          4.773%       
Local Swap      14.146%      2.56%         0.963%       
Global Swap     14.407%      3.938%        1.546%       
Rotate          14.186%      4.148%        1.744%       
                                                        
Total           100%         31.099%       15.409%      

********************************************************************************

Statistics Update: 

Iterations:                    200000
Elapsed Time:                  0.605187s
Iterations/s:                  330476

Starting cost:                 127
Lowest cost:                   2
Lowest correct cost:           2

Move Type       Proposed     Succeeded     Accepted     
                                                        
Add Nops        0%           0%            0%           
Delete          0%           0%            0%           
Instruction     14.322%      2.2125%       0.729%       
Opcode          14.3145%     5.9625%       2.833%       
OpcodeWidth     14.318%      4.9175%       3.1715%      
Operand         14.2035%     7.3825%       4.8815%      
Local Swap      14.2765%     2.574%        0.9725%      
Global Swap     14.305%      3.987%        1.5135%      
Rotate          14.2605%     4.2035%       1.7125%      
                                                        
Total           100%         31.2395%      15.8135%     

********************************************************************************

Statistics Update: 

Iterations:                    300000
Elapsed Time:                  0.869586s
Iterations/s:                  344992

Starting cost:                 127
Lowest cost:                   2
Lowest correct cost:           2

Move Type       Proposed     Succeeded     Accepted      
                                                         
Add Nops        0%           0%            0%            
Delete          0%           0%            0%            
Instruction     14.3207%     2.37067%      0.680333%     
Opcode          14.2753%     5.97533%      2.74067%      
OpcodeWidth     14.346%      4.86733%      3.07633%      
Operand         14.2753%     7.57733%      4.76967%      
Local Swap      14.3067%     2.12433%      0.932333%     
Global Swap     14.289%      3.28667%      1.43667%      
Rotate          14.187%      3.51033%      1.60833%      
                                                         
Total           100%         29.712%       15.2443%      

********************************************************************************

Statistics Update: 

Iterations:                    400000
Elapsed Time:                  1.13488s
Iterations/s:                  352459

Starting cost:                 127
Lowest cost:                   2
Lowest correct cost:           2

Move Type       Proposed     Succeeded     Accepted     
                                                        
Add Nops        0%           0%            0%           
Delete          0%           0%            0%           
Instruction     14.2718%     2.46675%      0.68925%     
Opcode          14.2888%     5.99925%      2.7235%      
OpcodeWidth     14.3552%     4.87875%      3.076%       
Operand         14.2743%     7.686%        4.721%       
Local Swap      14.3105%     1.8705%       0.922%       
Global Swap     14.284%      2.91%         1.416%       
Rotate          14.2155%     3.15475%      1.599%       
                                                        
Total           100%         28.966%       15.1468%     

********************************************************************************

Statistics Update: 

Iterations:                    500000
Elapsed Time:                  1.40625s
Iterations/s:                  355554

Starting cost:                 127
Lowest cost:                   2
Lowest correct cost:           2

Move Type       Proposed     Succeeded     Accepted     
                                                        
Add Nops        0%           0%            0%           
Delete          0%           0%            0%           
Instruction     14.2628%     2.5208%       0.687%       
Opcode          14.237%      6.1836%       2.8844%      
OpcodeWidth     14.344%      4.8266%       3.0132%      
Operand         14.2818%     7.791%        4.711%       
Local Swap      14.3456%     1.7276%       0.93%        
Global Swap     14.2928%     2.6966%       1.432%       
Rotate          14.236%      2.9608%       1.6258%      
                                                        
Total           100%         28.707%       15.2834%     

********************************************************************************

Statistics Update: 

Iterations:                    600000
Elapsed Time:                  1.68692s
Iterations/s:                  355678

Starting cost:                 127
Lowest cost:                   2
Lowest correct cost:           2

Move Type       Proposed     Succeeded     Accepted     
                                                        
Add Nops        0%           0%            0%           
Delete          0%           0%            0%           
Instruction     14.2828%     2.55933%      0.682%       
Opcode          14.2413%     6.60683%      3.3055%      
OpcodeWidth     14.3185%     4.702%        2.88883%     
Operand         14.288%      7.934%        4.7445%      
Local Swap      14.3593%     1.62483%      0.9225%      
Global Swap     14.2625%     2.53417%      1.424%       
Rotate          14.2475%     2.8055%       1.6115%      
                                                        
Total           100%         28.7667%      15.5788%     

********************************************************************************

Statistics Update: 

Iterations:                    700000
Elapsed Time:                  1.95051s
Iterations/s:                  358880

Starting cost:                 127
Lowest cost:                   2
Lowest correct cost:           2

Move Type       Proposed     Succeeded     Accepted      
                                                         
Add Nops        0%           0%            0%            
Delete          0%           0%            0%            
Instruction     14.2631%     2.583%        0.682857%     
Opcode          14.2356%     6.51929%      3.19429%      
OpcodeWidth     14.3111%     4.73586%      2.91814%      
Operand         14.3051%     7.93414%      4.709%        
Local Swap      14.3329%     1.55057%      0.916714%     
Global Swap     14.2687%     2.42886%      1.42914%      
Rotate          14.2834%     2.69829%      1.61743%      
                                                         
Total           100%         28.45%        15.4676%      

********************************************************************************

Statistics Update: 

Iterations:                    800000
Elapsed Time:                  2.21152s
Iterations/s:                  361742

Starting cost:                 127
Lowest cost:                   2
Lowest correct cost:           2

Move Type       Proposed     Succeeded     Accepted      
                                                         
Add Nops        0%           0%            0%            
Delete          0%           0%            0%            
Instruction     14.2486%     2.59938%      0.6815%       
Opcode          14.2278%     6.45575%      3.09538%      
OpcodeWidth     14.339%      4.74225%      2.92725%      
Operand         14.3148%     7.92475%      4.67625%      
Local Swap      14.3112%     1.49388%      0.914125%     
Global Swap     14.2677%     2.347%        1.42675%      
Rotate          14.2909%     2.62125%      1.6175%       
                                                         
Total           100%         28.1842%      15.3387%      

********************************************************************************

Statistics Update: 

Iterations:                    900000
Elapsed Time:                  2.47479s
Iterations/s:                  363667

Starting cost:                 127
Lowest cost:                   2
Lowest correct cost:           2

Move Type       Proposed     Succeeded     Accepted      
                                                         
Add Nops        0%           0%            0%            
Delete          0%           0%            0%            
Instruction     14.2363%     2.60911%      0.676111%     
Opcode          14.2516%     6.41856%      3.03156%      
OpcodeWidth     14.3533%     4.75567%      2.93944%      
Operand         14.2892%     7.92711%      4.66556%      
Local Swap      14.308%      1.45633%      0.916556%     
Global Swap     14.2874%     2.284%        1.42744%      
Rotate          14.2741%     2.55656%      1.61356%      
                                                         
Total           100%         28.0073%      15.2702%      

********************************************************************************

Statistics Update: 

Iterations:                    1000000
Elapsed Time:                  2.73222s
Iterations/s:                  366003

Starting cost:                 127
Lowest cost:                   2
Lowest correct cost:           2

Move Type       Proposed     Succeeded     Accepted     
                                                        
Add Nops        0%           0%            0%           
Delete          0%           0%            0%           
Instruction     14.2659%     2.6219%       0.6721%      
Opcode          14.2552%     6.3743%       2.9667%      
OpcodeWidth     14.3404%     4.7452%       2.9372%      
Operand         14.2789%     7.9145%       4.6399%      
Local Swap      14.2978%     1.4187%       0.9131%      
Global Swap     14.2858%     2.2257%       1.4238%      
Rotate          14.276%      2.4975%       1.6066%      
                                                        
Total           100%         27.7978%      15.1594%     

********************************************************************************

Line no: 0 (0, 4)
Line no: 1 (0, 4)
Line no: 2 (0, 4)
Line no: 3 (0, 4)
Line no: 0 (0, 4)
Line no: 1 (0, 4)
Line no: 2 (0, 4)
Line no: 3 (0, 4)
Checking for leakage on path:

Line map: 4
Examining BB: 1
Instr at index 0, line 0: ._Z11transform32jj:
Leakage as of index 0: 0
Instr at index 1, line 1: movl %edi, %eax
Leakage as of index 1: 0
Instr at index 2, line 2: subl %esi, %eax
SUBL SRC: %esi = %rsi_INIT[31:0]
Checking leakage for constraint set 0
Found SAT
Checking leakage for constraint set 1
Found leakage
Leakage as of index 2: 0
Instr at index 3, line 3: retq
Leakage as of index 3: 0
Unable to discover a new correct rewrite before timing out... 

********************************************************************************

Restarting search
Running search (timeout is 1000000 iterations):

Progress Update: 

Lowest Cost Discovered (123)     Lowest Known Correct Cost (2)     
                                                                   
._Z11transform32jj:              ._Z11transform32jj:               
xorq %rax, %rax                  movl %edi, %eax                   
setnge %dh                       subl %esi, %eax                   
btcl %eax, %edi                  retq                              
retq                                                               

********************************************************************************

Progress Update: 

Lowest Cost Discovered (121)     Lowest Known Correct Cost (2)     
                                                                   
._Z11transform32jj:              ._Z11transform32jj:               
xorq %rax, %rax                  movl %edi, %eax                   
setnge %dh                       subl %esi, %eax                   
btcl %eax, %eax                  retq                              
retq                                                               

********************************************************************************

Progress Update: 

Lowest Cost Discovered (119)     Lowest Known Correct Cost (2)     
                                                                   
._Z11transform32jj:              ._Z11transform32jj:               
xorq %rax, %rax                  movl %edi, %eax                   
btcl %eax, %eax                  subl %esi, %eax                   
crc32w %si, %esi                 retq                              
retq                                                               

********************************************************************************

Progress Update: 

Lowest Cost Discovered (115)     Lowest Known Correct Cost (2)     
                                                                   
._Z11transform32jj:              ._Z11transform32jj:               
xorq %rax, %rax                  movl %edi, %eax                   
crc32w %di, %esi                 subl %esi, %eax                   
btcq %rax, %rax                  retq                              
retq                                                               

********************************************************************************

Progress Update: 

Lowest Cost Discovered (114)     Lowest Known Correct Cost (2)     
                                                                   
._Z11transform32jj:              ._Z11transform32jj:               
orl $0xfffffff9, %esi            movl %edi, %eax                   
movzbq %sil, %rax                subl %esi, %eax                   
cltd                             retq                              
retq                                                               

********************************************************************************

Progress Update: 

Lowest Cost Discovered (113)     Lowest Known Correct Cost (2)     
                                                                   
._Z11transform32jj:              ._Z11transform32jj:               
orl $0xfffffff0, %esi            movl %edi, %eax                   
movzbl %sil, %eax                subl %esi, %eax                   
cltd                             retq                              
retq                                                               

********************************************************************************

Progress Update: 

Lowest Cost Discovered (112)     Lowest Known Correct Cost (2)     
                                                                   
._Z11transform32jj:              ._Z11transform32jj:               
movl $0xffffffe0, %r9d           movl %edi, %eax                   
addl %esi, %edi                  subl %esi, %eax                   
movzbq %r9b, %rax                retq                              
retq                                                               

********************************************************************************

Progress Update: 

Lowest Cost Discovered (11)     Lowest Known Correct Cost (2)     
                                                                  
._Z11transform32jj:             ._Z11transform32jj:               
subl %esi, %edi                 movl %edi, %eax                   
movl $0xffffffe0, %r9d          subl %esi, %eax                   
movzbq %r9b, %rax               retq                              
retq                                                              

********************************************************************************

Progress Update: 

Lowest Cost Discovered (3)     Lowest Known Correct Cost (2)     
                                                                 
._Z11transform32jj:            ._Z11transform32jj:               
subl %esi, %edi                movl %edi, %eax                   
movl $0xfffffffb, %r10d        subl %esi, %eax                   
leal (,%rdi,1), %eax           retq                              
retq                                                             

********************************************************************************

Progress Update: 

Lowest Cost Discovered (2)     Lowest Known Correct Cost (2)     
                                                                 
._Z11transform32jj:            ._Z11transform32jj:               
subl %esi, %edi                movl %edi, %eax                   
movl %edi, %eax                subl %esi, %eax                   
retq                           retq                              

********************************************************************************

Statistics Update: 

Iterations:                    100000
Elapsed Time:                  0.303086s
Iterations/s:                  329940

Starting cost:                 127
Lowest cost:                   2
Lowest correct cost:           2

Move Type       Proposed     Succeeded     Accepted     
                                                        
Add Nops        0%           0%            0%           
Delete          0%           0%            0%           
Instruction     14.184%      2.164%        0.729%       
Opcode          14.204%      6.148%        3.02%        
OpcodeWidth     14.318%      4.907%        3.269%       
Operand         14.267%      7.308%        4.909%       
Local Swap      14.409%      2.595%        0.992%       
Global Swap     14.283%      3.983%        1.618%       
Rotate          14.335%      4.271%        1.848%       
                                                        
Total           100%         31.376%       16.385%      

********************************************************************************

Statistics Update: 

Iterations:                    200000
Elapsed Time:                  0.602691s
Iterations/s:                  331845

Starting cost:                 127
Lowest cost:                   2
Lowest correct cost:           2

Move Type       Proposed     Succeeded     Accepted     
                                                        
Add Nops        0%           0%            0%           
Delete          0%           0%            0%           
Instruction     14.2285%     2.1775%       0.7595%      
Opcode          14.1895%     5.955%        2.884%       
OpcodeWidth     14.357%      4.8895%       3.277%       
Operand         14.2635%     7.2705%       4.8615%      
Local Swap      14.355%      2.6375%       0.991%       
Global Swap     14.2995%     4.0785%       1.56%        
Rotate          14.307%      4.3105%       1.746%       
                                                        
Total           100%         31.319%       16.079%      

********************************************************************************

Statistics Update: 

Iterations:                    300000
Elapsed Time:                  0.907498s
Iterations/s:                  330579

Starting cost:                 127
Lowest cost:                   2
Lowest correct cost:           2

Move Type       Proposed     Succeeded     Accepted      
                                                         
Add Nops        0%           0%            0%            
Delete          0%           0%            0%            
Instruction     14.2433%     2.21067%      0.724333%     
Opcode          14.2117%     6.04433%      2.899%        
OpcodeWidth     14.3403%     4.97367%      3.31867%      
Operand         14.2543%     7.317%        4.85333%      
Local Swap      14.328%      2.606%        1.009%        
Global Swap     14.2523%     4.031%        1.56067%      
Rotate          14.37%       4.31667%      1.769%        
                                                         
Total           100%         31.4993%      16.134%       

********************************************************************************

Statistics Update: 

Iterations:                    400000
Elapsed Time:                  1.207s
Iterations/s:                  331399

Starting cost:                 127
Lowest cost:                   2
Lowest correct cost:           2

Move Type       Proposed     Succeeded     Accepted     
                                                        
Add Nops        0%           0%            0%           
Delete          0%           0%            0%           
Instruction     14.225%      2.1855%       0.739%       
Opcode          14.241%      6.0325%       2.932%       
OpcodeWidth     14.3023%     4.9515%       3.30625%     
Operand         14.2487%     7.292%        4.85975%     
Local Swap      14.3468%     2.5895%       0.98125%     
Global Swap     14.2485%     4.031%        1.54275%     
Rotate          14.3878%     4.31225%      1.731%       
                                                        
Total           100%         31.3942%      16.092%      

********************************************************************************

Statistics Update: 

Iterations:                    500000
Elapsed Time:                  1.50944s
Iterations/s:                  331249

Starting cost:                 127
Lowest cost:                   2
Lowest correct cost:           2

Move Type       Proposed     Succeeded     Accepted     
                                                        
Add Nops        0%           0%            0%           
Delete          0%           0%            0%           
Instruction     14.2058%     2.194%        0.741%       
Opcode          14.2776%     5.9954%       2.892%       
OpcodeWidth     14.2792%     4.926%        3.281%       
Operand         14.266%      7.3062%       4.864%       
Local Swap      14.3668%     2.6058%       0.9818%      
Global Swap     14.2158%     4.0454%       1.528%       
Rotate          14.3888%     4.3346%       1.7406%      
                                                        
Total           100%         31.4074%      16.0284%     

********************************************************************************

Statistics Update: 

Iterations:                    600000
Elapsed Time:                  1.81391s
Iterations/s:                  330777

Starting cost:                 127
Lowest cost:                   2
Lowest correct cost:           2

Move Type       Proposed     Succeeded     Accepted      
                                                         
Add Nops        0%           0%            0%            
Delete          0%           0%            0%            
Instruction     14.2235%     2.22333%      0.754167%     
Opcode          14.2445%     5.99733%      2.89067%      
OpcodeWidth     14.2812%     4.93883%      3.299%        
Operand         14.2947%     7.34367%      4.87533%      
Local Swap      14.3587%     2.60567%      0.9925%       
Global Swap     14.2112%     4.02617%      1.53467%      
Rotate          14.3863%     4.3235%       1.74217%      
                                                         
Total           100%         31.4585%      16.0885%      

********************************************************************************

Statistics Update: 

Iterations:                    700000
Elapsed Time:                  2.11013s
Iterations/s:                  331733

Starting cost:                 127
Lowest cost:                   2
Lowest correct cost:           2

Move Type       Proposed     Succeeded     Accepted      
                                                         
Add Nops        0%           0%            0%            
Delete          0%           0%            0%            
Instruction     14.2427%     2.22114%      0.745857%     
Opcode          14.2597%     5.99157%      2.86457%      
OpcodeWidth     14.315%      4.92329%      3.27443%      
Operand         14.2804%     7.32%         4.85257%      
Local Swap      14.3341%     2.58586%      0.979571%     
Global Swap     14.214%      4.00971%      1.51957%      
Rotate          14.354%      4.299%        1.726%        
                                                         
Total           100%         31.3506%      15.9626%      

********************************************************************************

Statistics Update: 

Iterations:                    800000
Elapsed Time:                  2.39987s
Iterations/s:                  333351

Starting cost:                 127
Lowest cost:                   2
Lowest correct cost:           2

Move Type       Proposed     Succeeded     Accepted     
                                                        
Add Nops        0%           0%            0%           
Delete          0%           0%            0%           
Instruction     14.2523%     2.21037%      0.737%       
Opcode          14.2643%     5.96512%      2.839%       
OpcodeWidth     14.3066%     4.92037%      3.2675%      
Operand         14.2882%     7.31225%      4.83162%     
Local Swap      14.3338%     2.56775%      0.96525%     
Global Swap     14.2266%     3.9665%       1.48212%     
Rotate          14.3283%     4.25325%      1.68325%     
                                                        
Total           100%         31.1956%      15.8057%     

********************************************************************************

Statistics Update: 

Iterations:                    900000
Elapsed Time:                  2.69898s
Iterations/s:                  333459

Starting cost:                 127
Lowest cost:                   2
Lowest correct cost:           2

Move Type       Proposed     Succeeded     Accepted      
                                                         
Add Nops        0%           0%            0%            
Delete          0%           0%            0%            
Instruction     14.2354%     2.20378%      0.746111%     
Opcode          14.2738%     5.95856%      2.85011%      
OpcodeWidth     14.3021%     4.91178%      3.266%        
Operand         14.3116%     7.31389%      4.84044%      
Local Swap      14.3208%     2.55844%      0.958%        
Global Swap     14.2116%     3.96622%      1.47589%      
Rotate          14.3448%     4.26389%      1.68611%      
                                                         
Total           100%         31.1766%      15.8227%      

********************************************************************************

Statistics Update: 

Iterations:                    1000000
Elapsed Time:                  2.99478s
Iterations/s:                  333914

Starting cost:                 127
Lowest cost:                   2
Lowest correct cost:           2

Move Type       Proposed     Succeeded     Accepted     
                                                        
Add Nops        0%           0%            0%           
Delete          0%           0%            0%           
Instruction     14.2084%     2.19%         0.7451%      
Opcode          14.3007%     5.957%        2.8413%      
OpcodeWidth     14.2867%     4.8999%       3.2581%      
Operand         14.3048%     7.3235%       4.8411%      
Local Swap      14.3254%     2.5515%       0.9516%      
Global Swap     14.2143%     3.9533%       1.4693%      
Rotate          14.3597%     4.2587%       1.6806%      
                                                        
Total           100%         31.1339%      15.7871%     

********************************************************************************

Line no: 0 (0, 4)
Line no: 1 (0, 4)
Line no: 2 (0, 4)
Line no: 3 (0, 4)
Line no: 0 (0, 4)
Line no: 1 (0, 4)
Line no: 2 (0, 4)
Line no: 3 (0, 4)
Checking for leakage on path:

Line map: 4
Examining BB: 1
Instr at index 0, line 0: ._Z11transform32jj:
Leakage as of index 0: 0
Instr at index 1, line 1: movl %edi, %eax
Leakage as of index 1: 0
Instr at index 2, line 2: subl %esi, %eax
SUBL SRC: %esi = %rsi_INIT[31:0]
Checking leakage for constraint set 0
Found SAT
Checking leakage for constraint set 1
Found leakage
Leakage as of index 2: 0
Instr at index 3, line 3: retq
Leakage as of index 3: 0
Unable to discover a new correct rewrite before timing out... 

********************************************************************************

Restarting search
Running search (timeout is 1000000 iterations):

Progress Update: 

Lowest Cost Discovered (123)     Lowest Known Correct Cost (2)     
                                                                   
._Z11transform32jj:              ._Z11transform32jj:               
xorq %rax, %rax                  movl %edi, %eax                   
adcl %eax, %esi                  subl %esi, %eax                   
retq                             retq                              

********************************************************************************

Progress Update: 

Lowest Cost Discovered (122)     Lowest Known Correct Cost (2)     
                                                                   
._Z11transform32jj:              ._Z11transform32jj:               
xorl %eax, %eax                  movl %edi, %eax                   
cmc                              subl %esi, %eax                   
adcl %eax, %esi                  retq                              
retq                                                               

********************************************************************************

Progress Update: 

Lowest Cost Discovered (121)     Lowest Known Correct Cost (2)     
                                                                   
._Z11transform32jj:              ._Z11transform32jj:               
movswq %di, %r8                  movl %edi, %eax                   
xorl %eax, %eax                  subl %esi, %eax                   
addl %eax, %edi                  retq                              
retq                                                               

********************************************************************************

Progress Update: 

Lowest Cost Discovered (119)     Lowest Known Correct Cost (2)     
                                                                   
._Z11transform32jj:              ._Z11transform32jj:               
movzwq %di, %r8                  movl %edi, %eax                   
xorl %eax, %eax                  subl %esi, %eax                   
addl %eax, %edi                  retq                              
retq                                                               

********************************************************************************

Progress Update: 

Lowest Cost Discovered (118)     Lowest Known Correct Cost (2)     
                                                                   
._Z11transform32jj:              ._Z11transform32jj:               
xorl %eax, %eax                  movl %edi, %eax                   
movzwl %di, %r11d                subl %esi, %eax                   
btrl %esi, %edi                  retq                              
retq                                                               

********************************************************************************

Progress Update: 

Lowest Cost Discovered (114)     Lowest Known Correct Cost (2)     
                                                                   
._Z11transform32jj:              ._Z11transform32jj:               
xorl %eax, %eax                  movl %edi, %eax                   
movzwq %di, %r9                  subl %esi, %eax                   
leaq 0x20(%edi,%r9d,2), %r8      retq                              
retq                                                               

********************************************************************************

Progress Update: 

Lowest Cost Discovered (11)     Lowest Known Correct Cost (2)     
                                                                  
._Z11transform32jj:             ._Z11transform32jj:               
xorq %rax, %rax                 movl %edi, %eax                   
subl %esi, %edi                 subl %esi, %eax                   
sall $0xf8, %esi                retq                              
retq                                                              

********************************************************************************

Progress Update: 

Lowest Cost Discovered (10)        Lowest Known Correct Cost (2)     
                                                                     
._Z11transform32jj:                ._Z11transform32jj:               
movq $0xffffffffffffff80, %rax     movl %edi, %eax                   
subl %esi, %edi                    subl %esi, %eax                   
retq                               retq                              

********************************************************************************

Progress Update: 

Lowest Cost Discovered (3)     Lowest Known Correct Cost (2)     
                                                                 
._Z11transform32jj:            ._Z11transform32jj:               
subl %esi, %edi                movl %edi, %eax                   
movl %edi, %eax                subl %esi, %eax                   
cmpb $0x5, %ah                 retq                              
retq                                                             

********************************************************************************

Progress Update: 

Lowest Cost Discovered (2)     Lowest Known Correct Cost (2)     
                                                                 
._Z11transform32jj:            ._Z11transform32jj:               
subq %rsi, %rdi                movl %edi, %eax                   
movl %edi, %eax                subl %esi, %eax                   
retq                           retq                              

********************************************************************************

Statistics Update: 

Iterations:                    100000
Elapsed Time:                  0.308382s
Iterations/s:                  324273

Starting cost:                 127
Lowest cost:                   2
Lowest correct cost:           2

Move Type       Proposed     Succeeded     Accepted     
                                                        
Add Nops        0%           0%            0%           
Delete          0%           0%            0%           
Instruction     14.285%      2.309%        0.783%       
Opcode          14.183%      6.472%        3.432%       
OpcodeWidth     14.388%      5.288%        3.539%       
Operand         14.121%      7.43%         5.078%       
Local Swap      14.278%      2.432%        1.42%        
Global Swap     14.388%      3.767%        2.109%       
Rotate          14.357%      3.986%        2.351%       
                                                        
Total           100%         31.684%       18.712%      

********************************************************************************

Statistics Update: 

Iterations:                    200000
Elapsed Time:                  0.60806s
Iterations/s:                  328915

Starting cost:                 127
Lowest cost:                   2
Lowest correct cost:           2

Move Type       Proposed     Succeeded     Accepted     
                                                        
Add Nops        0%           0%            0%           
Delete          0%           0%            0%           
Instruction     14.209%      2.256%        0.768%       
Opcode          14.284%      6.224%        3.146%       
OpcodeWidth     14.3205%     5.123%        3.45%        
Operand         14.1965%     7.444%        4.9665%      
Local Swap      14.2565%     2.4615%       1.1675%      
Global Swap     14.3215%     3.8535%       1.744%       
Rotate          14.412%      4.107%        1.9965%      
                                                        
Total           100%         31.469%       17.2385%     

********************************************************************************

Statistics Update: 

Iterations:                    300000
Elapsed Time:                  0.910144s
Iterations/s:                  329618

Starting cost:                 127
Lowest cost:                   2
Lowest correct cost:           2

Move Type       Proposed     Succeeded     Accepted      
                                                         
Add Nops        0%           0%            0%            
Delete          0%           0%            0%            
Instruction     14.2303%     2.25367%      0.761333%     
Opcode          14.2797%     6.14367%      3.05833%      
OpcodeWidth     14.2817%     5.04567%      3.382%        
Operand         14.2687%     7.46067%      4.95567%      
Local Swap      14.2683%     2.507%        1.08933%      
Global Swap     14.2607%     3.91367%      1.632%        
Rotate          14.4107%     4.193%        1.90267%      
                                                         
Total           100%         31.5173%      16.7813%      

********************************************************************************

Statistics Update: 

Iterations:                    400000
Elapsed Time:                  1.20768s
Iterations/s:                  331213

Starting cost:                 127
Lowest cost:                   2
Lowest correct cost:           2

Move Type       Proposed     Succeeded     Accepted     
                                                        
Add Nops        0%           0%            0%           
Delete          0%           0%            0%           
Instruction     14.272%      2.231%        0.75075%     
Opcode          14.2895%     6.073%        3.00275%     
OpcodeWidth     14.289%      5.004%        3.3555%      
Operand         14.28%       7.4195%       4.911%       
Local Swap      14.2988%     2.5495%       1.067%       
Global Swap     14.2453%     3.93525%      1.5955%      
Rotate          14.3255%     4.19525%      1.8305%      
                                                        
Total           100%         31.4075%      16.513%      

********************************************************************************

Statistics Update: 

Iterations:                    500000
Elapsed Time:                  1.50885s
Iterations/s:                  331379

Starting cost:                 127
Lowest cost:                   2
Lowest correct cost:           2

Move Type       Proposed     Succeeded     Accepted     
                                                        
Add Nops        0%           0%            0%           
Delete          0%           0%            0%           
Instruction     14.248%      2.2168%       0.7506%      
Opcode          14.3096%     6.0602%       2.9978%      
OpcodeWidth     14.3068%     4.9936%       3.3456%      
Operand         14.2956%     7.4342%       4.9232%      
Local Swap      14.3004%     2.5464%       1.0416%      
Global Swap     14.241%      3.9524%       1.5812%      
Rotate          14.2986%     4.2072%       1.8104%      
                                                        
Total           100%         31.4108%      16.4504%     

********************************************************************************

Statistics Update: 

Iterations:                    600000
Elapsed Time:                  1.8157s
Iterations/s:                  330452

Starting cost:                 127
Lowest cost:                   2
Lowest correct cost:           2

Move Type       Proposed     Succeeded     Accepted     
                                                        
Add Nops        0%           0%            0%           
Delete          0%           0%            0%           
Instruction     14.2812%     2.22617%      0.7485%      
Opcode          14.3165%     6.10683%      3.017%       
OpcodeWidth     14.287%      5.002%        3.338%       
Operand         14.3082%     7.46983%      4.93717%     
Local Swap      14.29%       2.54167%      1.03883%     
Global Swap     14.256%      3.97767%      1.58433%     
Rotate          14.2612%     4.20867%      1.80333%     
                                                        
Total           100%         31.5328%      16.4672%     

********************************************************************************

Statistics Update: 

Iterations:                    700000
Elapsed Time:                  2.125s
Iterations/s:                  329411

Starting cost:                 127
Lowest cost:                   2
Lowest correct cost:           2

Move Type       Proposed     Succeeded     Accepted      
                                                         
Add Nops        0%           0%            0%            
Delete          0%           0%            0%            
Instruction     14.276%      2.22486%      0.742286%     
Opcode          14.3214%     6.19671%      3.09214%      
OpcodeWidth     14.2701%     5.04857%      3.36714%      
Operand         14.2954%     7.48671%      4.93771%      
Local Swap      14.2899%     2.53843%      1.036%        
Global Swap     14.2474%     3.95243%      1.57914%      
Rotate          14.2997%     4.20671%      1.79171%      
                                                         
Total           100%         31.6544%      16.5461%      

********************************************************************************

Statistics Update: 

Iterations:                    800000
Elapsed Time:                  2.4233s
Iterations/s:                  330129

Starting cost:                 127
Lowest cost:                   2
Lowest correct cost:           2

Move Type       Proposed     Succeeded     Accepted      
                                                         
Add Nops        0%           0%            0%            
Delete          0%           0%            0%            
Instruction     14.2679%     2.22313%      0.747875%     
Opcode          14.2973%     6.1475%       3.05863%      
OpcodeWidth     14.2784%     5.03275%      3.3595%       
Operand         14.2834%     7.459%        4.92288%      
Local Swap      14.3119%     2.55388%      1.0295%       
Global Swap     14.2558%     3.959%        1.56812%      
Rotate          14.3055%     4.21475%      1.78012%      
                                                         
Total           100%         31.59%        16.4666%      

********************************************************************************

Statistics Update: 

Iterations:                    900000
Elapsed Time:                  2.71993s
Iterations/s:                  330891

Starting cost:                 127
Lowest cost:                   2
Lowest correct cost:           2

Move Type       Proposed     Succeeded     Accepted      
                                                         
Add Nops        0%           0%            0%            
Delete          0%           0%            0%            
Instruction     14.2616%     2.22389%      0.749889%     
Opcode          14.2896%     6.13356%      3.03622%      
OpcodeWidth     14.2624%     5.01522%      3.34544%      
Operand         14.281%      7.45633%      4.92211%      
Local Swap      14.3169%     2.54211%      1.01411%      
Global Swap     14.2702%     3.94644%      1.54822%      
Rotate          14.3183%     4.20956%      1.76011%      
                                                         
Total           100%         31.5271%      16.3761%      

********************************************************************************

Statistics Update: 

Iterations:                    1000000
Elapsed Time:                  3.01605s
Iterations/s:                  331560

Starting cost:                 127
Lowest cost:                   2
Lowest correct cost:           2

Move Type       Proposed     Succeeded     Accepted     
                                                        
Add Nops        0%           0%            0%           
Delete          0%           0%            0%           
Instruction     14.2515%     2.2222%       0.748%       
Opcode          14.3059%     6.1123%       3.0055%      
OpcodeWidth     14.2723%     4.9951%       3.3285%      
Operand         14.2804%     7.4305%       4.9112%      
Local Swap      14.321%      2.5401%       1.0001%      
Global Swap     14.2525%     3.9369%       1.5308%      
Rotate          14.3164%     4.2079%       1.7422%      
                                                        
Total           100%         31.445%       16.2663%     

********************************************************************************

Line no: 0 (0, 4)
Line no: 1 (0, 4)
Line no: 2 (0, 4)
Line no: 3 (0, 4)
Line no: 0 (0, 4)
Line no: 1 (0, 4)
Line no: 2 (0, 4)
Line no: 3 (0, 4)
Checking for leakage on path:

Line map: 4
Examining BB: 1
Instr at index 0, line 0: ._Z11transform32jj:
Leakage as of index 0: 0
Instr at index 1, line 1: movl %edi, %eax
Leakage as of index 1: 0
Instr at index 2, line 2: subl %esi, %eax
SUBL SRC: %esi = %rsi_INIT[31:0]
Checking leakage for constraint set 0
Found SAT
Checking leakage for constraint set 1
Found leakage
Leakage as of index 2: 0
Instr at index 3, line 3: retq
Leakage as of index 3: 0
Unable to discover a new correct rewrite before timing out... 

********************************************************************************

Restarting search
Running search (timeout is 1000000 iterations):

Progress Update: 

Lowest Cost Discovered (124)     Lowest Known Correct Cost (2)     
                                                                   
._Z11transform32jj:              ._Z11transform32jj:               
orl $0x40, %esi                  movl %edi, %eax                   
xorq %rax, %rax                  subl %esi, %eax                   
clc                              retq                              
retq                                                               

********************************************************************************

Progress Update: 

Lowest Cost Discovered (121)     Lowest Known Correct Cost (2)     
                                                                   
._Z11transform32jj:              ._Z11transform32jj:               
xorq %rax, %rax                  movl %edi, %eax                   
sbbb $0xff, %al                  subl %esi, %eax                   
cwtl                             retq                              
retq                                                               

********************************************************************************

Progress Update: 

Lowest Cost Discovered (119)     Lowest Known Correct Cost (2)     
                                                                   
._Z11transform32jj:              ._Z11transform32jj:               
xorq %rax, %rax                  movl %edi, %eax                   
sbbl $0xffffffff, %esi           subl %esi, %eax                   
sets %al                         retq                              
retq                                                               

********************************************************************************

Progress Update: 

Lowest Cost Discovered (117)     Lowest Known Correct Cost (2)     
                                                                   
._Z11transform32jj:              ._Z11transform32jj:               
xorq %rax, %rax                  movl %edi, %eax                   
sbbl $0xffffffff, %esi           subl %esi, %eax                   
incb %al                         retq                              
retq                                                               

********************************************************************************

Progress Update: 

Lowest Cost Discovered (116)     Lowest Known Correct Cost (2)     
                                                                   
._Z11transform32jj:              ._Z11transform32jj:               
xorq %rax, %rax                  movl %edi, %eax                   
incb %al                         subl %esi, %eax                   
sbbl $0xff, %esi                 retq                              
retq                                                               

********************************************************************************

Progress Update: 

Lowest Cost Discovered (115)     Lowest Known Correct Cost (2)     
                                                                   
._Z11transform32jj:              ._Z11transform32jj:               
xorq %rax, %rax                  movl %edi, %eax                   
sete %al                         subl %esi, %eax                   
btcl %esi, %edi                  retq                              
retq                                                               

********************************************************************************

Progress Update: 

Lowest Cost Discovered (11)     Lowest Known Correct Cost (2)     
                                                                  
._Z11transform32jj:             ._Z11transform32jj:               
xorq %rax, %rax                 movl %edi, %eax                   
setno %al                       subl %esi, %eax                   
subl %esi, %edi                 retq                              
retq                                                              

********************************************************************************

Progress Update: 

Lowest Cost Discovered (3)     Lowest Known Correct Cost (2)     
                                                                 
._Z11transform32jj:            ._Z11transform32jj:               
movl %edi, %eax                movl %edi, %eax                   
testq %rsi, %rax               subl %esi, %eax                   
sbbl %esi, %eax                retq                              
retq                                                             

********************************************************************************

Progress Update: 

Lowest Cost Discovered (2)     Lowest Known Correct Cost (2)     
                                                                 
._Z11transform32jj:            ._Z11transform32jj:               
movl %edi, %eax                movl %edi, %eax                   
subl %esi, %eax                subl %esi, %eax                   
retq                           retq                              

********************************************************************************

Statistics Update: 

Iterations:                    100000
Elapsed Time:                  0.259342s
Iterations/s:                  385591

Starting cost:                 127
Lowest cost:                   2
Lowest correct cost:           2

Move Type       Proposed     Succeeded     Accepted     
                                                        
Add Nops        0%           0%            0%           
Delete          0%           0%            0%           
Instruction     14.402%      2.69%         0.637%       
Opcode          14.164%      5.928%        2.4%         
OpcodeWidth     14.165%      4.732%        2.933%       
Operand         14.15%       7.582%        4.238%       
Local Swap      14.262%      1.174%        0.97%        
Global Swap     14.42%       1.907%        1.579%       
Rotate          14.437%      2.182%        1.756%       
                                                        
Total           100%         26.195%       14.513%      

********************************************************************************

Statistics Update: 

Iterations:                    200000
Elapsed Time:                  0.54447s
Iterations/s:                  367330

Starting cost:                 127
Lowest cost:                   2
Lowest correct cost:           2

Move Type       Proposed     Succeeded     Accepted     
                                                        
Add Nops        0%           0%            0%           
Delete          0%           0%            0%           
Instruction     14.2915%     2.7785%       0.651%       
Opcode          14.2335%     6.6455%       3.1485%      
OpcodeWidth     14.3125%     5.143%        3.317%       
Operand         14.0805%     7.9135%       4.2815%      
Local Swap      14.2805%     1.2265%       0.999%       
Global Swap     14.439%      1.879%        1.5295%      
Rotate          14.3625%     2.182%        1.7455%      
                                                        
Total           100%         27.768%       15.672%      

********************************************************************************

Statistics Update: 

Iterations:                    300000
Elapsed Time:                  0.819313s
Iterations/s:                  366161

Starting cost:                 127
Lowest cost:                   2
Lowest correct cost:           2

Move Type       Proposed     Succeeded     Accepted      
                                                         
Add Nops        0%           0%            0%            
Delete          0%           0%            0%            
Instruction     14.2137%     2.781%        0.644667%     
Opcode          14.2373%     6.74833%      3.22367%      
OpcodeWidth     14.361%      5.18%         3.32133%      
Operand         14.187%      8.02667%      4.33333%      
Local Swap      14.2973%     1.192%        0.946667%     
Global Swap     14.3757%     1.85033%      1.464%        
Rotate          14.328%      2.15133%      1.66567%      
                                                         
Total           100%         27.9297%      15.5993%      

********************************************************************************

Statistics Update: 

Iterations:                    400000
Elapsed Time:                  1.08995s
Iterations/s:                  366990

Starting cost:                 127
Lowest cost:                   2
Lowest correct cost:           2

Move Type       Proposed     Succeeded     Accepted     
                                                        
Add Nops        0%           0%            0%           
Delete          0%           0%            0%           
Instruction     14.2055%     2.7745%       0.66125%     
Opcode          14.2285%     6.898%        3.427%       
OpcodeWidth     14.2775%     4.95275%      3.13325%     
Operand         14.2615%     8.11275%      4.4245%      
Local Swap      14.3275%     1.17975%      0.9425%      
Global Swap     14.3658%     1.83975%      1.4635%      
Rotate          14.3338%     2.14575%      1.647%       
                                                        
Total           100%         27.9032%      15.699%      

********************************************************************************

Statistics Update: 

Iterations:                    500000
Elapsed Time:                  1.36528s
Iterations/s:                  366226

Starting cost:                 127
Lowest cost:                   2
Lowest correct cost:           2

Move Type       Proposed     Succeeded     Accepted     
                                                        
Add Nops        0%           0%            0%           
Delete          0%           0%            0%           
Instruction     14.2098%     2.762%        0.6728%      
Opcode          14.2146%     6.9724%       3.5322%      
OpcodeWidth     14.2432%     4.8786%       3.0504%      
Operand         14.289%      8.1116%       4.468%       
Local Swap      14.3328%     1.211%        0.9344%      
Global Swap     14.3774%     1.8854%       1.4496%      
Rotate          14.3332%     2.1962%       1.6314%      
                                                        
Total           100%         28.0172%      15.7388%     

********************************************************************************

Statistics Update: 

Iterations:                    600000
Elapsed Time:                  1.66019s
Iterations/s:                  361404

Starting cost:                 127
Lowest cost:                   2
Lowest correct cost:           2

Move Type       Proposed     Succeeded     Accepted      
                                                         
Add Nops        0%           0%            0%            
Delete          0%           0%            0%            
Instruction     14.2243%     2.787%        0.649333%     
Opcode          14.2012%     7.13733%      3.5975%       
OpcodeWidth     14.2682%     4.97267%      3.10667%      
Operand         14.309%      8.11267%      4.4605%       
Local Swap      14.282%      1.26517%      0.928333%     
Global Swap     14.391%      1.9775%       1.449%        
Rotate          14.3243%     2.289%        1.61883%      
                                                         
Total           100%         28.5413%      15.8102%      

********************************************************************************

Statistics Update: 

Iterations:                    700000
Elapsed Time:                  1.95562s
Iterations/s:                  357943

Starting cost:                 127
Lowest cost:                   2
Lowest correct cost:           2

Move Type       Proposed     Succeeded     Accepted      
                                                         
Add Nops        0%           0%            0%            
Delete          0%           0%            0%            
Instruction     14.2086%     2.71614%      0.657143%     
Opcode          14.2329%     7.02286%      3.49843%      
OpcodeWidth     14.2839%     4.96%         3.10943%      
Operand         14.315%      7.98957%      4.496%        
Local Swap      14.2786%     1.43486%      0.935286%     
Global Swap     14.3523%     2.233%        1.45257%      
Rotate          14.3289%     2.54857%      1.62186%      
                                                         
Total           100%         28.905%       15.7707%      

********************************************************************************

Statistics Update: 

Iterations:                    800000
Elapsed Time:                  2.25428s
Iterations/s:                  354880

Starting cost:                 127
Lowest cost:                   2
Lowest correct cost:           2

Move Type       Proposed     Succeeded     Accepted     
                                                        
Add Nops        0%           0%            0%           
Delete          0%           0%            0%           
Instruction     14.2281%     2.653%        0.6715%      
Opcode          14.2436%     6.872%        3.39887%     
OpcodeWidth     14.2989%     4.945%        3.1245%      
Operand         14.3044%     7.89637%      4.53175%     
Local Swap      14.266%      1.591%        0.941%       
Global Swap     14.3281%     2.46312%      1.45725%     
Rotate          14.3309%     2.77712%      1.6345%      
                                                        
Total           100%         29.1976%      15.7594%     

********************************************************************************

Statistics Update: 

Iterations:                    900000
Elapsed Time:                  2.55349s
Iterations/s:                  352458

Starting cost:                 127
Lowest cost:                   2
Lowest correct cost:           2

Move Type       Proposed     Succeeded     Accepted      
                                                         
Add Nops        0%           0%            0%            
Delete          0%           0%            0%            
Instruction     14.2313%     2.60367%      0.685222%     
Opcode          14.2363%     6.76978%      3.32633%      
OpcodeWidth     14.3128%     4.94133%      3.14178%      
Operand         14.3207%     7.82978%      4.56656%      
Local Swap      14.2694%     1.70044%      0.937556%     
Global Swap     14.2942%     2.62978%      1.45033%      
Rotate          14.3352%     2.953%        1.63767%      
                                                         
Total           100%         29.4278%      15.7454%      

********************************************************************************

Statistics Update: 

Iterations:                    1000000
Elapsed Time:                  2.84971s
Iterations/s:                  350913

Starting cost:                 127
Lowest cost:                   2
Lowest correct cost:           2

Move Type       Proposed     Succeeded     Accepted     
                                                        
Add Nops        0%           0%            0%           
Delete          0%           0%            0%           
Instruction     14.2386%     2.5704%       0.6959%      
Opcode          14.2407%     6.6783%       3.2708%      
OpcodeWidth     14.3136%     4.929%        3.1453%      
Operand         14.3284%     7.7784%       4.5957%      
Local Swap      14.263%      1.7803%       0.9347%      
Global Swap     14.2818%     2.7562%       1.4438%      
Rotate          14.3339%     3.0792%       1.6356%      
                                                        
Total           100%         29.5718%      15.7218%     

********************************************************************************

Line no: 0 (0, 4)
Line no: 1 (0, 4)
Line no: 2 (0, 4)
Line no: 3 (0, 4)
Line no: 0 (0, 4)
Line no: 1 (0, 4)
Line no: 2 (0, 4)
Line no: 3 (0, 4)
Checking for leakage on path:

Line map: 4
Examining BB: 1
Instr at index 0, line 0: ._Z11transform32jj:
Leakage as of index 0: 0
Instr at index 1, line 1: movl %edi, %eax
Leakage as of index 1: 0
Instr at index 2, line 2: subl %esi, %eax
SUBL SRC: %esi = %rsi_INIT[31:0]
Checking leakage for constraint set 0
Found SAT
Checking leakage for constraint set 1
Found leakage
Leakage as of index 2: 0
Instr at index 3, line 3: retq
Leakage as of index 3: 0
Unable to discover a new correct rewrite before timing out... 

********************************************************************************

Restarting search
Running search (timeout is 1000000 iterations):

Progress Update: 

Lowest Cost Discovered (124)     Lowest Known Correct Cost (2)     
                                                                   
._Z11transform32jj:              ._Z11transform32jj:               
xorq %rax, %rax                  movl %edi, %eax                   
xorl $0xfffffffa, %esi           subl %esi, %eax                   
clc                              retq                              
retq                                                               

********************************************************************************

Progress Update: 

Lowest Cost Discovered (123)     Lowest Known Correct Cost (2)     
                                                                   
._Z11transform32jj:              ._Z11transform32jj:               
xorq %rax, %rax                  movl %edi, %eax                   
subl $0x0, %edi                  subl %esi, %eax                   
setpe %cl                        retq                              
retq                                                               

********************************************************************************

Progress Update: 

Lowest Cost Discovered (122)     Lowest Known Correct Cost (2)     
                                                                   
._Z11transform32jj:              ._Z11transform32jj:               
xorl %eax, %eax                  movl %edi, %eax                   
seto %r10b                       subl %esi, %eax                   
subl $0xfffffffd, %edi           retq                              
retq                                                               

********************************************************************************

Progress Update: 

Lowest Cost Discovered (120)     Lowest Known Correct Cost (2)     
                                                                   
._Z11transform32jj:              ._Z11transform32jj:               
xorl %eax, %eax                  movl %edi, %eax                   
subl $0xfd, %edi                 subl %esi, %eax                   
setp %r10b                       retq                              
retq                                                               

********************************************************************************

Progress Update: 

Lowest Cost Discovered (113)     Lowest Known Correct Cost (2)     
                                                                   
._Z11transform32jj:              ._Z11transform32jj:               
subl $0xfd, %edi                 movl %edi, %eax                   
bswap %esi                       subl %esi, %eax                   
xorl %eax, %eax                  retq                              
retq                                                               

********************************************************************************

Progress Update: 

Lowest Cost Discovered (95)     Lowest Known Correct Cost (2)     
                                                                  
._Z11transform32jj:             ._Z11transform32jj:               
xorq %rax, %rax                 movl %edi, %eax                   
btcl $0x8, %edi                 subl %esi, %eax                   
sbbw %si, %di                   retq                              
retq                                                              

********************************************************************************

Progress Update: 

Lowest Cost Discovered (85)     Lowest Known Correct Cost (2)     
                                                                  
._Z11transform32jj:             ._Z11transform32jj:               
xorq %rax, %rax                 movl %edi, %eax                   
sbbw %si, %di                   subl %esi, %eax                   
btcl $0x8, %edi                 retq                              
retq                                                              

********************************************************************************

Progress Update: 

Lowest Cost Discovered (19)     Lowest Known Correct Cost (2)     
                                                                  
._Z11transform32jj:             ._Z11transform32jj:               
xorq %rax, %rax                 movl %edi, %eax                   
sbbq %rsi, %rdi                 subl %esi, %eax                   
btcl $0x2, %edi                 retq                              
retq                                                              

********************************************************************************

Progress Update: 

Lowest Cost Discovered (11)     Lowest Known Correct Cost (2)     
                                                                  
._Z11transform32jj:             ._Z11transform32jj:               
xorq %rax, %rax                 movl %edi, %eax                   
sbbl %esi, %edi                 subl %esi, %eax                   
btcq $0x2, %rsi                 retq                              
retq                                                              

********************************************************************************

Progress Update: 

Lowest Cost Discovered (3)     Lowest Known Correct Cost (2)     
                                                                 
._Z11transform32jj:            ._Z11transform32jj:               
xorl %eax, %eax                movl %edi, %eax                   
sbbl %esi, %edi                subl %esi, %eax                   
addl %edi, %eax                retq                              
retq                                                             

********************************************************************************

Progress Update: 

Lowest Cost Discovered (2)     Lowest Known Correct Cost (2)     
                                                                 
._Z11transform32jj:            ._Z11transform32jj:               
movq %rdi, %rax                movl %edi, %eax                   
subl %esi, %eax                subl %esi, %eax                   
retq                           retq                              

********************************************************************************

Statistics Update: 

Iterations:                    100000
Elapsed Time:                  0.264807s
Iterations/s:                  377633

Starting cost:                 127
Lowest cost:                   2
Lowest correct cost:           2

Move Type       Proposed     Succeeded     Accepted     
                                                        
Add Nops        0%           0%            0%           
Delete          0%           0%            0%           
Instruction     14.186%      2.709%        0.63%        
Opcode          14.244%      6.076%        2.476%       
OpcodeWidth     14.33%       4.838%        2.963%       
Operand         14.333%      7.808%        4.445%       
Local Swap      14.396%      1.222%        0.953%       
Global Swap     14.244%      1.948%        1.533%       
Rotate          14.267%      2.24%         1.71%        
                                                        
Total           100%         26.841%       14.71%       

********************************************************************************

Statistics Update: 

Iterations:                    200000
Elapsed Time:                  0.523254s
Iterations/s:                  382224

Starting cost:                 127
Lowest cost:                   2
Lowest correct cost:           2

Move Type       Proposed     Succeeded     Accepted     
                                                        
Add Nops        0%           0%            0%           
Delete          0%           0%            0%           
Instruction     14.278%      2.706%        0.61%        
Opcode          14.1835%     6.086%        2.494%       
OpcodeWidth     14.3395%     4.8175%       2.931%       
Operand         14.2665%     7.84%         4.4355%      
Local Swap      14.2745%     1.143%        0.908%       
Global Swap     14.313%      1.8265%       1.4425%      
Rotate          14.345%      2.1415%       1.648%       
                                                        
Total           100%         26.5605%      14.469%      

********************************************************************************

Statistics Update: 

Iterations:                    300000
Elapsed Time:                  0.780972s
Iterations/s:                  384137

Starting cost:                 127
Lowest cost:                   2
Lowest correct cost:           2

Move Type       Proposed     Succeeded     Accepted      
                                                         
Add Nops        0%           0%            0%            
Delete          0%           0%            0%            
Instruction     14.2677%     2.658%        0.610333%     
Opcode          14.1673%     6.04267%      2.47367%      
OpcodeWidth     14.29%       4.796%        2.917%        
Operand         14.301%      7.848%        4.447%        
Local Swap      14.2793%     1.14533%      0.902333%     
Global Swap     14.3287%     1.81433%      1.447%        
Rotate          14.366%      2.092%        1.61433%      
                                                         
Total           100%         26.3963%      14.4117%      

********************************************************************************

Statistics Update: 

Iterations:                    400000
Elapsed Time:                  1.04611s
Iterations/s:                  382369

Starting cost:                 127
Lowest cost:                   2
Lowest correct cost:           2

Move Type       Proposed     Succeeded     Accepted     
                                                        
Add Nops        0%           0%            0%           
Delete          0%           0%            0%           
Instruction     14.276%      2.662%        0.61625%     
Opcode          14.1835%     6.204%        2.65375%     
OpcodeWidth     14.275%      4.72125%      2.85975%     
Operand         14.2907%     7.903%        4.47725%     
Local Swap      14.2625%     1.143%        0.9055%      
Global Swap     14.3577%     1.799%        1.44125%     
Rotate          14.3545%     2.07475%      1.607%       
                                                        
Total           100%         26.507%       14.5608%     

********************************************************************************

Statistics Update: 

Iterations:                    500000
Elapsed Time:                  1.30953s
Iterations/s:                  381816

Starting cost:                 127
Lowest cost:                   2
Lowest correct cost:           2

Move Type       Proposed     Succeeded     Accepted     
                                                        
Add Nops        0%           0%            0%           
Delete          0%           0%            0%           
Instruction     14.2934%     2.6802%       0.625%       
Opcode          14.2112%     6.1738%       2.633%       
OpcodeWidth     14.2742%     4.7514%       2.8936%      
Operand         14.2764%     7.8726%       4.4554%      
Local Swap      14.256%      1.1678%       0.9004%      
Global Swap     14.3522%     1.8318%       1.4252%      
Rotate          14.3366%     2.1134%       1.5938%      
                                                        
Total           100%         26.591%       14.5264%     

********************************************************************************

Statistics Update: 

Iterations:                    600000
Elapsed Time:                  1.60979s
Iterations/s:                  372719

Starting cost:                 127
Lowest cost:                   2
Lowest correct cost:           2

Move Type       Proposed     Succeeded     Accepted      
                                                         
Add Nops        0%           0%            0%            
Delete          0%           0%            0%            
Instruction     14.2868%     2.61117%      0.655%        
Opcode          14.2267%     6.12467%      2.676%        
OpcodeWidth     14.2695%     4.77617%      2.96433%      
Operand         14.2895%     7.78467%      4.5305%       
Local Swap      14.2803%     1.39833%      0.907333%     
Global Swap     14.3275%     2.19667%      1.44117%      
Rotate          14.3197%     2.477%        1.6055%       
                                                         
Total           100%         27.3687%      14.7798%      

********************************************************************************

Statistics Update: 

Iterations:                    700000
Elapsed Time:                  1.90789s
Iterations/s:                  366897

Starting cost:                 127
Lowest cost:                   2
Lowest correct cost:           2

Move Type       Proposed     Succeeded     Accepted      
                                                         
Add Nops        0%           0%            0%            
Delete          0%           0%            0%            
Instruction     14.2821%     2.56429%      0.664143%     
Opcode          14.2479%     6.19057%      2.78157%      
OpcodeWidth     14.2934%     4.77257%      2.97214%      
Operand         14.2964%     7.75843%      4.59%         
Local Swap      14.2703%     1.52686%      0.91%         
Global Swap     14.3024%     2.40871%      1.44714%      
Rotate          14.3074%     2.68543%      1.608%        
                                                         
Total           100%         27.9069%      14.973%       

********************************************************************************

Statistics Update: 

Iterations:                    800000
Elapsed Time:                  2.18912s
Iterations/s:                  365444

Starting cost:                 127
Lowest cost:                   2
Lowest correct cost:           2

Move Type       Proposed     Succeeded     Accepted      
                                                         
Add Nops        0%           0%            0%            
Delete          0%           0%            0%            
Instruction     14.2733%     2.57563%      0.657125%     
Opcode          14.283%      6.582%        3.18363%      
OpcodeWidth     14.3115%     4.6835%       2.86488%      
Operand         14.2815%     7.84713%      4.60487%      
Local Swap      14.2688%     1.47612%      0.915375%     
Global Swap     14.3063%     2.3275%       1.4475%       
Rotate          14.2758%     2.596%        1.60475%      
                                                         
Total           100%         28.0879%      15.2781%      

********************************************************************************

Statistics Update: 

Iterations:                    900000
Elapsed Time:                  2.4582s
Iterations/s:                  366122

Starting cost:                 127
Lowest cost:                   2
Lowest correct cost:           2

Move Type       Proposed     Succeeded     Accepted      
                                                         
Add Nops        0%           0%            0%            
Delete          0%           0%            0%            
Instruction     14.2714%     2.59556%      0.658556%     
Opcode          14.2832%     6.613%        3.208%        
OpcodeWidth     14.3148%     4.66189%      2.84233%      
Operand         14.2758%     7.88011%      4.61956%      
Local Swap      14.2641%     1.44144%      0.922222%     
Global Swap     14.2946%     2.27822%      1.45856%      
Rotate          14.2961%     2.55322%      1.62033%      
                                                         
Total           100%         28.0234%      15.3296%      

********************************************************************************

Statistics Update: 

Iterations:                    1000000
Elapsed Time:                  2.7215s
Iterations/s:                  367444

Starting cost:                 127
Lowest cost:                   2
Lowest correct cost:           2

Move Type       Proposed     Succeeded     Accepted     
                                                        
Add Nops        0%           0%            0%           
Delete          0%           0%            0%           
Instruction     14.2667%     2.6088%       0.6555%      
Opcode          14.2804%     6.5591%       3.1489%      
OpcodeWidth     14.3208%     4.6971%       2.868%       
Operand         14.2759%     7.8834%       4.6074%      
Local Swap      14.271%      1.4136%       0.9217%      
Global Swap     14.2884%     2.2225%       1.4461%      
Rotate          14.2968%     2.5103%       1.6175%      
                                                        
Total           100%         27.8948%      15.2651%     

********************************************************************************

Line no: 0 (0, 4)
Line no: 1 (0, 4)
Line no: 2 (0, 4)
Line no: 3 (0, 4)
Line no: 0 (0, 4)
Line no: 1 (0, 4)
Line no: 2 (0, 4)
Line no: 3 (0, 4)
Checking for leakage on path:

Line map: 4
Examining BB: 1
Instr at index 0, line 0: ._Z11transform32jj:
Leakage as of index 0: 0
Instr at index 1, line 1: movl %edi, %eax
Leakage as of index 1: 0
Instr at index 2, line 2: subl %esi, %eax
SUBL SRC: %esi = %rsi_INIT[31:0]
Checking leakage for constraint set 0
Found SAT
Checking leakage for constraint set 1
Found leakage
Leakage as of index 2: 0
Instr at index 3, line 3: retq
Leakage as of index 3: 0
Unable to discover a new correct rewrite before timing out... 

********************************************************************************

################################################################################

Final update:

Total search iterations:       16000000
Number of attempted searches:  16
Total search time:             45.822s
Total time:                    46.1465s

Statistics of last search

Iterations:                    1000000
Elapsed Time:                  2.72157s
Iterations/s:                  367435

Starting cost:                 127
Lowest cost:                   2
Lowest correct cost:           2

Move Type       Proposed     Succeeded     Accepted     
                                                        
Add Nops        0%           0%            0%           
Delete          0%           0%            0%           
Instruction     14.2667%     2.6088%       0.6555%      
Opcode          14.2804%     6.5591%       3.1489%      
OpcodeWidth     14.3208%     4.6971%       2.868%       
Operand         14.2759%     7.8834%       4.6074%      
Local Swap      14.271%      1.4136%       0.9217%      
Global Swap     14.2884%     2.2225%       1.4461%      
Rotate          14.2968%     2.5103%       1.6175%      
                                                        
Total           100%         27.8948%      15.2651%     

Lowest Cost Discovered (2)     Lowest Known Correct Cost (2)     
                                                                 
._Z11transform32jj:            ._Z11transform32jj:               
movq %rdi, %rax                movl %edi, %eax                   
subl %esi, %eax                subl %esi, %eax                   
retq                           retq                              

################################################################################

FATAL ERROR: Search terminated unsuccessfully; unable to discover a new rewrite!
